interaction_id,hunter_id,interaction_type,interaction_time,interaction_details
INT15302,1,Location Update,2025-04-05 09:23:08.124048,Check: Heart Rate - High
INT27616,2,Vital Check,2025-04-02 09:23:08.124096,Check: Heart Rate - High
INT39443,3,Advice,2025-04-07 09:23:08.124109,Check: Heart Rate - Normal
INT49292,4,Location Update,2025-04-02 09:23:08.124118,Check: Heart Rate - High
INT55182,5,Location Update,2025-04-16 09:23:08.124125,Location Update: Jungle
INT64569,6,Advice,2025-04-15 09:23:08.124131,Check: Heart Rate - Low
INT78098,7,Vital Check,2025-03-22 09:23:08.124139,Location Update: Jungle
INT81264,8,Location Update,2025-04-04 09:23:08.124145,Check: Heart Rate - Low
INT94379,9,Location Update,2025-04-19 09:23:08.124152,Check: Heart Rate - High
INT107123,10,Advice,2025-04-20 09:23:08.124158,Check: Heart Rate - High
INT115756,11,Location Update,2025-03-31 09:23:08.124165,Location Update: Jungle
INT122035,12,Vital Check,2025-04-02 09:23:08.124171,Location Update: Jungle
INT132816,13,Location Update,2025-04-06 09:23:08.124176,Location Update: Jungle
INT149068,14,Advice,2025-04-14 09:23:08.124181,Check: Heart Rate - Normal
INT159051,15,Location Update,2025-04-04 09:23:08.124186,Check: Heart Rate - High
INT164511,16,Vital Check,2025-03-25 09:23:08.124197,Check: Heart Rate - Normal
INT174101,17,Advice,2025-03-22 09:23:08.124203,Check: Heart Rate - Normal
INT183747,18,Location Update,2025-04-18 09:23:08.124210,Location Update: Jungle
INT194367,19,Advice,2025-04-09 09:23:08.124215,Location Update: Jungle
INT209175,20,Advice,2025-04-13 09:23:08.124220,Check: Heart Rate - Low
INT212845,21,Advice,2025-03-29 09:23:08.124225,Location Update: Jungle
INT228933,22,Vital Check,2025-03-30 09:23:08.124231,Location Update: Jungle
INT235734,23,Advice,2025-04-16 09:23:08.124235,Location Update: Jungle
INT249781,24,Advice,2025-03-25 09:23:08.124240,Location Update: Jungle
INT258579,25,Advice,2025-03-23 09:23:08.124245,Check: Heart Rate - High
INT263727,26,Location Update,2025-04-01 09:23:08.124251,Location Update: Jungle
INT278852,27,Vital Check,2025-04-04 09:23:08.124256,Location Update: Jungle
INT282647,28,Vital Check,2025-03-27 09:23:08.124262,Location Update: Jungle
INT293707,29,Advice,2025-04-19 09:23:08.124267,Check: Heart Rate - Low
INT302256,30,Location Update,2025-03-27 09:23:08.124272,Check: Heart Rate - Normal
INT316665,31,Vital Check,2025-04-07 09:23:08.124278,Location Update: Jungle
INT325947,32,Location Update,2025-03-24 09:23:08.124283,Location Update: Jungle
INT336898,33,Vital Check,2025-03-31 09:23:08.124290,Check: Heart Rate - High
INT341650,34,Location Update,2025-03-29 09:23:08.124296,Location Update: Jungle
INT353584,35,Vital Check,2025-04-18 09:23:08.124301,Check: Heart Rate - Normal
INT366813,36,Vital Check,2025-03-24 09:23:08.124306,Location Update: Jungle
INT375823,37,Location Update,2025-03-26 09:23:08.124311,Location Update: Jungle
INT389269,38,Advice,2025-03-26 09:23:08.124316,Check: Heart Rate - High
INT396994,39,Location Update,2025-04-11 09:23:08.124325,Location Update: Jungle
INT406737,40,Location Update,2025-03-28 09:23:08.124330,Location Update: Jungle
INT413108,41,Advice,2025-04-08 09:23:08.124335,Check: Heart Rate - Normal
INT426950,42,Advice,2025-04-17 09:23:08.124341,Location Update: Jungle
INT431299,43,Advice,2025-04-14 09:23:08.124346,Location Update: Jungle
INT448481,44,Advice,2025-04-06 09:23:08.124351,Location Update: Jungle
INT459408,45,Advice,2025-04-08 09:23:08.124356,Location Update: Jungle
INT468397,46,Advice,2025-04-11 09:23:08.124361,Check: Heart Rate - Normal
INT476706,47,Vital Check,2025-04-20 09:23:08.124366,Location Update: Jungle
INT485742,48,Location Update,2025-03-27 09:23:08.124372,Check: Heart Rate - High
INT497103,49,Location Update,2025-04-03 09:23:08.124378,Check: Heart Rate - High
INT507318,50,Advice,2025-03-29 09:23:08.124383,Check: Heart Rate - Normal
INT518510,51,Vital Check,2025-04-20 09:23:08.124389,Location Update: Jungle
INT524738,52,Vital Check,2025-04-01 09:23:08.124394,Location Update: Jungle
INT534537,53,Advice,2025-03-23 09:23:08.124398,Check: Heart Rate - Normal
INT548365,54,Advice,2025-04-14 09:23:08.124404,Location Update: Jungle
INT557667,55,Vital Check,2025-04-11 09:23:08.124409,Check: Heart Rate - Low
INT562636,56,Location Update,2025-03-26 09:23:08.124414,Check: Heart Rate - High
INT578319,57,Vital Check,2025-04-20 09:23:08.124420,Check: Heart Rate - High
INT583896,58,Advice,2025-04-20 09:23:08.124425,Location Update: Jungle
INT595475,59,Vital Check,2025-03-23 09:23:08.124430,Location Update: Jungle
INT606661,60,Advice,2025-04-07 09:23:08.124435,Check: Heart Rate - High
INT614440,61,Advice,2025-04-11 09:23:08.124440,Location Update: Jungle
INT625564,62,Advice,2025-03-23 09:23:08.124445,Location Update: Jungle
INT632742,63,Advice,2025-04-02 09:23:08.124450,Location Update: Jungle
INT644305,64,Advice,2025-04-02 09:23:08.124455,Location Update: Jungle
INT656906,65,Advice,2025-04-14 09:23:08.124463,Check: Heart Rate - Normal
INT663363,66,Vital Check,2025-04-14 09:23:08.124469,Check: Heart Rate - High
INT676006,67,Location Update,2025-04-01 09:23:08.124475,Location Update: Jungle
INT684070,68,Vital Check,2025-04-17 09:23:08.124480,Check: Heart Rate - Normal
INT697046,69,Location Update,2025-04-19 09:23:08.124485,Location Update: Jungle
INT702361,70,Location Update,2025-03-24 09:23:08.124492,Location Update: Jungle
INT718389,71,Advice,2025-04-02 09:23:08.124497,Location Update: Jungle
INT728812,72,Location Update,2025-04-20 09:23:08.124502,Location Update: Jungle
INT739682,73,Location Update,2025-04-14 09:23:08.124507,Location Update: Jungle
INT743552,74,Location Update,2025-04-17 09:23:08.124512,Location Update: Jungle
INT755276,75,Vital Check,2025-03-26 09:23:08.124517,Location Update: Jungle
INT762458,76,Vital Check,2025-04-08 09:23:08.124522,Check: Heart Rate - High
INT779701,77,Advice,2025-04-09 09:23:08.124528,Check: Heart Rate - High
INT783615,78,Location Update,2025-04-01 09:23:08.124535,Check: Heart Rate - Normal
INT797488,79,Location Update,2025-04-06 09:23:08.124541,Location Update: Jungle
INT807234,80,Vital Check,2025-04-01 09:23:08.124549,Check: Heart Rate - Low
INT816615,81,Location Update,2025-04-15 09:23:08.124555,Check: Heart Rate - Low
INT823184,82,Location Update,2025-03-23 09:23:08.124561,Location Update: Jungle
INT831883,83,Advice,2025-04-12 09:23:08.124566,Location Update: Jungle
INT842863,84,Vital Check,2025-04-01 09:23:08.124571,Location Update: Jungle
INT857090,85,Location Update,2025-04-11 09:23:08.124576,Location Update: Jungle
INT865150,86,Advice,2025-03-27 09:23:08.124581,Check: Heart Rate - Low
INT876690,87,Location Update,2025-04-08 09:23:08.124587,Location Update: Jungle
INT882844,88,Vital Check,2025-04-10 09:23:08.124592,Check: Heart Rate - Low
INT898443,89,Advice,2025-03-23 09:23:08.124598,Location Update: Jungle
INT902209,90,Location Update,2025-04-09 09:23:08.124603,Location Update: Jungle
INT918210,91,Vital Check,2025-03-25 09:23:08.124608,Location Update: Jungle
INT921575,92,Vital Check,2025-04-05 09:23:08.124613,Check: Heart Rate - Low
INT937982,93,Advice,2025-03-30 09:23:08.124619,Location Update: Jungle
INT943118,94,Location Update,2025-04-03 09:23:08.124625,Location Update: Jungle
INT953377,95,Advice,2025-04-10 09:23:08.124630,Check: Heart Rate - Low
INT969802,96,Vital Check,2025-04-08 09:23:08.124637,Location Update: Jungle
INT972721,97,Advice,2025-04-11 09:23:08.124645,Location Update: Jungle
INT988780,98,Vital Check,2025-04-15 09:23:08.124650,Location Update: Jungle
INT995603,99,Location Update,2025-03-30 09:23:08.124658,Location Update: Jungle
INT1001240,100,Location Update,2025-03-25 09:23:08.124663,Check: Heart Rate - High
INT1012401,101,Advice,2025-04-10 09:23:08.124669,Check: Heart Rate - High
INT1025831,102,Vital Check,2025-04-08 09:23:08.124675,Location Update: Jungle
INT1033490,103,Vital Check,2025-03-26 09:23:08.124680,Check: Heart Rate - High
INT1049063,104,Vital Check,2025-04-18 09:23:08.124686,Location Update: Jungle
INT1054441,105,Vital Check,2025-04-04 09:23:08.124691,Check: Heart Rate - High
INT1067106,106,Vital Check,2025-03-30 09:23:08.124698,Location Update: Jungle
INT1079281,107,Advice,2025-04-07 09:23:08.124703,Location Update: Jungle
INT1086787,108,Location Update,2025-04-02 09:23:08.124708,Location Update: Jungle
INT1098854,109,Location Update,2025-03-25 09:23:08.124713,Location Update: Jungle
INT1107339,110,Vital Check,2025-04-10 09:23:08.124719,Check: Heart Rate - High
INT1113238,111,Advice,2025-04-16 09:23:08.124725,Location Update: Jungle
INT1123364,112,Vital Check,2025-03-21 09:23:08.124730,Check: Heart Rate - Low
INT1133361,113,Vital Check,2025-04-07 09:23:08.124736,Check: Heart Rate - Normal
INT1146520,114,Location Update,2025-04-17 09:23:08.124741,Check: Heart Rate - High
INT1153260,115,Vital Check,2025-03-30 09:23:08.124747,Check: Heart Rate - High
INT1164779,116,Vital Check,2025-03-21 09:23:08.124753,Location Update: Jungle
INT1177590,117,Advice,2025-04-12 09:23:08.124758,Check: Heart Rate - Low
INT1183520,118,Location Update,2025-04-15 09:23:08.124764,Check: Heart Rate - Normal
INT1198167,119,Advice,2025-04-13 09:23:08.124769,Location Update: Jungle
INT1204749,120,Location Update,2025-03-31 09:23:08.124774,Location Update: Jungle
INT1218084,121,Vital Check,2025-04-20 09:23:08.124779,Location Update: Jungle
INT1225662,122,Advice,2025-04-06 09:23:08.124784,Check: Heart Rate - Normal
INT1232620,123,Location Update,2025-04-06 09:23:08.124791,Location Update: Jungle
INT1245615,124,Location Update,2025-04-03 09:23:08.124796,Location Update: Jungle
INT1253741,125,Vital Check,2025-04-07 09:23:08.124801,Check: Heart Rate - High
INT1263466,126,Vital Check,2025-04-13 09:23:08.124807,Location Update: Jungle
INT1274615,127,Advice,2025-04-05 09:23:08.124812,Location Update: Jungle
INT1283209,128,Advice,2025-03-31 09:23:08.124817,Check: Heart Rate - Low
INT1299186,129,Vital Check,2025-04-02 09:23:08.124827,Location Update: Jungle
INT1301817,130,Vital Check,2025-04-07 09:23:08.124833,Check: Heart Rate - Low
INT1318775,131,Location Update,2025-04-20 09:23:08.124839,Check: Heart Rate - Normal
INT1322070,132,Vital Check,2025-04-13 09:23:08.124845,Location Update: Jungle
INT1338736,133,Vital Check,2025-04-17 09:23:08.124850,Check: Heart Rate - Low
INT1346315,134,Vital Check,2025-04-11 09:23:08.124856,Check: Heart Rate - Normal
INT1359185,135,Vital Check,2025-04-18 09:23:08.124862,Check: Heart Rate - Normal
INT1366910,136,Location Update,2025-04-13 09:23:08.124867,Check: Heart Rate - High
INT1377088,137,Vital Check,2025-04-09 09:23:08.124873,Check: Heart Rate - Low
INT1385128,138,Vital Check,2025-03-25 09:23:08.124878,Location Update: Jungle
INT1391435,139,Location Update,2025-04-02 09:23:08.124883,Check: Heart Rate - High
INT1403846,140,Location Update,2025-04-19 09:23:08.124889,Check: Heart Rate - Low
INT1412349,141,Advice,2025-04-03 09:23:08.124895,Check: Heart Rate - Normal
INT1422898,142,Advice,2025-04-07 09:23:08.124900,Location Update: Jungle
INT1438706,143,Location Update,2025-04-03 09:23:08.124905,Check: Heart Rate - Normal
INT1444044,144,Location Update,2025-04-12 09:23:08.124911,Location Update: Jungle
INT1455163,145,Vital Check,2025-04-10 09:23:08.124916,Location Update: Jungle
INT1468735,146,Advice,2025-04-04 09:23:08.124921,Check: Heart Rate - High
INT1472049,147,Vital Check,2025-04-10 09:23:08.124926,Location Update: Jungle
INT1488011,148,Advice,2025-04-18 09:23:08.124932,Location Update: Jungle
INT1495411,149,Advice,2025-04-08 09:23:08.124937,Check: Heart Rate - Low
INT1507851,150,Vital Check,2025-04-20 09:23:08.124943,Check: Heart Rate - High
INT1517366,151,Vital Check,2025-04-03 09:23:08.124948,Check: Heart Rate - High
INT1527200,152,Location Update,2025-04-01 09:23:08.124954,Location Update: Jungle
INT1535933,153,Vital Check,2025-04-11 09:23:08.124959,Check: Heart Rate - Low
INT1541944,154,Advice,2025-03-28 09:23:08.124965,Check: Heart Rate - Low
INT1557628,155,Location Update,2025-03-29 09:23:08.124970,Check: Heart Rate - High
INT1568597,156,Advice,2025-03-21 09:23:08.124976,Check: Heart Rate - Normal
INT1571630,157,Vital Check,2025-03-25 09:23:08.124983,Check: Heart Rate - High
INT1583508,158,Vital Check,2025-04-20 09:23:08.124991,Location Update: Jungle
INT1592121,159,Vital Check,2025-03-23 09:23:08.124995,Check: Heart Rate - Normal
INT1605502,160,Location Update,2025-04-12 09:23:08.125004,Location Update: Jungle
INT1616327,161,Vital Check,2025-04-03 09:23:08.125009,Check: Heart Rate - High
INT1627764,162,Advice,2025-04-05 09:23:08.125015,Location Update: Jungle
INT1639059,163,Location Update,2025-03-30 09:23:08.125020,Location Update: Jungle
INT1643106,164,Location Update,2025-04-18 09:23:08.125028,Check: Heart Rate - Low
INT1656800,165,Vital Check,2025-04-06 09:23:08.125033,Check: Heart Rate - Low
INT1668763,166,Location Update,2025-04-13 09:23:08.125039,Location Update: Jungle
INT1675780,167,Vital Check,2025-04-11 09:23:08.125044,Check: Heart Rate - High
INT1686053,168,Advice,2025-04-13 09:23:08.125050,Location Update: Jungle
INT1694560,169,Advice,2025-04-08 09:23:08.125055,Location Update: Jungle
INT1705177,170,Advice,2025-03-29 09:23:08.125060,Check: Heart Rate - High
INT1719661,171,Location Update,2025-04-17 09:23:08.125065,Location Update: Jungle
INT1728284,172,Location Update,2025-04-13 09:23:08.125070,Check: Heart Rate - High
INT1736043,173,Advice,2025-04-20 09:23:08.125078,Check: Heart Rate - Normal
INT1749458,174,Advice,2025-04-02 09:23:08.125085,Check: Heart Rate - High
INT1757551,175,Vital Check,2025-04-14 09:23:08.125091,Location Update: Jungle
INT1761241,176,Location Update,2025-03-23 09:23:08.125096,Check: Heart Rate - Normal
INT1778711,177,Advice,2025-03-29 09:23:08.125102,Location Update: Jungle
INT1781751,178,Location Update,2025-04-11 09:23:08.125107,Location Update: Jungle
INT1799887,179,Location Update,2025-03-22 09:23:08.125112,Check: Heart Rate - Normal
INT1804044,180,Vital Check,2025-04-19 09:23:08.125118,Location Update: Jungle
INT1814257,181,Advice,2025-04-16 09:23:08.125123,Location Update: Jungle
INT1822136,182,Location Update,2025-04-13 09:23:08.125128,Location Update: Jungle
INT1832590,183,Advice,2025-04-16 09:23:08.125133,Location Update: Jungle
INT1844793,184,Location Update,2025-04-05 09:23:08.125138,Check: Heart Rate - Low
INT1855155,185,Advice,2025-04-12 09:23:08.125145,Location Update: Jungle
INT1867564,186,Advice,2025-04-01 09:23:08.125150,Check: Heart Rate - Low
INT1876150,187,Advice,2025-03-22 09:23:08.125158,Check: Heart Rate - Normal
INT1889356,188,Location Update,2025-03-30 09:23:08.125164,Check: Heart Rate - Normal
INT1897045,189,Vital Check,2025-04-16 09:23:08.125170,Location Update: Jungle
INT1904903,190,Advice,2025-03-26 09:23:08.125175,Location Update: Jungle
INT1916978,191,Location Update,2025-03-30 09:23:08.125180,Check: Heart Rate - Normal
INT1921094,192,Location Update,2025-04-09 09:23:08.125188,Location Update: Jungle
INT1932764,193,Vital Check,2025-04-15 09:23:08.125193,Location Update: Jungle
INT1947589,194,Vital Check,2025-04-03 09:23:08.125198,Check: Heart Rate - Normal
INT1951134,195,Vital Check,2025-04-16 09:23:08.125204,Location Update: Jungle
INT1964692,196,Vital Check,2025-03-30 09:23:08.125209,Check: Heart Rate - High
INT1974301,197,Location Update,2025-03-28 09:23:08.125214,Check: Heart Rate - Normal
INT1988520,198,Location Update,2025-04-19 09:23:08.125220,Check: Heart Rate - Low
INT1993089,199,Vital Check,2025-03-29 09:23:08.125226,Location Update: Jungle
INT2002451,200,Vital Check,2025-03-26 09:23:08.125231,Location Update: Jungle
INT2012945,201,Advice,2025-04-01 09:23:08.125236,Check: Heart Rate - Normal
INT2022172,202,Vital Check,2025-03-30 09:23:08.125250,Check: Heart Rate - Normal
INT2036240,203,Advice,2025-04-02 09:23:08.125256,Check: Heart Rate - Normal
INT2042873,204,Vital Check,2025-03-22 09:23:08.125262,Location Update: Jungle
INT2051838,205,Vital Check,2025-04-15 09:23:08.125267,Location Update: Jungle
INT2069893,206,Advice,2025-03-30 09:23:08.125273,Location Update: Jungle
INT2071199,207,Advice,2025-03-27 09:23:08.125277,Location Update: Jungle
INT2089346,208,Location Update,2025-04-06 09:23:08.125282,Check: Heart Rate - Low
INT2094799,209,Vital Check,2025-03-27 09:23:08.125288,Check: Heart Rate - High
INT2104751,210,Advice,2025-04-19 09:23:08.125294,Check: Heart Rate - High
INT2115409,211,Vital Check,2025-03-22 09:23:08.125299,Check: Heart Rate - Normal
INT2122522,212,Advice,2025-04-10 09:23:08.125305,Location Update: Jungle
INT2131857,213,Vital Check,2025-03-30 09:23:08.125310,Check: Heart Rate - Low
INT2149537,214,Advice,2025-04-03 09:23:08.125316,Check: Heart Rate - Low
INT2159558,215,Vital Check,2025-04-04 09:23:08.125322,Check: Heart Rate - High
INT2161856,216,Advice,2025-03-31 09:23:08.125327,Check: Heart Rate - High
INT2175665,217,Advice,2025-04-01 09:23:08.125335,Check: Heart Rate - Normal
INT2181781,218,Advice,2025-03-30 09:23:08.125341,Location Update: Jungle
INT2196268,219,Vital Check,2025-03-26 09:23:08.125346,Check: Heart Rate - Normal
INT2202538,220,Advice,2025-03-22 09:23:08.125352,Check: Heart Rate - Low
INT2213700,221,Location Update,2025-04-07 09:23:08.125357,Check: Heart Rate - Low
INT2224627,222,Advice,2025-03-25 09:23:08.125363,Check: Heart Rate - High
INT2239934,223,Vital Check,2025-04-11 09:23:08.125369,Location Update: Jungle
INT2247793,224,Vital Check,2025-04-07 09:23:08.125376,Location Update: Jungle
INT2254674,225,Advice,2025-04-08 09:23:08.125381,Location Update: Jungle
INT2263307,226,Location Update,2025-03-27 09:23:08.125386,Location Update: Jungle
INT2273399,227,Vital Check,2025-04-02 09:23:08.125391,Location Update: Jungle
INT2281447,228,Advice,2025-04-11 09:23:08.125396,Check: Heart Rate - High
INT2293100,229,Location Update,2025-04-04 09:23:08.125402,Location Update: Jungle
INT2302093,230,Location Update,2025-03-28 09:23:08.125407,Check: Heart Rate - Low
INT2311822,231,Vital Check,2025-04-08 09:23:08.125413,Check: Heart Rate - Normal
INT2329886,232,Advice,2025-03-26 09:23:08.125418,Location Update: Jungle
INT2334830,233,Advice,2025-04-14 09:23:08.125423,Location Update: Jungle
INT2348103,234,Advice,2025-04-10 09:23:08.125430,Location Update: Jungle
INT2354877,235,Vital Check,2025-04-18 09:23:08.125435,Location Update: Jungle
INT2369896,236,Vital Check,2025-04-16 09:23:08.125440,Check: Heart Rate - High
INT2377980,237,Location Update,2025-04-12 09:23:08.125445,Check: Heart Rate - High
INT2389392,238,Location Update,2025-04-20 09:23:08.125451,Check: Heart Rate - Normal
INT2391966,239,Location Update,2025-04-14 09:23:08.125457,Check: Heart Rate - High
INT2408872,240,Location Update,2025-04-20 09:23:08.125462,Location Update: Jungle
INT2413444,241,Advice,2025-04-05 09:23:08.125467,Location Update: Jungle
INT2422304,242,Advice,2025-04-16 09:23:08.125472,Location Update: Jungle
INT2433165,243,Advice,2025-04-07 09:23:08.125477,Check: Heart Rate - Low
INT2447161,244,Vital Check,2025-03-22 09:23:08.125483,Check: Heart Rate - Low
INT2452607,245,Vital Check,2025-04-06 09:23:08.125489,Check: Heart Rate - High
INT2463439,246,Vital Check,2025-04-04 09:23:08.125495,Check: Heart Rate - Low
INT2475226,247,Vital Check,2025-04-02 09:23:08.125503,Check: Heart Rate - Normal
INT2481082,248,Vital Check,2025-03-26 09:23:08.125509,Location Update: Jungle
INT2492015,249,Location Update,2025-03-30 09:23:08.125516,Location Update: Jungle
INT2506243,250,Location Update,2025-03-25 09:23:08.125521,Location Update: Jungle
INT2511089,251,Location Update,2025-04-16 09:23:08.125526,Check: Heart Rate - Low
INT2522474,252,Advice,2025-04-05 09:23:08.125532,Check: Heart Rate - High
INT2536383,253,Vital Check,2025-04-08 09:23:08.125537,Check: Heart Rate - High
INT2547666,254,Advice,2025-03-21 09:23:08.125543,Check: Heart Rate - High
INT2556211,255,Advice,2025-03-26 09:23:08.125549,Check: Heart Rate - High
INT2566119,256,Advice,2025-03-30 09:23:08.125557,Location Update: Jungle
INT2573833,257,Vital Check,2025-04-10 09:23:08.125562,Check: Heart Rate - Normal
INT2585572,258,Advice,2025-04-06 09:23:08.125568,Check: Heart Rate - Normal
INT2593835,259,Advice,2025-04-01 09:23:08.125575,Location Update: Jungle
INT2608514,260,Advice,2025-03-26 09:23:08.125580,Check: Heart Rate - High
INT2613168,261,Vital Check,2025-04-19 09:23:08.125586,Check: Heart Rate - Low
INT2621690,262,Location Update,2025-04-01 09:23:08.125592,Location Update: Jungle
INT2637328,263,Vital Check,2025-04-11 09:23:08.125597,Location Update: Jungle
INT2642215,264,Location Update,2025-04-12 09:23:08.125602,Check: Heart Rate - Low
INT2657435,265,Advice,2025-03-31 09:23:08.125608,Check: Heart Rate - Normal
INT2666655,266,Location Update,2025-03-26 09:23:08.125614,Check: Heart Rate - Low
INT2672770,267,Advice,2025-03-31 09:23:08.125619,Check: Heart Rate - Normal
INT2683623,268,Location Update,2025-04-01 09:23:08.125625,Location Update: Jungle
INT2693017,269,Vital Check,2025-04-17 09:23:08.125630,Check: Heart Rate - High
INT2701751,270,Vital Check,2025-04-11 09:23:08.125638,Location Update: Jungle
INT2717186,271,Vital Check,2025-03-24 09:23:08.125643,Check: Heart Rate - High
INT2729908,272,Location Update,2025-04-08 09:23:08.125649,Location Update: Jungle
INT2738389,273,Vital Check,2025-04-05 09:23:08.125654,Location Update: Jungle
INT2742669,274,Location Update,2025-03-25 09:23:08.125659,Check: Heart Rate - Low
INT2754184,275,Location Update,2025-04-03 09:23:08.125664,Check: Heart Rate - High
INT2763826,276,Advice,2025-04-10 09:23:08.125673,Check: Heart Rate - Normal
INT2774810,277,Location Update,2025-03-29 09:23:08.125678,Location Update: Jungle
INT2789843,278,Advice,2025-03-23 09:23:08.125683,Location Update: Jungle
INT2797083,279,Advice,2025-03-23 09:23:08.125688,Check: Heart Rate - High
INT2801119,280,Location Update,2025-03-25 09:23:08.125694,Location Update: Jungle
INT2819406,281,Advice,2025-03-23 09:23:08.125699,Check: Heart Rate - Low
INT2823694,282,Vital Check,2025-04-10 09:23:08.125705,Check: Heart Rate - Normal
INT2831168,283,Advice,2025-04-20 09:23:08.125711,Location Update: Jungle
INT2843053,284,Advice,2025-04-03 09:23:08.125716,Check: Heart Rate - Low
INT2854341,285,Location Update,2025-03-25 09:23:08.125721,Location Update: Jungle
INT2864775,286,Vital Check,2025-03-28 09:23:08.125726,Check: Heart Rate - Normal
INT2871066,287,Location Update,2025-03-29 09:23:08.125734,Check: Heart Rate - Normal
INT2887017,288,Location Update,2025-03-28 09:23:08.125740,Check: Heart Rate - High
INT2893214,289,Vital Check,2025-04-08 09:23:08.125746,Check: Heart Rate - Normal
INT2903961,290,Vital Check,2025-03-22 09:23:08.125751,Check: Heart Rate - Low
INT2914251,291,Advice,2025-04-09 09:23:08.125757,Location Update: Jungle
INT2927927,292,Advice,2025-04-04 09:23:08.125762,Check: Heart Rate - Normal
INT2932141,293,Advice,2025-04-13 09:23:08.125767,Location Update: Jungle
INT2944791,294,Advice,2025-03-28 09:23:08.125772,Location Update: Jungle
INT2953274,295,Advice,2025-03-27 09:23:08.125778,Check: Heart Rate - Normal
INT2968173,296,Location Update,2025-04-08 09:23:08.125783,Check: Heart Rate - Normal
INT2978258,297,Advice,2025-04-11 09:23:08.125794,Location Update: Jungle
INT2986432,298,Advice,2025-04-05 09:23:08.125799,Check: Heart Rate - High
INT2991054,299,Vital Check,2025-04-11 09:23:08.125805,Check: Heart Rate - Normal
INT3001457,300,Vital Check,2025-04-20 09:23:08.125810,Location Update: Jungle
INT3011156,301,Location Update,2025-04-16 09:23:08.125815,Check: Heart Rate - Normal
INT3029917,302,Location Update,2025-03-28 09:23:08.125821,Location Update: Jungle
INT3038153,303,Advice,2025-04-04 09:23:08.125826,Location Update: Jungle
INT3046234,304,Location Update,2025-03-29 09:23:08.125831,Location Update: Jungle
INT3055701,305,Vital Check,2025-04-05 09:23:08.125836,Location Update: Jungle
INT3065493,306,Advice,2025-03-28 09:23:08.125844,Check: Heart Rate - Low
INT3079073,307,Advice,2025-03-21 09:23:08.125849,Check: Heart Rate - Low
INT3082051,308,Location Update,2025-04-10 09:23:08.125855,Check: Heart Rate - Normal
INT3093911,309,Location Update,2025-03-30 09:23:08.125860,Location Update: Jungle
INT3107644,310,Location Update,2025-03-27 09:23:08.125866,Check: Heart Rate - Normal
INT3117781,311,Vital Check,2025-03-25 09:23:08.125872,Location Update: Jungle
INT3125703,312,Advice,2025-04-04 09:23:08.125877,Location Update: Jungle
INT3134513,313,Vital Check,2025-04-15 09:23:08.125885,Check: Heart Rate - Normal
INT3148181,314,Vital Check,2025-04-15 09:23:08.125891,Location Update: Jungle
INT3155796,315,Advice,2025-04-16 09:23:08.125896,Check: Heart Rate - Low
INT3169807,316,Location Update,2025-04-09 09:23:08.125902,Location Update: Jungle
INT3173704,317,Location Update,2025-04-17 09:23:08.125908,Location Update: Jungle
INT3182291,318,Location Update,2025-04-03 09:23:08.125913,Location Update: Jungle
INT3197140,319,Advice,2025-04-15 09:23:08.125920,Location Update: Jungle
INT3206226,320,Location Update,2025-03-23 09:23:08.125926,Check: Heart Rate - High
INT3211415,321,Vital Check,2025-04-04 09:23:08.125931,Check: Heart Rate - Low
INT3224885,322,Location Update,2025-04-10 09:23:08.125937,Location Update: Jungle
INT3231857,323,Location Update,2025-04-06 09:23:08.125941,Location Update: Jungle
INT3241226,324,Location Update,2025-03-22 09:23:08.125946,Check: Heart Rate - Low
INT3254648,325,Vital Check,2025-04-03 09:23:08.125952,Check: Heart Rate - Low
INT3269091,326,Advice,2025-04-18 09:23:08.125958,Check: Heart Rate - Low
INT3278956,327,Advice,2025-03-27 09:23:08.125964,Check: Heart Rate - High
INT3287328,328,Vital Check,2025-04-10 09:23:08.125969,Location Update: Jungle
INT3293635,329,Vital Check,2025-04-07 09:23:08.125974,Location Update: Jungle
INT3301791,330,Vital Check,2025-03-27 09:23:08.125979,Check: Heart Rate - High
INT3315910,331,Location Update,2025-04-07 09:23:08.125985,Location Update: Jungle
INT3327644,332,Advice,2025-04-02 09:23:08.125990,Location Update: Jungle
INT3338041,333,Vital Check,2025-03-26 09:23:08.125995,Location Update: Jungle
INT3346795,334,Location Update,2025-04-15 09:23:08.126004,Location Update: Jungle
INT3352527,335,Location Update,2025-04-10 09:23:08.126009,Location Update: Jungle
INT3366719,336,Location Update,2025-04-08 09:23:08.126014,Location Update: Jungle
INT3378465,337,Advice,2025-04-04 09:23:08.126019,Location Update: Jungle
INT3384928,338,Location Update,2025-03-27 09:23:08.126024,Location Update: Jungle
INT3393760,339,Location Update,2025-04-14 09:23:08.126029,Location Update: Jungle
INT3406022,340,Location Update,2025-03-24 09:23:08.126034,Check: Heart Rate - Low
INT3419293,341,Vital Check,2025-04-06 09:23:08.126040,Location Update: Jungle
INT3424168,342,Vital Check,2025-04-01 09:23:08.126045,Check: Heart Rate - High
INT3439930,343,Vital Check,2025-03-27 09:23:08.126050,Check: Heart Rate - Normal
INT3447643,344,Advice,2025-03-21 09:23:08.126056,Check: Heart Rate - Normal
INT3452996,345,Vital Check,2025-04-17 09:23:08.126062,Location Update: Jungle
INT3466688,346,Location Update,2025-04-18 09:23:08.126067,Check: Heart Rate - Low
INT3478011,347,Advice,2025-03-27 09:23:08.126073,Location Update: Jungle
INT3488294,348,Advice,2025-03-26 09:23:08.126078,Location Update: Jungle
INT3493713,349,Location Update,2025-03-23 09:23:08.126083,Location Update: Jungle
INT3506335,350,Advice,2025-04-08 09:23:08.126088,Check: Heart Rate - Normal
INT3519953,351,Vital Check,2025-03-27 09:23:08.126096,Check: Heart Rate - High
INT3521924,352,Advice,2025-04-02 09:23:08.126101,Location Update: Jungle
INT3533143,353,Location Update,2025-04-03 09:23:08.126106,Location Update: Jungle
INT3549026,354,Advice,2025-04-19 09:23:08.126113,Check: Heart Rate - Low
INT3555711,355,Vital Check,2025-04-19 09:23:08.126119,Location Update: Jungle
INT3565951,356,Location Update,2025-04-20 09:23:08.126125,Check: Heart Rate - Normal
INT3579217,357,Advice,2025-03-27 09:23:08.126130,Check: Heart Rate - Normal
INT3587929,358,Advice,2025-03-26 09:23:08.126136,Check: Heart Rate - High
INT3594584,359,Location Update,2025-04-12 09:23:08.126142,Location Update: Jungle
INT3605937,360,Location Update,2025-04-19 09:23:08.126147,Check: Heart Rate - Low
INT3615106,361,Vital Check,2025-04-06 09:23:08.126152,Check: Heart Rate - Normal
INT3622969,362,Advice,2025-04-04 09:23:08.126158,Location Update: Jungle
INT3639738,363,Vital Check,2025-04-10 09:23:08.126163,Location Update: Jungle
INT3644889,364,Location Update,2025-03-22 09:23:08.126170,Location Update: Jungle
INT3653256,365,Vital Check,2025-04-12 09:23:08.126175,Location Update: Jungle
INT3661897,366,Vital Check,2025-04-09 09:23:08.126180,Location Update: Jungle
INT3672301,367,Advice,2025-03-28 09:23:08.126185,Location Update: Jungle
INT3686712,368,Location Update,2025-03-30 09:23:08.126190,Check: Heart Rate - Low
INT3699458,369,Vital Check,2025-04-15 09:23:08.126195,Check: Heart Rate - High
INT3706184,370,Vital Check,2025-04-09 09:23:08.126201,Location Update: Jungle
INT3719749,371,Location Update,2025-04-11 09:23:08.126206,Check: Heart Rate - High
INT3725680,372,Advice,2025-04-18 09:23:08.126211,Check: Heart Rate - High
INT3736893,373,Location Update,2025-03-24 09:23:08.126216,Check: Heart Rate - Normal
INT3741828,374,Vital Check,2025-04-16 09:23:08.126222,Location Update: Jungle
INT3757704,375,Advice,2025-03-21 09:23:08.126227,Location Update: Jungle
INT3765625,376,Advice,2025-03-28 09:23:08.126232,Check: Heart Rate - Normal
INT3774980,377,Advice,2025-03-22 09:23:08.126238,Check: Heart Rate - Low
INT3785260,378,Location Update,2025-04-15 09:23:08.126243,Location Update: Jungle
INT3799907,379,Advice,2025-03-25 09:23:08.126248,Check: Heart Rate - Normal
INT3806549,380,Location Update,2025-04-15 09:23:08.126254,Location Update: Jungle
INT3816252,381,Advice,2025-03-27 09:23:08.126259,Location Update: Jungle
INT3823888,382,Vital Check,2025-03-23 09:23:08.126264,Check: Heart Rate - High
INT3837893,383,Advice,2025-03-30 09:23:08.126271,Location Update: Jungle
INT3849523,384,Location Update,2025-03-24 09:23:08.126277,Check: Heart Rate - High
INT3853096,385,Vital Check,2025-04-16 09:23:08.126282,Check: Heart Rate - High
INT3862126,386,Vital Check,2025-04-15 09:23:08.126288,Check: Heart Rate - High
INT3878349,387,Vital Check,2025-04-03 09:23:08.126293,Check: Heart Rate - Normal
INT3887479,388,Location Update,2025-04-14 09:23:08.126299,Check: Heart Rate - Low
INT3894211,389,Location Update,2025-03-27 09:23:08.126304,Check: Heart Rate - High
INT3903140,390,Advice,2025-03-23 09:23:08.126310,Location Update: Jungle
INT3914044,391,Location Update,2025-03-22 09:23:08.126315,Location Update: Jungle
INT3927401,392,Location Update,2025-03-24 09:23:08.126320,Check: Heart Rate - Low
INT3931287,393,Advice,2025-04-11 09:23:08.126325,Check: Heart Rate - High
INT3947921,394,Vital Check,2025-04-08 09:23:08.126334,Location Update: Jungle
INT3958011,395,Vital Check,2025-03-26 09:23:08.126339,Check: Heart Rate - Normal
INT3968002,396,Vital Check,2025-04-07 09:23:08.126345,Location Update: Jungle
INT3978240,397,Advice,2025-04-16 09:23:08.126350,Location Update: Jungle
INT3988851,398,Location Update,2025-04-02 09:23:08.126354,Check: Heart Rate - High
INT3997074,399,Location Update,2025-03-25 09:23:08.126360,Check: Heart Rate - Low
INT4003537,400,Location Update,2025-03-28 09:23:08.126365,Check: Heart Rate - Low
INT4014159,401,Location Update,2025-03-23 09:23:08.126371,Check: Heart Rate - Normal
INT4022041,402,Location Update,2025-04-20 09:23:08.126379,Check: Heart Rate - Low
INT4031014,403,Advice,2025-04-19 09:23:08.126384,Location Update: Jungle
INT4046280,404,Advice,2025-04-08 09:23:08.126389,Location Update: Jungle
INT4056309,405,Advice,2025-03-24 09:23:08.126394,Location Update: Jungle
INT4068187,406,Vital Check,2025-04-05 09:23:08.126399,Check: Heart Rate - Low
INT4075556,407,Location Update,2025-04-13 09:23:08.126405,Check: Heart Rate - High
INT4087514,408,Location Update,2025-04-04 09:23:08.126410,Check: Heart Rate - High
INT4095892,409,Advice,2025-04-04 09:23:08.126416,Check: Heart Rate - High
INT4102157,410,Location Update,2025-03-28 09:23:08.126421,Location Update: Jungle
INT4119808,411,Advice,2025-03-26 09:23:08.126426,Check: Heart Rate - Normal
INT4127684,412,Advice,2025-04-08 09:23:08.126432,Check: Heart Rate - High
INT4131049,413,Vital Check,2025-03-25 09:23:08.126437,Check: Heart Rate - Low
INT4144010,414,Advice,2025-03-28 09:23:08.126446,Check: Heart Rate - Low
INT4154593,415,Location Update,2025-04-01 09:23:08.126451,Check: Heart Rate - High
INT4167858,416,Location Update,2025-04-07 09:23:08.126457,Check: Heart Rate - Normal
INT4173060,417,Location Update,2025-03-28 09:23:08.126462,Check: Heart Rate - Normal
INT4181853,418,Advice,2025-04-18 09:23:08.126468,Check: Heart Rate - High
INT4191396,419,Advice,2025-04-02 09:23:08.126474,Location Update: Jungle
INT4204542,420,Advice,2025-04-11 09:23:08.126482,Location Update: Jungle
INT4215337,421,Location Update,2025-03-22 09:23:08.126487,Check: Heart Rate - High
INT4226435,422,Location Update,2025-04-06 09:23:08.126493,Location Update: Jungle
INT4237997,423,Vital Check,2025-04-14 09:23:08.126500,Check: Heart Rate - High
INT4243309,424,Advice,2025-04-20 09:23:08.126506,Check: Heart Rate - High
INT4252168,425,Advice,2025-03-21 09:23:08.126511,Check: Heart Rate - Normal
INT4268892,426,Advice,2025-04-10 09:23:08.126517,Location Update: Jungle
INT4278820,427,Vital Check,2025-04-14 09:23:08.126522,Location Update: Jungle
INT4287925,428,Vital Check,2025-04-03 09:23:08.126527,Check: Heart Rate - High
INT4291928,429,Location Update,2025-04-12 09:23:08.126533,Location Update: Jungle
INT4306460,430,Vital Check,2025-04-11 09:23:08.126537,Location Update: Jungle
INT4316921,431,Location Update,2025-03-22 09:23:08.126542,Location Update: Jungle
INT4321362,432,Vital Check,2025-03-30 09:23:08.126547,Location Update: Jungle
INT4331571,433,Advice,2025-03-28 09:23:08.126552,Check: Heart Rate - Low
INT4342862,434,Advice,2025-04-09 09:23:08.126557,Location Update: Jungle
INT4352358,435,Vital Check,2025-03-26 09:23:08.126562,Location Update: Jungle
INT4363842,436,Advice,2025-04-11 09:23:08.126567,Location Update: Jungle
INT4376822,437,Location Update,2025-03-27 09:23:08.126572,Location Update: Jungle
INT4388100,438,Vital Check,2025-03-29 09:23:08.126577,Check: Heart Rate - Low
INT4391694,439,Advice,2025-04-19 09:23:08.126585,Location Update: Jungle
INT4404999,440,Advice,2025-04-09 09:23:08.126590,Location Update: Jungle
INT4413979,441,Advice,2025-04-03 09:23:08.126595,Check: Heart Rate - Low
INT4428733,442,Vital Check,2025-03-30 09:23:08.126600,Location Update: Jungle
INT4434584,443,Advice,2025-04-17 09:23:08.126605,Location Update: Jungle
INT4441580,444,Location Update,2025-03-21 09:23:08.126610,Check: Heart Rate - High
INT4455987,445,Vital Check,2025-04-18 09:23:08.126616,Location Update: Jungle
INT4467567,446,Location Update,2025-04-07 09:23:08.126623,Check: Heart Rate - High
INT4477907,447,Vital Check,2025-03-21 09:23:08.126630,Check: Heart Rate - Low
INT4481743,448,Location Update,2025-03-26 09:23:08.126635,Check: Heart Rate - High
INT4497895,449,Vital Check,2025-04-12 09:23:08.126641,Check: Heart Rate - High
INT4505131,450,Advice,2025-03-27 09:23:08.126650,Check: Heart Rate - High
INT4518791,451,Vital Check,2025-04-19 09:23:08.126656,Check: Heart Rate - High
INT4529116,452,Location Update,2025-04-16 09:23:08.126662,Location Update: Jungle
INT4531217,453,Location Update,2025-03-31 09:23:08.126670,Location Update: Jungle
INT4544930,454,Location Update,2025-04-09 09:23:08.126675,Check: Heart Rate - High
INT4557730,455,Vital Check,2025-04-10 09:23:08.126680,Check: Heart Rate - Normal
INT4562100,456,Location Update,2025-04-02 09:23:08.126686,Location Update: Jungle
INT4575351,457,Location Update,2025-03-24 09:23:08.126690,Location Update: Jungle
INT4583915,458,Vital Check,2025-04-14 09:23:08.126697,Location Update: Jungle
INT4593935,459,Vital Check,2025-04-16 09:23:08.126702,Check: Heart Rate - Low
INT4602686,460,Vital Check,2025-04-05 09:23:08.126708,Check: Heart Rate - Normal
INT4613143,461,Advice,2025-03-24 09:23:08.126713,Location Update: Jungle
INT4627100,462,Vital Check,2025-04-20 09:23:08.126718,Location Update: Jungle
INT4637538,463,Vital Check,2025-03-23 09:23:08.126723,Location Update: Jungle
INT4645174,464,Vital Check,2025-03-25 09:23:08.126728,Location Update: Jungle
INT4655451,465,Location Update,2025-03-24 09:23:08.126733,Check: Heart Rate - High
INT4668444,466,Advice,2025-03-22 09:23:08.126738,Location Update: Jungle
INT4673619,467,Location Update,2025-03-22 09:23:08.126743,Check: Heart Rate - High
INT4687083,468,Vital Check,2025-04-14 09:23:08.126749,Location Update: Jungle
INT4692158,469,Location Update,2025-04-20 09:23:08.126754,Location Update: Jungle
INT4701606,470,Advice,2025-03-23 09:23:08.126759,Location Update: Jungle
INT4719596,471,Vital Check,2025-03-24 09:23:08.126764,Check: Heart Rate - Low
INT4721110,472,Vital Check,2025-04-08 09:23:08.126770,Check: Heart Rate - Low
INT4736623,473,Advice,2025-04-15 09:23:08.126775,Location Update: Jungle
INT4745165,474,Advice,2025-04-05 09:23:08.126780,Location Update: Jungle
INT4752383,475,Location Update,2025-04-17 09:23:08.126785,Check: Heart Rate - Low
INT4769415,476,Vital Check,2025-04-12 09:23:08.126790,Location Update: Jungle
INT4772926,477,Advice,2025-04-06 09:23:08.126795,Location Update: Jungle
INT4788827,478,Advice,2025-04-16 09:23:08.126802,Check: Heart Rate - Normal
INT4796557,479,Location Update,2025-04-14 09:23:08.126808,Check: Heart Rate - Normal
INT4805348,480,Location Update,2025-04-01 09:23:08.126814,Check: Heart Rate - Low
INT4814321,481,Advice,2025-03-23 09:23:08.126819,Location Update: Jungle
INT4826086,482,Vital Check,2025-04-05 09:23:08.126826,Location Update: Jungle
INT4834286,483,Location Update,2025-04-07 09:23:08.126831,Check: Heart Rate - Low
INT4845052,484,Vital Check,2025-04-03 09:23:08.126837,Location Update: Jungle
INT4859326,485,Vital Check,2025-04-09 09:23:08.126841,Check: Heart Rate - Low
INT4861517,486,Vital Check,2025-04-06 09:23:08.126847,Location Update: Jungle
INT4871091,487,Location Update,2025-04-16 09:23:08.126852,Check: Heart Rate - High
INT4881579,488,Location Update,2025-03-21 09:23:08.126857,Check: Heart Rate - Low
INT4897656,489,Advice,2025-03-22 09:23:08.126863,Location Update: Jungle
INT4904517,490,Location Update,2025-03-25 09:23:08.126868,Check: Heart Rate - Low
INT4916558,491,Vital Check,2025-04-10 09:23:08.126873,Check: Heart Rate - Normal
INT4928908,492,Location Update,2025-03-23 09:23:08.126879,Check: Heart Rate - Low
INT4938052,493,Advice,2025-03-26 09:23:08.126884,Location Update: Jungle
INT4941479,494,Advice,2025-04-08 09:23:08.126889,Location Update: Jungle
INT4951969,495,Advice,2025-04-04 09:23:08.126894,Check: Heart Rate - High
INT4961667,496,Advice,2025-04-04 09:23:08.126900,Check: Heart Rate - Normal
INT4977233,497,Location Update,2025-04-11 09:23:08.126905,Check: Heart Rate - Normal
INT4987562,498,Location Update,2025-04-20 09:23:08.126911,Location Update: Jungle
INT4993560,499,Advice,2025-04-03 09:23:08.126916,Check: Heart Rate - Low
INT5002542,500,Location Update,2025-04-18 09:23:08.126922,Check: Heart Rate - Normal
INT5013822,501,Vital Check,2025-04-15 09:23:08.126927,Check: Heart Rate - Normal
INT5027895,502,Location Update,2025-04-13 09:23:08.126933,Check: Heart Rate - High
INT5033013,503,Location Update,2025-03-27 09:23:08.126938,Check: Heart Rate - Normal
INT5044420,504,Location Update,2025-04-14 09:23:08.126946,Check: Heart Rate - Low
INT5059461,505,Location Update,2025-03-27 09:23:08.126952,Check: Heart Rate - Normal
INT5062535,506,Advice,2025-03-30 09:23:08.126957,Check: Heart Rate - Low
INT5071019,507,Vital Check,2025-04-17 09:23:08.126963,Location Update: Jungle
INT5088313,508,Vital Check,2025-04-07 09:23:08.126968,Location Update: Jungle
INT5099584,509,Advice,2025-03-29 09:23:08.126973,Check: Heart Rate - Normal
INT5109955,510,Advice,2025-03-24 09:23:08.126983,Check: Heart Rate - High
INT5114312,511,Advice,2025-04-06 09:23:08.126989,Check: Heart Rate - Normal
INT5126304,512,Location Update,2025-03-28 09:23:08.126994,Check: Heart Rate - Low
INT5139936,513,Vital Check,2025-03-22 09:23:08.127000,Check: Heart Rate - Low
INT5149858,514,Location Update,2025-04-09 09:23:08.127005,Check: Heart Rate - Low
INT5159184,515,Location Update,2025-04-01 09:23:08.127011,Check: Heart Rate - High
INT5167944,516,Advice,2025-04-10 09:23:08.127016,Check: Heart Rate - Low
INT5178440,517,Advice,2025-04-08 09:23:08.127022,Location Update: Jungle
INT5183304,518,Vital Check,2025-04-12 09:23:08.127026,Check: Heart Rate - Low
INT5191674,519,Location Update,2025-03-31 09:23:08.127032,Check: Heart Rate - Normal
INT5206106,520,Vital Check,2025-03-24 09:23:08.127038,Location Update: Jungle
INT5212215,521,Vital Check,2025-03-24 09:23:08.127043,Location Update: Jungle
INT5229273,522,Advice,2025-04-05 09:23:08.127049,Location Update: Jungle
INT5234870,523,Location Update,2025-03-24 09:23:08.127062,Check: Heart Rate - Low
INT5249284,524,Advice,2025-03-22 09:23:08.127068,Location Update: Jungle
INT5258136,525,Vital Check,2025-04-04 09:23:08.127073,Check: Heart Rate - Low
INT5268165,526,Advice,2025-04-01 09:23:08.127078,Location Update: Jungle
INT5271325,527,Advice,2025-04-08 09:23:08.127083,Location Update: Jungle
INT5288208,528,Location Update,2025-03-29 09:23:08.127088,Check: Heart Rate - Low
INT5295055,529,Advice,2025-04-08 09:23:08.127094,Location Update: Jungle
INT5307377,530,Vital Check,2025-04-02 09:23:08.127099,Check: Heart Rate - Normal
INT5319735,531,Location Update,2025-04-13 09:23:08.127104,Check: Heart Rate - Low
INT5326646,532,Location Update,2025-04-20 09:23:08.127110,Location Update: Jungle
INT5331465,533,Vital Check,2025-03-31 09:23:08.127115,Check: Heart Rate - High
INT5348364,534,Location Update,2025-03-25 09:23:08.127120,Location Update: Jungle
INT5354751,535,Vital Check,2025-04-08 09:23:08.127125,Check: Heart Rate - High
INT5363542,536,Location Update,2025-04-12 09:23:08.127130,Location Update: Jungle
INT5374484,537,Vital Check,2025-03-23 09:23:08.127138,Check: Heart Rate - Low
INT5387742,538,Advice,2025-03-29 09:23:08.127143,Check: Heart Rate - High
INT5393093,539,Advice,2025-04-18 09:23:08.127150,Check: Heart Rate - Low
INT5406062,540,Vital Check,2025-04-05 09:23:08.127156,Check: Heart Rate - Normal
INT5413889,541,Advice,2025-03-25 09:23:08.127163,Check: Heart Rate - Low
INT5425867,542,Location Update,2025-03-30 09:23:08.127169,Check: Heart Rate - High
INT5438386,543,Advice,2025-04-13 09:23:08.127175,Check: Heart Rate - High
INT5444817,544,Location Update,2025-04-11 09:23:08.127181,Location Update: Jungle
INT5458356,545,Advice,2025-04-02 09:23:08.127186,Check: Heart Rate - High
INT5463829,546,Vital Check,2025-04-14 09:23:08.127191,Location Update: Jungle
INT5477649,547,Vital Check,2025-04-15 09:23:08.127196,Check: Heart Rate - Normal
INT5485239,548,Vital Check,2025-03-26 09:23:08.127201,Check: Heart Rate - High
INT5498465,549,Advice,2025-04-03 09:23:08.127207,Location Update: Jungle
INT5508202,550,Location Update,2025-04-14 09:23:08.127212,Check: Heart Rate - Low
INT5514648,551,Vital Check,2025-04-01 09:23:08.127217,Check: Heart Rate - Normal
INT5529268,552,Advice,2025-04-04 09:23:08.127223,Location Update: Jungle
INT5537690,553,Location Update,2025-04-12 09:23:08.127228,Check: Heart Rate - Low
INT5542620,554,Vital Check,2025-03-25 09:23:08.127234,Location Update: Jungle
INT5553102,555,Vital Check,2025-03-23 09:23:08.127239,Location Update: Jungle
INT5565089,556,Vital Check,2025-04-05 09:23:08.127243,Check: Heart Rate - High
INT5576745,557,Advice,2025-04-02 09:23:08.127249,Location Update: Jungle
INT5586422,558,Advice,2025-04-15 09:23:08.127254,Location Update: Jungle
INT5591114,559,Advice,2025-04-10 09:23:08.127259,Check: Heart Rate - Low
INT5607565,560,Advice,2025-04-07 09:23:08.127264,Location Update: Jungle
INT5614036,561,Vital Check,2025-04-02 09:23:08.127269,Location Update: Jungle
INT5628904,562,Vital Check,2025-04-20 09:23:08.127274,Location Update: Jungle
INT5638300,563,Advice,2025-04-09 09:23:08.127279,Location Update: Jungle
INT5641689,564,Vital Check,2025-04-16 09:23:08.127284,Location Update: Jungle
INT5652089,565,Location Update,2025-03-26 09:23:08.127289,Check: Heart Rate - High
INT5661448,566,Location Update,2025-03-23 09:23:08.127297,Check: Heart Rate - High
INT5673609,567,Vital Check,2025-04-04 09:23:08.127305,Check: Heart Rate - High
INT5684798,568,Location Update,2025-03-22 09:23:08.127310,Location Update: Jungle
INT5694922,569,Advice,2025-03-23 09:23:08.127315,Location Update: Jungle
INT5703210,570,Advice,2025-03-29 09:23:08.127320,Check: Heart Rate - High
INT5715864,571,Vital Check,2025-04-13 09:23:08.127325,Location Update: Jungle
INT5721268,572,Location Update,2025-03-30 09:23:08.127330,Location Update: Jungle
INT5736947,573,Location Update,2025-04-03 09:23:08.127337,Location Update: Jungle
INT5743587,574,Advice,2025-04-19 09:23:08.127342,Check: Heart Rate - Normal
INT5759013,575,Advice,2025-04-14 09:23:08.127348,Check: Heart Rate - High
INT5763186,576,Vital Check,2025-03-23 09:23:08.127354,Location Update: Jungle
INT5776602,577,Vital Check,2025-03-27 09:23:08.127359,Check: Heart Rate - Low
INT5789865,578,Vital Check,2025-04-07 09:23:08.127364,Location Update: Jungle
INT5798654,579,Advice,2025-03-27 09:23:08.127369,Location Update: Jungle
INT5802050,580,Vital Check,2025-04-19 09:23:08.127374,Check: Heart Rate - Low
INT5816951,581,Location Update,2025-04-16 09:23:08.127379,Location Update: Jungle
INT5828479,582,Vital Check,2025-04-19 09:23:08.127385,Location Update: Jungle
INT5835187,583,Advice,2025-04-12 09:23:08.127389,Check: Heart Rate - High
INT5845918,584,Vital Check,2025-04-03 09:23:08.127395,Check: Heart Rate - High
INT5854438,585,Vital Check,2025-04-07 09:23:08.127400,Location Update: Jungle
INT5862449,586,Advice,2025-04-06 09:23:08.127405,Location Update: Jungle
INT5878493,587,Advice,2025-04-19 09:23:08.127410,Location Update: Jungle
INT5882363,588,Location Update,2025-04-10 09:23:08.127415,Location Update: Jungle
INT5898390,589,Location Update,2025-04-16 09:23:08.127422,Check: Heart Rate - High
INT5909595,590,Advice,2025-04-06 09:23:08.127427,Check: Heart Rate - High
INT5917462,591,Vital Check,2025-04-18 09:23:08.127433,Location Update: Jungle
INT5926180,592,Vital Check,2025-04-14 09:23:08.127438,Check: Heart Rate - High
INT5932352,593,Location Update,2025-04-17 09:23:08.127443,Check: Heart Rate - High
INT5945349,594,Location Update,2025-04-17 09:23:08.127455,Check: Heart Rate - Normal
INT5951666,595,Advice,2025-03-25 09:23:08.127461,Check: Heart Rate - High
INT5966822,596,Vital Check,2025-04-19 09:23:08.127469,Check: Heart Rate - Normal
INT5976658,597,Vital Check,2025-04-18 09:23:08.127477,Check: Heart Rate - Low
INT5984493,598,Advice,2025-04-09 09:23:08.127482,Location Update: Jungle
INT5997583,599,Location Update,2025-04-08 09:23:08.127487,Check: Heart Rate - Low
INT6001582,600,Vital Check,2025-04-02 09:23:08.127493,Check: Heart Rate - High
INT6016797,601,Location Update,2025-04-14 09:23:08.127499,Location Update: Jungle
INT6022911,602,Vital Check,2025-04-05 09:23:08.127504,Location Update: Jungle
INT6038991,603,Location Update,2025-04-14 09:23:08.127509,Check: Heart Rate - Normal
INT6042828,604,Advice,2025-04-19 09:23:08.127514,Check: Heart Rate - Normal
INT6054324,605,Vital Check,2025-04-20 09:23:08.127522,Location Update: Jungle
INT6065509,606,Vital Check,2025-04-15 09:23:08.127527,Check: Heart Rate - High
INT6079956,607,Vital Check,2025-04-02 09:23:08.127532,Check: Heart Rate - High
INT6086389,608,Advice,2025-04-20 09:23:08.127538,Check: Heart Rate - Normal
INT6094532,609,Vital Check,2025-04-16 09:23:08.127544,Location Update: Jungle
INT6106034,610,Advice,2025-04-15 09:23:08.127549,Check: Heart Rate - Normal
INT6114416,611,Location Update,2025-03-26 09:23:08.127554,Check: Heart Rate - High
INT6129970,612,Location Update,2025-03-29 09:23:08.127560,Location Update: Jungle
INT6138174,613,Vital Check,2025-04-19 09:23:08.127565,Location Update: Jungle
INT6148155,614,Advice,2025-04-11 09:23:08.127569,Check: Heart Rate - High
INT6159031,615,Location Update,2025-03-27 09:23:08.127575,Check: Heart Rate - High
INT6164976,616,Advice,2025-04-18 09:23:08.127580,Location Update: Jungle
INT6178054,617,Vital Check,2025-03-24 09:23:08.127585,Check: Heart Rate - Low
INT6187312,618,Location Update,2025-03-22 09:23:08.127591,Check: Heart Rate - Low
INT6197941,619,Location Update,2025-04-09 09:23:08.127597,Check: Heart Rate - High
INT6203744,620,Location Update,2025-04-03 09:23:08.127602,Check: Heart Rate - High
INT6211601,621,Vital Check,2025-03-25 09:23:08.127607,Check: Heart Rate - Low
INT6222254,622,Vital Check,2025-03-26 09:23:08.127613,Check: Heart Rate - Low
INT6237193,623,Location Update,2025-04-11 09:23:08.127618,Check: Heart Rate - Low
INT6247746,624,Vital Check,2025-04-16 09:23:08.127624,Check: Heart Rate - Low
INT6255111,625,Location Update,2025-04-17 09:23:08.127632,Location Update: Jungle
INT6266271,626,Advice,2025-04-06 09:23:08.127636,Check: Heart Rate - High
INT6278619,627,Location Update,2025-03-30 09:23:08.127643,Check: Heart Rate - Normal
INT6289014,628,Advice,2025-03-21 09:23:08.127648,Check: Heart Rate - Normal
INT6299683,629,Advice,2025-04-06 09:23:08.127654,Location Update: Jungle
INT6304481,630,Location Update,2025-04-15 09:23:08.127660,Location Update: Jungle
INT6312718,631,Vital Check,2025-04-18 09:23:08.127665,Check: Heart Rate - Normal
INT6323930,632,Location Update,2025-03-24 09:23:08.127670,Check: Heart Rate - Normal
INT6338595,633,Location Update,2025-04-02 09:23:08.127676,Check: Heart Rate - Low
INT6347677,634,Advice,2025-04-06 09:23:08.127682,Check: Heart Rate - High
INT6356291,635,Location Update,2025-03-31 09:23:08.127687,Location Update: Jungle
INT6369447,636,Advice,2025-03-28 09:23:08.127692,Location Update: Jungle
INT6372841,637,Advice,2025-04-13 09:23:08.127699,Location Update: Jungle
INT6383955,638,Location Update,2025-03-22 09:23:08.127704,Check: Heart Rate - High
INT6396110,639,Vital Check,2025-04-13 09:23:08.127710,Location Update: Jungle
INT6405130,640,Advice,2025-04-20 09:23:08.127715,Location Update: Jungle
INT6414088,641,Advice,2025-03-25 09:23:08.127720,Check: Heart Rate - Low
INT6424729,642,Vital Check,2025-03-31 09:23:08.127725,Location Update: Jungle
INT6434986,643,Vital Check,2025-04-09 09:23:08.127730,Location Update: Jungle
INT6446061,644,Advice,2025-04-13 09:23:08.127735,Check: Heart Rate - Low
INT6454512,645,Advice,2025-04-05 09:23:08.127741,Location Update: Jungle
INT6463813,646,Advice,2025-04-13 09:23:08.127746,Location Update: Jungle
INT6474754,647,Advice,2025-04-04 09:23:08.127751,Check: Heart Rate - High
INT6483294,648,Vital Check,2025-04-14 09:23:08.127756,Check: Heart Rate - Normal
INT6495818,649,Location Update,2025-03-25 09:23:08.127762,Check: Heart Rate - High
INT6507224,650,Advice,2025-04-05 09:23:08.127768,Check: Heart Rate - Low
INT6511172,651,Location Update,2025-04-09 09:23:08.127774,Location Update: Jungle
INT6523090,652,Advice,2025-03-23 09:23:08.127779,Location Update: Jungle
INT6532951,653,Advice,2025-03-23 09:23:08.127784,Check: Heart Rate - High
INT6545840,654,Advice,2025-03-25 09:23:08.127790,Check: Heart Rate - Normal
INT6558326,655,Advice,2025-03-31 09:23:08.127798,Check: Heart Rate - High
INT6561526,656,Vital Check,2025-03-27 09:23:08.127803,Location Update: Jungle
INT6574492,657,Location Update,2025-03-27 09:23:08.127808,Location Update: Jungle
INT6586562,658,Advice,2025-04-08 09:23:08.127813,Location Update: Jungle
INT6592191,659,Advice,2025-04-11 09:23:08.127818,Location Update: Jungle
INT6601069,660,Location Update,2025-04-18 09:23:08.127823,Location Update: Jungle
INT6616331,661,Vital Check,2025-04-06 09:23:08.127828,Location Update: Jungle
INT6623180,662,Location Update,2025-03-28 09:23:08.127833,Check: Heart Rate - High
INT6636673,663,Location Update,2025-03-30 09:23:08.127838,Check: Heart Rate - Low
INT6644665,664,Vital Check,2025-04-16 09:23:08.127844,Location Update: Jungle
INT6656271,665,Vital Check,2025-04-06 09:23:08.127848,Location Update: Jungle
INT6661032,666,Advice,2025-03-28 09:23:08.127853,Check: Heart Rate - Normal
INT6679112,667,Advice,2025-03-28 09:23:08.127859,Location Update: Jungle
INT6687588,668,Vital Check,2025-04-09 09:23:08.127866,Location Update: Jungle
INT6694055,669,Vital Check,2025-03-24 09:23:08.127871,Check: Heart Rate - High
INT6704699,670,Location Update,2025-03-27 09:23:08.127876,Check: Heart Rate - High
INT6717285,671,Location Update,2025-04-10 09:23:08.127882,Location Update: Jungle
INT6725929,672,Advice,2025-03-26 09:23:08.127887,Check: Heart Rate - Low
INT6738027,673,Advice,2025-03-25 09:23:08.127893,Check: Heart Rate - Normal
INT6749725,674,Location Update,2025-04-04 09:23:08.127911,Location Update: Jungle
INT6756857,675,Advice,2025-03-29 09:23:08.127917,Location Update: Jungle
INT6761837,676,Location Update,2025-03-30 09:23:08.127922,Location Update: Jungle
INT6775897,677,Location Update,2025-03-26 09:23:08.127927,Location Update: Jungle
INT6789061,678,Advice,2025-04-05 09:23:08.127932,Check: Heart Rate - High
INT6796854,679,Location Update,2025-03-29 09:23:08.127937,Location Update: Jungle
INT6807958,680,Vital Check,2025-04-16 09:23:08.127942,Location Update: Jungle
INT6812284,681,Vital Check,2025-04-15 09:23:08.127947,Check: Heart Rate - Low
INT6828512,682,Vital Check,2025-03-28 09:23:08.127953,Location Update: Jungle
INT6834638,683,Location Update,2025-04-17 09:23:08.127958,Location Update: Jungle
INT6841139,684,Location Update,2025-04-01 09:23:08.127963,Location Update: Jungle
INT6852229,685,Vital Check,2025-04-12 09:23:08.127970,Location Update: Jungle
INT6867752,686,Location Update,2025-03-27 09:23:08.127975,Location Update: Jungle
INT6877669,687,Vital Check,2025-04-07 09:23:08.127980,Check: Heart Rate - Normal
INT6889794,688,Location Update,2025-03-31 09:23:08.127986,Check: Heart Rate - Low
INT6898145,689,Location Update,2025-04-20 09:23:08.127992,Location Update: Jungle
INT6907071,690,Location Update,2025-03-21 09:23:08.127997,Check: Heart Rate - Low
INT6917807,691,Advice,2025-04-02 09:23:08.128002,Location Update: Jungle
INT6927988,692,Vital Check,2025-04-12 09:23:08.128007,Check: Heart Rate - Normal
INT6931034,693,Vital Check,2025-03-29 09:23:08.128013,Location Update: Jungle
INT6947795,694,Advice,2025-04-07 09:23:08.128017,Check: Heart Rate - Normal
INT6953930,695,Vital Check,2025-04-17 09:23:08.128025,Location Update: Jungle
INT6963208,696,Location Update,2025-03-29 09:23:08.128030,Check: Heart Rate - Normal
INT6972121,697,Location Update,2025-04-19 09:23:08.128036,Location Update: Jungle
INT6982390,698,Location Update,2025-04-04 09:23:08.128040,Check: Heart Rate - High
INT6997998,699,Vital Check,2025-03-22 09:23:08.128046,Check: Heart Rate - Normal
INT7001806,700,Location Update,2025-03-23 09:23:08.128054,Location Update: Jungle
INT7012283,701,Vital Check,2025-03-21 09:23:08.128059,Location Update: Jungle
INT7029376,702,Location Update,2025-04-19 09:23:08.128064,Location Update: Jungle
INT7036152,703,Advice,2025-04-04 09:23:08.128069,Check: Heart Rate - High
INT7046558,704,Location Update,2025-04-20 09:23:08.128074,Location Update: Jungle
INT7056620,705,Location Update,2025-04-15 09:23:08.128079,Check: Heart Rate - High
INT7063424,706,Advice,2025-04-08 09:23:08.128085,Location Update: Jungle
INT7071179,707,Advice,2025-03-30 09:23:08.128089,Location Update: Jungle
INT7081006,708,Location Update,2025-04-16 09:23:08.128094,Check: Heart Rate - High
INT7098292,709,Vital Check,2025-04-18 09:23:08.128100,Check: Heart Rate - High
INT7101028,710,Advice,2025-04-10 09:23:08.128105,Check: Heart Rate - Normal
INT7115610,711,Location Update,2025-04-12 09:23:08.128111,Location Update: Jungle
INT7127573,712,Vital Check,2025-04-17 09:23:08.128116,Location Update: Jungle
INT7133422,713,Advice,2025-04-16 09:23:08.128121,Check: Heart Rate - High
INT7144513,714,Location Update,2025-03-22 09:23:08.128126,Check: Heart Rate - Low
INT7157929,715,Advice,2025-04-03 09:23:08.128131,Location Update: Jungle
INT7168339,716,Advice,2025-04-08 09:23:08.128138,Check: Heart Rate - High
INT7177610,717,Vital Check,2025-03-24 09:23:08.128144,Location Update: Jungle
INT7183976,718,Advice,2025-04-13 09:23:08.128149,Check: Heart Rate - Low
INT7198483,719,Advice,2025-04-14 09:23:08.128154,Location Update: Jungle
INT7201600,720,Advice,2025-03-31 09:23:08.128160,Check: Heart Rate - High
INT7212572,721,Location Update,2025-04-19 09:23:08.128166,Location Update: Jungle
INT7223132,722,Vital Check,2025-04-06 09:23:08.128171,Location Update: Jungle
INT7232663,723,Vital Check,2025-03-23 09:23:08.128176,Location Update: Jungle
INT7243634,724,Advice,2025-04-12 09:23:08.128181,Location Update: Jungle
INT7251645,725,Location Update,2025-04-13 09:23:08.128185,Location Update: Jungle
INT7263744,726,Vital Check,2025-04-09 09:23:08.128190,Check: Heart Rate - High
INT7277620,727,Location Update,2025-04-05 09:23:08.128196,Check: Heart Rate - Low
INT7289397,728,Advice,2025-03-21 09:23:08.128202,Location Update: Jungle
INT7292336,729,Vital Check,2025-03-31 09:23:08.128207,Check: Heart Rate - Normal
INT7304795,730,Vital Check,2025-03-23 09:23:08.128212,Location Update: Jungle
INT7312849,731,Location Update,2025-04-13 09:23:08.128217,Location Update: Jungle
INT7328215,732,Advice,2025-04-20 09:23:08.128224,Check: Heart Rate - Normal
INT7336669,733,Vital Check,2025-04-17 09:23:08.128229,Location Update: Jungle
INT7344013,734,Advice,2025-04-03 09:23:08.128234,Check: Heart Rate - Low
INT7357718,735,Location Update,2025-04-14 09:23:08.128240,Check: Heart Rate - High
INT7362783,736,Advice,2025-04-09 09:23:08.128246,Check: Heart Rate - Normal
INT7375790,737,Advice,2025-04-19 09:23:08.128254,Check: Heart Rate - Normal
INT7383926,738,Vital Check,2025-04-07 09:23:08.128260,Check: Heart Rate - High
INT7392513,739,Location Update,2025-04-03 09:23:08.128265,Check: Heart Rate - High
INT7402528,740,Advice,2025-03-31 09:23:08.128270,Location Update: Jungle
INT7419703,741,Advice,2025-04-12 09:23:08.128275,Check: Heart Rate - High
INT7425198,742,Advice,2025-03-31 09:23:08.128281,Check: Heart Rate - High
INT7439319,743,Vital Check,2025-03-23 09:23:08.128286,Check: Heart Rate - High
INT7443328,744,Vital Check,2025-04-13 09:23:08.128292,Check: Heart Rate - High
INT7452334,745,Location Update,2025-04-09 09:23:08.128297,Check: Heart Rate - Low
INT7464005,746,Advice,2025-04-13 09:23:08.128305,Check: Heart Rate - Normal
INT7474738,747,Location Update,2025-03-22 09:23:08.128311,Location Update: Jungle
INT7481317,748,Vital Check,2025-04-15 09:23:08.128316,Location Update: Jungle
INT7494344,749,Location Update,2025-04-13 09:23:08.128321,Check: Heart Rate - Normal
INT7507597,750,Location Update,2025-04-13 09:23:08.128327,Check: Heart Rate - High
INT7518682,751,Location Update,2025-04-09 09:23:08.128332,Location Update: Jungle
INT7525598,752,Location Update,2025-04-05 09:23:08.128337,Check: Heart Rate - High
INT7532898,753,Location Update,2025-04-16 09:23:08.128343,Location Update: Jungle
INT7545376,754,Location Update,2025-04-10 09:23:08.128348,Check: Heart Rate - Low
INT7559972,755,Advice,2025-04-17 09:23:08.128353,Check: Heart Rate - Normal
INT7569649,756,Vital Check,2025-04-04 09:23:08.128358,Location Update: Jungle
INT7572254,757,Advice,2025-03-23 09:23:08.128363,Location Update: Jungle
INT7585514,758,Advice,2025-04-01 09:23:08.128368,Check: Heart Rate - Normal
INT7593842,759,Advice,2025-04-08 09:23:08.128374,Location Update: Jungle
INT7606918,760,Advice,2025-04-11 09:23:08.128381,Location Update: Jungle
INT7618805,761,Advice,2025-03-27 09:23:08.128386,Location Update: Jungle
INT7628220,762,Vital Check,2025-04-08 09:23:08.128399,Location Update: Jungle
INT7637244,763,Location Update,2025-04-16 09:23:08.128404,Location Update: Jungle
INT7647522,764,Vital Check,2025-03-24 09:23:08.128411,Check: Heart Rate - Low
INT7654159,765,Location Update,2025-04-11 09:23:08.128417,Check: Heart Rate - Low
INT7664220,766,Advice,2025-04-04 09:23:08.128423,Location Update: Jungle
INT7679906,767,Location Update,2025-03-26 09:23:08.128428,Check: Heart Rate - High
INT7688423,768,Vital Check,2025-04-10 09:23:08.128433,Location Update: Jungle
INT7699151,769,Location Update,2025-03-29 09:23:08.128437,Location Update: Jungle
INT7703254,770,Advice,2025-04-20 09:23:08.128442,Location Update: Jungle
INT7718695,771,Vital Check,2025-04-19 09:23:08.128447,Location Update: Jungle
INT7729213,772,Location Update,2025-03-23 09:23:08.128452,Location Update: Jungle
INT7731599,773,Advice,2025-04-03 09:23:08.128457,Location Update: Jungle
INT7744827,774,Location Update,2025-04-04 09:23:08.128461,Location Update: Jungle
INT7754242,775,Advice,2025-03-29 09:23:08.128466,Location Update: Jungle
INT7767588,776,Vital Check,2025-04-09 09:23:08.128473,Location Update: Jungle
INT7777484,777,Advice,2025-04-07 09:23:08.128479,Location Update: Jungle
INT7782318,778,Vital Check,2025-03-22 09:23:08.128483,Location Update: Jungle
INT7797026,779,Vital Check,2025-04-16 09:23:08.128488,Check: Heart Rate - Normal
INT7803159,780,Vital Check,2025-04-15 09:23:08.128493,Check: Heart Rate - Normal
INT7816822,781,Vital Check,2025-04-01 09:23:08.128499,Check: Heart Rate - High
INT7825837,782,Vital Check,2025-04-16 09:23:08.128504,Check: Heart Rate - Low
INT7832550,783,Vital Check,2025-04-02 09:23:08.128510,Location Update: Jungle
INT7849457,784,Location Update,2025-04-05 09:23:08.128515,Location Update: Jungle
INT7858651,785,Advice,2025-03-21 09:23:08.128520,Location Update: Jungle
INT7863648,786,Location Update,2025-04-19 09:23:08.128525,Location Update: Jungle
INT7875852,787,Advice,2025-04-16 09:23:08.128529,Location Update: Jungle
INT7887914,788,Vital Check,2025-03-24 09:23:08.128534,Check: Heart Rate - Normal
INT7899506,789,Location Update,2025-04-05 09:23:08.128540,Check: Heart Rate - Low
INT7906355,790,Location Update,2025-03-30 09:23:08.128545,Location Update: Jungle
INT7916003,791,Vital Check,2025-03-27 09:23:08.128551,Location Update: Jungle
INT7928097,792,Location Update,2025-03-28 09:23:08.128555,Check: Heart Rate - Low
INT7935318,793,Vital Check,2025-03-30 09:23:08.128561,Check: Heart Rate - Normal
INT7942052,794,Vital Check,2025-04-09 09:23:08.128566,Check: Heart Rate - High
INT7951601,795,Vital Check,2025-04-09 09:23:08.128574,Location Update: Jungle
INT7961508,796,Advice,2025-04-16 09:23:08.128579,Location Update: Jungle
INT7975250,797,Vital Check,2025-04-20 09:23:08.128583,Check: Heart Rate - High
INT7983205,798,Vital Check,2025-03-23 09:23:08.128589,Location Update: Jungle
INT7992203,799,Vital Check,2025-03-22 09:23:08.128594,Check: Heart Rate - Low
INT8003531,800,Vital Check,2025-04-15 09:23:08.128599,Check: Heart Rate - Low
INT8015539,801,Advice,2025-04-10 09:23:08.128605,Check: Heart Rate - Low
INT8026710,802,Location Update,2025-03-27 09:23:08.128610,Check: Heart Rate - Normal
INT8033240,803,Advice,2025-04-07 09:23:08.128616,Check: Heart Rate - Low
INT8044417,804,Location Update,2025-04-18 09:23:08.128624,Location Update: Jungle
INT8056390,805,Location Update,2025-03-31 09:23:08.128629,Location Update: Jungle
INT8065137,806,Location Update,2025-04-08 09:23:08.128634,Location Update: Jungle
INT8077881,807,Vital Check,2025-03-24 09:23:08.128638,Check: Heart Rate - Normal
INT8085973,808,Location Update,2025-03-22 09:23:08.128644,Check: Heart Rate - Low
INT8091034,809,Advice,2025-04-14 09:23:08.128649,Location Update: Jungle
INT8108449,810,Location Update,2025-04-02 09:23:08.128655,Location Update: Jungle
INT8119442,811,Location Update,2025-04-17 09:23:08.128660,Location Update: Jungle
INT8125397,812,Location Update,2025-03-27 09:23:08.128665,Check: Heart Rate - Low
INT8137388,813,Location Update,2025-03-31 09:23:08.128670,Check: Heart Rate - Low
INT8148967,814,Location Update,2025-04-10 09:23:08.128676,Location Update: Jungle
INT8155475,815,Location Update,2025-03-29 09:23:08.128681,Check: Heart Rate - Low
INT8164442,816,Advice,2025-04-17 09:23:08.128687,Check: Heart Rate - Low
INT8171184,817,Vital Check,2025-04-10 09:23:08.128692,Location Update: Jungle
INT8181902,818,Vital Check,2025-04-15 09:23:08.128697,Check: Heart Rate - Normal
INT8196215,819,Vital Check,2025-03-28 09:23:08.128702,Location Update: Jungle
INT8206296,820,Location Update,2025-04-12 09:23:08.128707,Check: Heart Rate - High
INT8215567,821,Advice,2025-03-29 09:23:08.128712,Location Update: Jungle
INT8229674,822,Advice,2025-04-05 09:23:08.128717,Location Update: Jungle
INT8235302,823,Advice,2025-03-31 09:23:08.128724,Check: Heart Rate - Low
INT8248647,824,Vital Check,2025-04-18 09:23:08.128729,Check: Heart Rate - Normal
INT8254814,825,Location Update,2025-04-06 09:23:08.128736,Check: Heart Rate - High
INT8264937,826,Advice,2025-03-23 09:23:08.128742,Check: Heart Rate - High
INT8275554,827,Vital Check,2025-04-13 09:23:08.128750,Check: Heart Rate - Normal
INT8289800,828,Vital Check,2025-03-29 09:23:08.128755,Location Update: Jungle
INT8297465,829,Advice,2025-04-11 09:23:08.128760,Check: Heart Rate - High
INT8306521,830,Location Update,2025-03-27 09:23:08.128766,Check: Heart Rate - Low
INT8317589,831,Advice,2025-03-21 09:23:08.128771,Location Update: Jungle
INT8323601,832,Advice,2025-04-15 09:23:08.128776,Location Update: Jungle
INT8331362,833,Advice,2025-04-03 09:23:08.128783,Location Update: Jungle
INT8346688,834,Advice,2025-04-06 09:23:08.128787,Location Update: Jungle
INT8355113,835,Location Update,2025-04-09 09:23:08.128792,Check: Heart Rate - High
INT8366084,836,Advice,2025-04-15 09:23:08.128798,Location Update: Jungle
INT8379388,837,Location Update,2025-03-24 09:23:08.128802,Check: Heart Rate - Low
INT8389711,838,Advice,2025-03-29 09:23:08.128808,Check: Heart Rate - Low
INT8399542,839,Vital Check,2025-04-01 09:23:08.128813,Check: Heart Rate - High
INT8406677,840,Vital Check,2025-04-19 09:23:08.128818,Check: Heart Rate - Normal
INT8411582,841,Location Update,2025-04-03 09:23:08.128824,Location Update: Jungle
INT8429708,842,Location Update,2025-03-23 09:23:08.128828,Location Update: Jungle
INT8431199,843,Location Update,2025-04-17 09:23:08.128833,Check: Heart Rate - Low
INT8448201,844,Vital Check,2025-04-12 09:23:08.128840,Location Update: Jungle
INT8458390,845,Location Update,2025-03-26 09:23:08.128845,Check: Heart Rate - Normal
INT8468124,846,Location Update,2025-04-04 09:23:08.128851,Location Update: Jungle
INT8479323,847,Location Update,2025-03-29 09:23:08.128856,Location Update: Jungle
INT8487605,848,Advice,2025-04-08 09:23:08.128860,Location Update: Jungle
INT8497396,849,Vital Check,2025-04-08 09:23:08.128865,Location Update: Jungle
INT8504903,850,Advice,2025-04-08 09:23:08.128870,Location Update: Jungle
INT8517846,851,Advice,2025-03-23 09:23:08.128874,Location Update: Jungle
INT8528761,852,Advice,2025-03-22 09:23:08.128879,Check: Heart Rate - Normal
INT8531133,853,Advice,2025-04-19 09:23:08.128884,Check: Heart Rate - Normal
INT8544158,854,Advice,2025-03-27 09:23:08.128890,Check: Heart Rate - High
INT8554427,855,Location Update,2025-03-22 09:23:08.128895,Check: Heart Rate - Normal
INT8566303,856,Location Update,2025-03-27 09:23:08.128901,Check: Heart Rate - Low
INT8575814,857,Advice,2025-04-01 09:23:08.128906,Location Update: Jungle
INT8582879,858,Vital Check,2025-04-11 09:23:08.128911,Check: Heart Rate - Low
INT8598438,859,Vital Check,2025-03-27 09:23:08.128918,Location Update: Jungle
INT8606872,860,Vital Check,2025-04-13 09:23:08.128923,Location Update: Jungle
INT8617255,861,Advice,2025-04-05 09:23:08.128928,Location Update: Jungle
INT8628825,862,Advice,2025-04-11 09:23:08.128939,Check: Heart Rate - Low
INT8636509,863,Vital Check,2025-04-02 09:23:08.128945,Location Update: Jungle
INT8644558,864,Location Update,2025-03-29 09:23:08.128950,Location Update: Jungle
INT8655030,865,Location Update,2025-04-14 09:23:08.128955,Location Update: Jungle
INT8665603,866,Vital Check,2025-04-18 09:23:08.128960,Check: Heart Rate - High
INT8674306,867,Advice,2025-04-10 09:23:08.128966,Location Update: Jungle
INT8683999,868,Vital Check,2025-04-04 09:23:08.128971,Location Update: Jungle
INT8694002,869,Advice,2025-04-01 09:23:08.128976,Location Update: Jungle
INT8708255,870,Advice,2025-04-13 09:23:08.128980,Location Update: Jungle
INT8715590,871,Location Update,2025-03-31 09:23:08.128985,Check: Heart Rate - Normal
INT8724965,872,Vital Check,2025-03-25 09:23:08.128991,Check: Heart Rate - Low
INT8733213,873,Location Update,2025-03-22 09:23:08.128996,Check: Heart Rate - Low
INT8749711,874,Location Update,2025-04-04 09:23:08.129002,Location Update: Jungle
INT8759265,875,Location Update,2025-03-27 09:23:08.129007,Check: Heart Rate - Low
INT8769379,876,Location Update,2025-04-17 09:23:08.129012,Check: Heart Rate - High
INT8779366,877,Vital Check,2025-04-15 09:23:08.129018,Check: Heart Rate - Normal
INT8787629,878,Vital Check,2025-04-20 09:23:08.129024,Location Update: Jungle
INT8798533,879,Advice,2025-03-24 09:23:08.129029,Check: Heart Rate - Normal
INT8803921,880,Advice,2025-04-10 09:23:08.129034,Location Update: Jungle
INT8813959,881,Vital Check,2025-04-08 09:23:08.129039,Check: Heart Rate - Normal
INT8823871,882,Vital Check,2025-03-31 09:23:08.129045,Location Update: Jungle
INT8838874,883,Advice,2025-04-17 09:23:08.129050,Check: Heart Rate - Normal
INT8844836,884,Advice,2025-04-04 09:23:08.129055,Check: Heart Rate - Low
INT8858746,885,Advice,2025-03-21 09:23:08.129061,Location Update: Jungle
INT8861963,886,Location Update,2025-04-19 09:23:08.129066,Location Update: Jungle
INT8878992,887,Vital Check,2025-04-03 09:23:08.129071,Location Update: Jungle
INT8886182,888,Advice,2025-04-13 09:23:08.129076,Location Update: Jungle
INT8893588,889,Vital Check,2025-04-19 09:23:08.129081,Check: Heart Rate - Low
INT8909366,890,Location Update,2025-04-05 09:23:08.129086,Location Update: Jungle
INT8914095,891,Advice,2025-04-03 09:23:08.129096,Check: Heart Rate - Normal
INT8926499,892,Location Update,2025-04-14 09:23:08.129102,Location Update: Jungle
INT8934427,893,Vital Check,2025-04-10 09:23:08.129107,Check: Heart Rate - Normal
INT8945879,894,Vital Check,2025-04-15 09:23:08.129112,Location Update: Jungle
INT8958020,895,Location Update,2025-04-06 09:23:08.129117,Location Update: Jungle
INT8962480,896,Advice,2025-04-11 09:23:08.129122,Check: Heart Rate - Normal
INT8977069,897,Location Update,2025-03-28 09:23:08.129127,Check: Heart Rate - High
INT8982801,898,Location Update,2025-03-31 09:23:08.129133,Location Update: Jungle
INT8996358,899,Location Update,2025-04-19 09:23:08.129138,Location Update: Jungle
INT9009669,900,Location Update,2025-03-24 09:23:08.129143,Location Update: Jungle
INT9014667,901,Advice,2025-04-07 09:23:08.129148,Location Update: Jungle
INT9023676,902,Vital Check,2025-04-17 09:23:08.129152,Check: Heart Rate - High
INT9039273,903,Location Update,2025-04-06 09:23:08.129408,Check: Heart Rate - Normal
INT9041198,904,Vital Check,2025-04-07 09:23:08.129420,Check: Heart Rate - Normal
INT9054439,905,Vital Check,2025-04-19 09:23:08.129426,Location Update: Jungle
INT9062270,906,Advice,2025-04-04 09:23:08.129431,Check: Heart Rate - Normal
INT9072368,907,Advice,2025-04-19 09:23:08.129437,Location Update: Jungle
INT9086350,908,Vital Check,2025-04-15 09:23:08.129442,Check: Heart Rate - Low
INT9099347,909,Location Update,2025-03-31 09:23:08.129447,Location Update: Jungle
INT9103399,910,Vital Check,2025-03-31 09:23:08.129452,Location Update: Jungle
INT9116100,911,Vital Check,2025-04-18 09:23:08.129457,Location Update: Jungle
INT9126698,912,Vital Check,2025-03-21 09:23:08.129462,Check: Heart Rate - Low
INT9137325,913,Location Update,2025-04-19 09:23:08.129467,Check: Heart Rate - High
INT9149880,914,Advice,2025-04-02 09:23:08.129473,Check: Heart Rate - Low
INT9156287,915,Location Update,2025-04-01 09:23:08.129478,Check: Heart Rate - Low
INT9164749,916,Advice,2025-03-29 09:23:08.129484,Check: Heart Rate - High
INT9178671,917,Vital Check,2025-04-17 09:23:08.129489,Location Update: Jungle
INT9182500,918,Vital Check,2025-03-27 09:23:08.129494,Check: Heart Rate - Low
INT9196741,919,Vital Check,2025-04-02 09:23:08.129499,Location Update: Jungle
INT9201091,920,Advice,2025-04-01 09:23:08.129506,Check: Heart Rate - Normal
INT9214123,921,Advice,2025-03-23 09:23:08.129512,Check: Heart Rate - Low
INT9224828,922,Location Update,2025-04-11 09:23:08.129521,Check: Heart Rate - Low
INT9231254,923,Location Update,2025-04-11 09:23:08.129526,Location Update: Jungle
INT9241549,924,Advice,2025-03-28 09:23:08.129531,Check: Heart Rate - Low
INT9253788,925,Advice,2025-03-31 09:23:08.129537,Location Update: Jungle
INT9264410,926,Location Update,2025-03-25 09:23:08.129541,Location Update: Jungle
INT9277879,927,Vital Check,2025-03-21 09:23:08.129546,Check: Heart Rate - High
INT9285462,928,Advice,2025-04-16 09:23:08.129552,Location Update: Jungle
INT9297066,929,Location Update,2025-04-17 09:23:08.129559,Location Update: Jungle
INT9308646,930,Advice,2025-03-24 09:23:08.129564,Location Update: Jungle
INT9312911,931,Advice,2025-04-10 09:23:08.129569,Check: Heart Rate - High
INT9326483,932,Advice,2025-04-05 09:23:08.129574,Location Update: Jungle
INT9337443,933,Location Update,2025-04-12 09:23:08.129579,Check: Heart Rate - Normal
INT9344684,934,Advice,2025-04-04 09:23:08.129585,Check: Heart Rate - Normal
INT9355912,935,Advice,2025-04-04 09:23:08.129590,Location Update: Jungle
INT9368503,936,Vital Check,2025-04-12 09:23:08.129595,Check: Heart Rate - High
INT9379334,937,Advice,2025-03-22 09:23:08.129601,Check: Heart Rate - Low
INT9388139,938,Advice,2025-03-27 09:23:08.129607,Location Update: Jungle
INT9392124,939,Location Update,2025-04-15 09:23:08.129612,Check: Heart Rate - Low
INT9408487,940,Advice,2025-03-22 09:23:08.129617,Location Update: Jungle
INT9413027,941,Location Update,2025-04-18 09:23:08.129622,Location Update: Jungle
INT9422149,942,Advice,2025-03-23 09:23:08.129626,Location Update: Jungle
INT9433575,943,Vital Check,2025-04-09 09:23:08.129632,Check: Heart Rate - Low
INT9443360,944,Advice,2025-03-24 09:23:08.129637,Check: Heart Rate - High
INT9457327,945,Vital Check,2025-03-30 09:23:08.129643,Location Update: Jungle
INT9466158,946,Vital Check,2025-04-14 09:23:08.129648,Location Update: Jungle
INT9471734,947,Advice,2025-04-02 09:23:08.129652,Check: Heart Rate - Normal
INT9482114,948,Vital Check,2025-04-10 09:23:08.129658,Location Update: Jungle
INT9491381,949,Vital Check,2025-04-13 09:23:08.129667,Location Update: Jungle
INT9506727,950,Location Update,2025-04-03 09:23:08.129672,Location Update: Jungle
INT9512617,951,Advice,2025-04-15 09:23:08.129677,Check: Heart Rate - Normal
INT9523038,952,Location Update,2025-03-22 09:23:08.129683,Check: Heart Rate - High
INT9535708,953,Advice,2025-04-18 09:23:08.129688,Check: Heart Rate - Low
INT9547424,954,Location Update,2025-03-24 09:23:08.129696,Location Update: Jungle
INT9558447,955,Location Update,2025-03-31 09:23:08.129702,Check: Heart Rate - Low
INT9568645,956,Location Update,2025-04-15 09:23:08.129707,Check: Heart Rate - High
INT9571221,957,Location Update,2025-04-05 09:23:08.129713,Check: Heart Rate - Low
INT9587756,958,Location Update,2025-03-31 09:23:08.129718,Location Update: Jungle
INT9597182,959,Location Update,2025-03-21 09:23:08.129723,Check: Heart Rate - Low
INT9604450,960,Advice,2025-04-08 09:23:08.129729,Location Update: Jungle
INT9612186,961,Advice,2025-04-07 09:23:08.129733,Location Update: Jungle
INT9626856,962,Vital Check,2025-03-22 09:23:08.129738,Check: Heart Rate - Low
INT9637350,963,Advice,2025-03-30 09:23:08.129744,Location Update: Jungle
INT9641093,964,Location Update,2025-04-20 09:23:08.129750,Location Update: Jungle
INT9659383,965,Vital Check,2025-04-06 09:23:08.129755,Location Update: Jungle
INT9665583,966,Vital Check,2025-04-06 09:23:08.129759,Location Update: Jungle
INT9673033,967,Advice,2025-03-24 09:23:08.129765,Location Update: Jungle
INT9686477,968,Vital Check,2025-04-06 09:23:08.129769,Location Update: Jungle
INT9692602,969,Location Update,2025-03-23 09:23:08.129774,Check: Heart Rate - Low
INT9704390,970,Vital Check,2025-04-14 09:23:08.129780,Location Update: Jungle
INT9713122,971,Advice,2025-04-19 09:23:08.129785,Location Update: Jungle
INT9722706,972,Vital Check,2025-04-18 09:23:08.129789,Location Update: Jungle
INT9734037,973,Vital Check,2025-04-04 09:23:08.129794,Location Update: Jungle
INT9743525,974,Vital Check,2025-04-19 09:23:08.129807,Location Update: Jungle
INT9754707,975,Advice,2025-04-04 09:23:08.129812,Location Update: Jungle
INT9765160,976,Vital Check,2025-03-25 09:23:08.129817,Check: Heart Rate - High
INT9771525,977,Vital Check,2025-04-18 09:23:08.129822,Location Update: Jungle
INT9784940,978,Vital Check,2025-04-07 09:23:08.129830,Location Update: Jungle
INT9795881,979,Vital Check,2025-04-05 09:23:08.129835,Check: Heart Rate - High
INT9801014,980,Advice,2025-04-06 09:23:08.129840,Location Update: Jungle
INT9816634,981,Vital Check,2025-04-03 09:23:08.129845,Location Update: Jungle
INT9824785,982,Location Update,2025-03-27 09:23:08.129850,Check: Heart Rate - Low
INT9838732,983,Location Update,2025-03-23 09:23:08.129856,Location Update: Jungle
INT9842029,984,Advice,2025-04-14 09:23:08.129861,Check: Heart Rate - Normal
INT9858090,985,Advice,2025-04-04 09:23:08.129866,Check: Heart Rate - Normal
INT9868592,986,Location Update,2025-04-10 09:23:08.129874,Check: Heart Rate - High
INT9874267,987,Location Update,2025-04-11 09:23:08.129880,Check: Heart Rate - Normal
INT9882569,988,Advice,2025-03-31 09:23:08.129885,Location Update: Jungle
INT9895734,989,Location Update,2025-03-21 09:23:08.129890,Check: Heart Rate - Normal
INT9909774,990,Location Update,2025-04-04 09:23:08.129896,Check: Heart Rate - Low
INT9913009,991,Location Update,2025-04-04 09:23:08.129901,Check: Heart Rate - High
INT9926996,992,Advice,2025-04-06 09:23:08.129907,Location Update: Jungle
INT9933175,993,Vital Check,2025-03-26 09:23:08.129912,Check: Heart Rate - High
INT9942504,994,Location Update,2025-04-05 09:23:08.129918,Location Update: Jungle
INT9957727,995,Vital Check,2025-03-31 09:23:08.129922,Check: Heart Rate - Normal
INT9968610,996,Location Update,2025-04-19 09:23:08.129928,Check: Heart Rate - Low
INT9973674,997,Vital Check,2025-04-14 09:23:08.129933,Location Update: Jungle
INT9989026,998,Advice,2025-04-10 09:23:08.129938,Location Update: Jungle
INT9993919,999,Vital Check,2025-04-04 09:23:08.129943,Location Update: Jungle
INT10009248,1000,Location Update,2025-04-07 09:23:08.129950,Location Update: Jungle
