hunter_id,name,age,experience,terrain_type,terrain_difficulty
H-1000,Jeffery Gonzalez,41,3,Forest,15
H-1001,Anthony Lynch,18,5,Swamp,28
H-1002,Pamela Mcclain,29,10,Canyon,12
H-1003,Daniel Jackson,19,5,Canyon,45
H-1004,Danielle Patterson,28,12,City Ruins,47
H-1005,Devin Martinez,22,20,City Ruins,9
H-1006,Monique Burgess,50,7,Jungle,14
H-1007,Katherine Gonzales,23,20,Desert,3
H-1008,Aaron Greene,33,9,Desert,31
H-1009,Jacob Gregory,24,17,Swamp,45
H-1010,Julia Tate,26,4,Forest,6
H-1011,Eric Frey,35,3,Jungle,36
H-1012,John Price,26,1,Tundra,41
H-1013,Mrs. Ashley Cooke MD,46,17,Desert,18
H-1014,Erika Campos,42,16,Tundra,34
H-1015,George Wade,20,7,Mountains,30
H-1016,Yvonne Davis,49,9,City Ruins,11
H-1017,Robert Cooley,48,10,Tundra,50
H-1018,Carrie Gibson,18,20,Mountains,26
H-1019,Elizabeth Adams,25,2,Savanna,1
H-1020,Mikayla Miller,32,20,Savanna,4
H-1021,Melissa Tanner,38,13,City Ruins,14
H-1022,Brittany Smith,39,5,Desert,25
H-1023,Sydney White,39,19,Tundra,39
H-1024,Rebecca Brown,20,20,Savanna,19
H-1025,Benjamin Garcia,31,12,Tundra,50
H-1026,Shelley Harrison,33,16,Savanna,16
H-1027,Valerie Gomez MD,43,18,Desert,45
H-1028,Mary Jackson,49,6,Jungle,37
H-1029,Jessica Herrera,38,12,City Ruins,32
H-1030,Heather Coleman,41,13,Forest,26
H-1031,Douglas Pearson,20,2,Canyon,36
H-1032,Steven Davis,32,5,Jungle,1
H-1033,Christina Simmons,23,8,Volcanic Zone,8
H-1034,John Daniels,29,8,Forest,5
H-1035,Debra Johnson,19,13,Savanna,42
H-1036,Jasmine Krause,19,6,Tundra,39
H-1037,Kurt Espinoza,44,4,Savanna,26
H-1038,Caroline Martin,42,7,Tundra,41
H-1039,Alan Pratt,44,7,Canyon,27
H-1040,Louis Mercer,46,17,Forest,23
H-1041,Jennifer Hodges,42,4,Savanna,12
H-1042,Wesley Roy,40,10,Volcanic Zone,24
H-1043,Michael Brown,43,16,Tundra,15
H-1044,Anthony Morales,48,20,Canyon,21
H-1045,Emily Vance,49,16,Tundra,44
H-1046,Glenn Hall,24,19,Savanna,29
H-1047,Adam Harvey,28,13,Forest,6
H-1048,Anthony Alvarez,20,7,Volcanic Zone,48
H-1049,Rachel Mosley,42,6,Volcanic Zone,16
H-1050,Donald Waters,27,13,Swamp,19
H-1051,Earl Watson,21,11,Mountains,19
H-1052,Michael Mitchell,21,7,Forest,49
H-1053,Richard Mendoza,32,20,Swamp,27
H-1054,David Bell,38,2,Jungle,21
H-1055,Elizabeth Nelson,39,6,Forest,24
H-1056,Jason Jones,32,19,Desert,25
H-1057,Meagan Alvarado,18,2,Canyon,21
H-1058,Heather Hansen,26,9,Tundra,12
H-1059,Krista Thomas,49,16,Savanna,26
H-1060,Jordan Anderson,45,12,Mountains,18
H-1061,Timothy Chapman,49,19,Jungle,19
H-1062,Donna Perez,20,14,Swamp,29
H-1063,Jeremy Cooper,39,8,Swamp,36
H-1064,John Moore,21,7,City Ruins,46
H-1065,Tonya Adkins,37,5,Canyon,13
H-1066,Courtney Martinez,26,17,Forest,27
H-1067,Lisa Walters,45,2,Canyon,9
H-1068,Lisa Higgins,50,14,Volcanic Zone,13
H-1069,James Wallace,27,7,Canyon,29
H-1070,Jacob King,26,17,Canyon,11
H-1071,Ann Baldwin,21,8,Jungle,8
H-1072,Logan Chang,35,5,Swamp,34
H-1073,Anna Molina,35,8,Volcanic Zone,16
H-1074,Eric Smith,37,18,Jungle,1
H-1075,Jennifer Cooper,32,16,Swamp,48
H-1076,Jacqueline Gilbert,38,19,Savanna,28
H-1077,Paul Farmer,39,16,Savanna,3
H-1078,Douglas Flynn,48,20,Jungle,1
H-1079,Jessica Morales,33,19,Swamp,10
H-1080,Christopher Gomez,33,15,Jungle,9
H-1081,Anthony Davis,40,12,Mountains,40
H-1082,Bryan Ferguson,45,2,Jungle,27
H-1083,Jeffrey Garcia,47,6,Canyon,44
H-1084,Ashley Payne,27,8,Swamp,25
H-1085,Darryl Silva,24,12,Jungle,34
H-1086,Sandra Carlson,48,1,Mountains,8
H-1087,Michelle Stafford,25,6,Volcanic Zone,17
H-1088,Gina Gibson,44,1,Swamp,50
H-1089,Timothy Williams,37,8,Desert,12
H-1090,Kristen Clark,50,5,Savanna,36
H-1091,Sean Khan,18,17,City Ruins,15
H-1092,James Taylor,40,1,Mountains,37
H-1093,Joel Reynolds,33,14,Desert,44
H-1094,Ernest Thompson,28,9,Desert,13
H-1095,Justin Smith,18,10,Forest,15
H-1096,Megan Mata,21,17,Swamp,36
H-1097,Chelsea Bailey,20,17,Volcanic Zone,31
H-1098,Mrs. Heidi Briggs,26,16,Forest,14
H-1099,Larry Macias,36,6,Swamp,48
H-1100,Roberto Moreno,24,10,Jungle,26
H-1101,Jason Morgan,37,8,Jungle,49
H-1102,Joel Evans,30,1,Savanna,21
H-1103,Linda Johnson,22,3,Savanna,47
H-1104,Franklin Ball,30,6,Swamp,26
H-1105,Joel White,35,6,Savanna,7
H-1106,Jeffrey White,28,18,Jungle,3
H-1107,Daniel Smith,48,16,Volcanic Zone,5
H-1108,Daniel Marshall,42,8,Jungle,37
H-1109,Gina Perez,50,7,City Ruins,14
H-1110,Casey Allen,43,2,Swamp,34
H-1111,Gregory Rangel IV,48,7,Savanna,38
H-1112,Amber Stone,42,17,Canyon,13
H-1113,Jessica Lewis,50,13,Forest,3
H-1114,Cassandra Khan,49,14,Savanna,14
H-1115,Matthew Alvarez,21,8,Forest,37
H-1116,Carolyn Parrish,30,19,Canyon,37
H-1117,Thomas Johnson,23,20,Swamp,8
H-1118,Brendan Riddle,42,20,Mountains,12
H-1119,Cameron Sullivan,28,17,Canyon,35
H-1120,Michael Cox,40,14,Tundra,45
H-1121,Steven Lewis,32,9,Forest,43
H-1122,Sara Greene,18,16,City Ruins,44
H-1123,Matthew Higgins,33,12,Swamp,19
H-1124,Teresa Marshall,31,18,Forest,43
H-1125,Sarah Mills,21,2,Savanna,1
H-1126,Morgan Davis,24,2,Swamp,32
H-1127,Ann Lewis,27,7,Desert,7
H-1128,Jennifer Anderson,21,18,Jungle,32
H-1129,Ricky Nunez,31,14,Forest,3
H-1130,Kimberly Guzman,22,8,Desert,47
H-1131,Lori Daniels,49,7,Mountains,17
H-1132,Kevin Rice,19,6,Volcanic Zone,21
H-1133,Robert Peters,42,3,Canyon,39
H-1134,Justin Rodriguez,44,6,Swamp,32
H-1135,Megan Mejia,48,18,Tundra,30
H-1136,Amy Moreno,32,4,Canyon,29
H-1137,Donna Ortiz,41,16,Tundra,39
H-1138,Shannon Wilson,50,19,Tundra,6
H-1139,Joyce Warner,21,14,Forest,35
H-1140,Thomas Lynn,29,13,Tundra,5
H-1141,Eric Young,47,18,Canyon,26
H-1142,John Mcmahon,32,14,Jungle,23
H-1143,Leslie Suarez,43,19,Savanna,11
H-1144,Andre Howard,49,14,Volcanic Zone,19
H-1145,Julie Leach,48,14,Jungle,48
H-1146,Diane Reed,34,17,City Ruins,27
H-1147,Sarah Salazar,27,4,Swamp,25
H-1148,Patricia Martinez,33,10,Jungle,20
H-1149,Sarah Moran,22,20,Forest,40
H-1150,Carol Clay,46,9,Jungle,18
H-1151,Cheryl Webb,23,18,Volcanic Zone,8
H-1152,Tony Hill,40,1,Canyon,11
H-1153,Laurie King,48,17,Swamp,3
H-1154,Tyler Neal,38,16,Tundra,19
H-1155,James Berg,31,11,Savanna,20
H-1156,Deborah Jordan,35,15,Swamp,24
H-1157,Ian Park,23,8,Jungle,3
H-1158,Spencer Lane,28,11,Canyon,50
H-1159,Donna Taylor,27,2,Jungle,23
H-1160,Rebecca Simpson,19,5,Mountains,8
H-1161,Robert Graham,36,1,Volcanic Zone,39
H-1162,John Rangel,50,10,City Ruins,41
H-1163,Susan Moore,30,17,Savanna,21
H-1164,James Gonzalez,34,16,Canyon,40
H-1165,Douglas Richardson,18,19,Canyon,21
H-1166,Anne Barker,33,17,Tundra,34
H-1167,Christina Kelly,29,17,City Ruins,41
H-1168,Kristine Rodriguez,38,3,Jungle,23
H-1169,Pamela Moore,31,8,Savanna,15
H-1170,William Soto,50,15,City Ruins,20
H-1171,Cathy Mccall,29,17,Swamp,10
H-1172,Patrick Schmidt,38,1,Volcanic Zone,33
H-1173,Rachel Woods,38,16,Tundra,4
H-1174,Stacy Morton,33,10,Mountains,6
H-1175,Jamie Martinez,39,10,Swamp,23
H-1176,Eric Coleman,36,2,Swamp,29
H-1177,Harold Gordon Jr.,20,4,Canyon,44
H-1178,Brenda Wells,33,6,Desert,22
H-1179,Carla Anderson,30,13,Forest,4
H-1180,Maria Clark,46,15,Mountains,46
H-1181,Thomas Brady,38,18,Canyon,10
H-1182,Adam Harris,36,2,Jungle,8
H-1183,Jennifer Wallace,50,20,Tundra,50
H-1184,Christy Sanchez,22,15,City Ruins,19
H-1185,Megan Hernandez,21,4,Forest,28
H-1186,Tara Robinson,21,20,Tundra,36
H-1187,Erik Davis,47,9,City Ruins,38
H-1188,Latoya Romero,48,7,Forest,6
H-1189,Jessica Curtis,19,9,Tundra,25
H-1190,Hunter Deleon,33,14,City Ruins,21
H-1191,Alyssa Taylor,34,19,Tundra,45
H-1192,Brandy Perkins,26,9,Desert,27
H-1193,Molly Carter,30,1,Savanna,3
H-1194,Melissa Clark,34,18,Mountains,40
H-1195,Kristen Prince,28,4,City Ruins,19
H-1196,Lisa Smith,45,20,Volcanic Zone,39
H-1197,Matthew Pope,43,13,Jungle,39
H-1198,Gregory Matthews,37,10,Volcanic Zone,15
H-1199,John Brown,22,13,Mountains,30
H-1200,Dustin Smith,44,15,Canyon,43
H-1201,Ellen Matthews,48,3,Jungle,47
H-1202,Matthew Adams,40,4,Volcanic Zone,26
H-1203,Sheila Foley,27,2,Forest,9
H-1204,David Graves,35,4,Forest,2
H-1205,Joy George,25,3,Desert,18
H-1206,Jason Woods,45,7,Savanna,28
H-1207,Brian Ramirez,46,4,Swamp,41
H-1208,Melissa Choi,41,19,Savanna,27
H-1209,Sandra Harris,46,7,Tundra,34
H-1210,Joan Simmons,49,10,City Ruins,47
H-1211,Wesley Baird,22,14,Canyon,29
H-1212,Christopher Bauer,33,18,Mountains,32
H-1213,Linda Anderson,42,13,Tundra,21
H-1214,Drew Ramirez,50,12,Swamp,3
H-1215,Brian Briggs,36,4,Desert,17
H-1216,Christina Moore,28,3,Tundra,32
H-1217,Tina Harris,43,2,Mountains,31
H-1218,Mark Cochran,21,12,Forest,44
H-1219,Erica Adams,33,7,Volcanic Zone,28
H-1220,Jason Adams,22,9,Volcanic Zone,9
H-1221,Candace Fields,20,15,Swamp,13
H-1222,Jessica Moore,19,2,Canyon,12
H-1223,Rickey Briggs,35,11,Swamp,44
H-1224,Steven Flores,22,6,Forest,31
H-1225,David Mason,20,8,Swamp,28
H-1226,Jeffrey Wells,43,10,Desert,39
H-1227,Rebecca Mcintyre,23,9,Desert,19
H-1228,Julie Frey,43,17,Volcanic Zone,14
H-1229,Taylor Rhodes,36,7,City Ruins,22
H-1230,Andrew Norris,30,4,Savanna,39
H-1231,Wayne Price,40,4,Desert,9
H-1232,Heather Young,41,5,Forest,31
H-1233,James Barton,27,4,Desert,23
H-1234,Jennifer Hatfield,40,15,Swamp,9
H-1235,Tricia Hayes,50,20,Volcanic Zone,24
H-1236,Kristen Chan,40,7,Tundra,6
H-1237,Carl Ross,27,8,Canyon,45
H-1238,John Carpenter,19,12,Mountains,32
H-1239,Caleb Baker,25,13,Jungle,16
H-1240,Melody Lee,37,13,City Ruins,22
H-1241,Matthew Flores,27,8,Tundra,16
H-1242,Mr. Cory Beard,28,12,Desert,24
H-1243,William Ho,22,19,Savanna,11
H-1244,Bethany Smith,41,14,Canyon,13
H-1245,Adam Barrera,41,3,City Ruins,4
H-1246,Stacy Huang,27,11,City Ruins,43
H-1247,Jeremy Chapman,36,20,Volcanic Zone,21
H-1248,Ronald Moore,42,16,Savanna,8
H-1249,Matthew Meyers,20,10,Tundra,26
H-1250,Elizabeth Kline,40,3,Tundra,16
H-1251,Shelley Sanchez,35,15,City Ruins,20
H-1252,Debra Banks,39,6,City Ruins,38
H-1253,Jacqueline Stewart,38,1,Savanna,39
H-1254,Jason Bullock,33,15,Savanna,19
H-1255,Jacob Wolfe,27,13,City Ruins,4
H-1256,Ruben Lynch Jr.,45,12,Volcanic Zone,22
H-1257,Brenda Simpson DDS,22,17,Canyon,1
H-1258,Breanna Simpson,35,2,Forest,8
H-1259,Logan Mcintyre,25,3,Canyon,6
H-1260,Timothy Kelley,25,12,City Ruins,16
H-1261,Michael Galloway,29,2,Savanna,22
H-1262,Donna Caldwell DDS,38,17,Jungle,21
H-1263,Christopher Thompson,39,20,Desert,38
H-1264,Kayla Day,42,7,Tundra,21
H-1265,Jeffrey Beck,34,14,Volcanic Zone,9
H-1266,Stephen Macdonald,23,20,Savanna,5
H-1267,Tracy Lewis,20,15,Forest,47
H-1268,Omar Arellano,27,17,Mountains,21
H-1269,Kenneth Bailey,21,13,Mountains,27
H-1270,Andrea Greene,46,13,Desert,26
H-1271,Nancy Schmidt,43,20,Jungle,9
H-1272,Roger Cortez,41,18,Tundra,7
H-1273,Caitlin Cooper,24,18,Forest,8
H-1274,Kayla Wallace,18,19,Desert,38
H-1275,Dana Carlson DVM,18,13,Volcanic Zone,25
H-1276,Carla Davis,45,6,City Ruins,29
H-1277,Meredith Compton,24,14,Mountains,18
H-1278,Matthew Anderson,48,6,City Ruins,14
H-1279,Brian Jones,46,3,Tundra,33
H-1280,Jordan Copeland,27,3,Swamp,41
H-1281,Tina White,38,16,Jungle,15
H-1282,Nichole Williamson,45,16,Jungle,13
H-1283,James Humphrey,19,2,Desert,1
H-1284,John Kelly,32,3,Canyon,40
H-1285,Travis Hopkins,32,20,Desert,46
H-1286,Kevin Goodwin,30,14,Mountains,24
H-1287,Stephanie Martin,48,20,Desert,32
H-1288,Shane Jones,48,17,Desert,6
H-1289,Brandi Maldonado,31,13,City Ruins,36
H-1290,Charles Richards,23,20,Mountains,12
H-1291,Riley Cooper,21,1,Mountains,14
H-1292,Brittany Ellison,47,1,Volcanic Zone,12
H-1293,Rachel Woods,26,6,Forest,8
H-1294,Vernon West,25,19,Mountains,47
H-1295,Eric Davidson,28,12,Swamp,43
H-1296,Nicholas Hunt,50,9,Jungle,50
H-1297,Linda Doyle,25,14,Canyon,13
H-1298,James Cowan,18,6,Forest,43
H-1299,Sean Holt,37,1,Jungle,14
H-1300,Mark Reed,35,5,Forest,50
H-1301,Jeffrey Garcia,22,12,Mountains,16
H-1302,Victoria Mahoney,36,7,Volcanic Zone,47
H-1303,Kelly Carroll,28,11,Mountains,39
H-1304,Angela Evans,47,4,Jungle,6
H-1305,Pamela Mathis,21,3,Volcanic Zone,12
H-1306,Philip Weaver,44,17,City Ruins,35
H-1307,Sheri Joyce,18,6,Volcanic Zone,9
H-1308,Daniel Ochoa,25,10,Jungle,18
H-1309,Lisa Roy,31,20,Tundra,11
H-1310,Ruth Brown,28,2,Swamp,34
H-1311,Brandy Stewart MD,47,4,Desert,9
H-1312,Luke Peterson,47,8,Swamp,38
H-1313,Steven Morton,43,1,Swamp,29
H-1314,Jeffrey Cole,24,3,Volcanic Zone,28
H-1315,Kelly Bradford,41,8,Jungle,17
H-1316,Emily Robertson,39,8,Canyon,14
H-1317,Elizabeth Evans,18,19,Tundra,46
H-1318,Rachel Maxwell,21,6,Savanna,50
H-1319,Christopher Williams,19,9,Jungle,19
H-1320,Brendan Mayo,26,9,Forest,20
H-1321,Micheal Elliott,38,3,Tundra,21
H-1322,Jenna Anderson,20,3,Volcanic Zone,29
H-1323,Scott Bishop,43,2,Savanna,50
H-1324,Deborah Moore,27,16,Volcanic Zone,25
H-1325,Jessica Thompson,28,3,Canyon,43
H-1326,Susan Colon,43,1,Swamp,25
H-1327,Victoria Dominguez,26,15,Savanna,14
H-1328,Adam Gilmore,18,3,City Ruins,44
H-1329,Annette Porter,46,4,Volcanic Zone,3
H-1330,Robert Baker,38,15,Tundra,31
H-1331,Robert Edwards,40,18,Canyon,2
H-1332,Daniel Wood,48,19,Tundra,35
H-1333,Shelby Murillo,47,11,Forest,9
H-1334,Victoria Brown,46,11,Mountains,25
H-1335,Erin Melendez,30,1,Tundra,34
H-1336,Stephen Malone,47,13,Tundra,35
H-1337,Jessica Cole,46,16,Mountains,4
H-1338,Amy Gonzalez,28,9,Jungle,16
H-1339,Crystal Ayala,33,2,Jungle,34
H-1340,Karen Mcgee,18,18,Canyon,46
H-1341,Kimberly Rocha,25,7,Canyon,7
H-1342,Allison Dyer,32,14,Savanna,12
H-1343,Bruce Vaughn,50,20,City Ruins,17
H-1344,Tracy Graham,48,6,Volcanic Zone,21
H-1345,Robert Barber,39,20,Mountains,1
H-1346,Jonathan Stephens,47,19,Savanna,9
H-1347,Samantha Adkins,22,13,Swamp,42
H-1348,Kenneth Simmons,21,15,City Ruins,47
H-1349,Brian Price,20,14,Desert,41
H-1350,Justin Le,32,4,Jungle,9
H-1351,Amy Wong,37,20,Swamp,24
H-1352,Jeffrey Carter,45,12,Savanna,12
H-1353,Richard Duran,48,17,Desert,1
H-1354,Laura Jones,42,15,Mountains,5
H-1355,Ruben Carrillo,39,18,City Ruins,48
H-1356,Robert Shaw,50,20,Volcanic Zone,38
H-1357,Dylan Gonzalez,38,3,Volcanic Zone,8
H-1358,Tiffany Day,29,3,Mountains,38
H-1359,Shannon Peters,20,20,Jungle,44
H-1360,Brandy Garcia,24,5,Forest,27
H-1361,Margaret Russell,20,6,Swamp,19
H-1362,Thomas Miller,23,9,Forest,37
H-1363,Katherine Ramos DDS,35,4,Savanna,11
H-1364,Jose Santiago,20,18,Canyon,32
H-1365,Sandra Elliott,28,6,Tundra,43
H-1366,Randy Stewart,33,2,Canyon,1
H-1367,Jill Mullins,22,16,Forest,33
H-1368,Krystal Hall,37,2,Volcanic Zone,38
H-1369,Kristina Walton,50,17,Desert,48
H-1370,Patrick Coleman,34,4,Swamp,42
H-1371,Christopher Boyle,22,9,Mountains,50
H-1372,Taylor Murphy,42,5,Savanna,32
H-1373,Jillian Carroll,21,12,Mountains,25
H-1374,Stacy Wang,50,5,Tundra,18
H-1375,Amber Spence,20,9,Canyon,28
H-1376,David Robinson,45,14,Canyon,43
H-1377,Lisa Chan,27,1,Swamp,39
H-1378,John Bennett,30,7,Canyon,45
H-1379,Teresa Vaughan,28,13,Jungle,23
H-1380,Crystal Andrews,24,15,Mountains,35
H-1381,Lawrence Henry,46,2,Swamp,40
H-1382,Kenneth Bray,40,17,Savanna,3
H-1383,Tiffany Hamilton,34,3,Desert,36
H-1384,Nicole Ortiz,28,17,Mountains,25
H-1385,Leslie Phillips,21,16,Mountains,6
H-1386,Christopher King,49,13,Canyon,23
H-1387,Michael Sawyer,37,6,Canyon,35
H-1388,Alexis Oliver,49,7,Savanna,9
H-1389,Savannah Smith,45,14,City Ruins,44
H-1390,Ana Diaz,22,4,Tundra,10
H-1391,Justin Boyle,48,3,Forest,26
H-1392,Gregory Morgan,19,1,Desert,16
H-1393,Brian Luna,33,12,Swamp,9
H-1394,Andrew Schroeder,48,19,Canyon,24
H-1395,Lisa King,19,9,Mountains,43
H-1396,Rebecca Jenkins,18,4,Mountains,26
H-1397,Jessica Blanchard,24,2,Canyon,39
H-1398,Patricia Avila,27,13,Mountains,21
H-1399,Gary Bennett,25,10,Volcanic Zone,22
H-1400,Christopher Adams,22,7,Canyon,49
H-1401,Tiffany Young,31,19,Desert,11
H-1402,Cesar Jackson,29,4,Mountains,24
H-1403,John Mccormick,37,9,City Ruins,29
H-1404,Dr. Derrick Christensen,23,20,Canyon,6
H-1405,Rebecca Nguyen,32,11,Desert,7
H-1406,Elizabeth Cruz,32,16,Swamp,24
H-1407,Ashley Christensen,39,2,Volcanic Zone,16
H-1408,Steven Duncan,37,4,Forest,16
H-1409,Joshua Simmons,48,11,Canyon,50
H-1410,Bobby Wilson,48,7,Swamp,16
H-1411,Kathy Foley,38,7,Volcanic Zone,23
H-1412,Stephanie Powers,49,13,Tundra,50
H-1413,Angela Blair,29,6,Forest,42
H-1414,Steven Woods,29,10,Jungle,41
H-1415,Rodney Rivera,31,16,Savanna,38
H-1416,Matthew Landry,47,11,Volcanic Zone,38
H-1417,Karen Avila,31,19,Forest,50
H-1418,Nancy Robinson,50,16,Forest,31
H-1419,Emily Cherry,24,1,Mountains,16
H-1420,Kevin Thomas,22,17,Volcanic Zone,45
H-1421,Tina Garcia,23,7,Desert,2
H-1422,Stephanie Smith,36,17,Mountains,34
H-1423,Randy Davis,31,6,Forest,19
H-1424,Shelby Wright,31,12,Volcanic Zone,39
H-1425,Michelle Mitchell,48,17,Mountains,6
H-1426,Deborah Wheeler,47,5,Desert,31
H-1427,Holly Garcia,40,11,Tundra,27
H-1428,Lisa Chavez,46,2,Canyon,50
H-1429,Ebony Rivera,23,19,Tundra,16
H-1430,Alyssa Murphy,46,1,Canyon,18
H-1431,William Taylor,34,11,Swamp,2
H-1432,Dave Baird,38,11,Desert,11
H-1433,Denise Brown,36,7,Swamp,1
H-1434,Anthony Morris,38,14,City Ruins,5
H-1435,Zachary Gardner,30,5,Tundra,21
H-1436,Donald Bender,27,13,Swamp,9
H-1437,Crystal Stone,24,13,Forest,9
H-1438,Samuel Martinez,39,17,Desert,22
H-1439,Edwin Fuller,19,12,Swamp,20
H-1440,Jacqueline Harrell MD,26,8,Savanna,17
H-1441,Brittany Snow,21,10,Volcanic Zone,23
H-1442,Melissa Bullock,36,18,Savanna,3
H-1443,Brian Patterson,20,16,Tundra,32
H-1444,Rachel Smith,44,1,Jungle,24
H-1445,Erin Kennedy,21,12,City Ruins,20
H-1446,Juan Baker,49,16,Forest,48
H-1447,Sarah Wong,28,16,Forest,30
H-1448,Nicole Smith,33,11,City Ruins,22
H-1449,Travis Ellis,24,14,Tundra,17
H-1450,Terry Webb,28,12,Volcanic Zone,43
H-1451,Hannah Hernandez,45,1,City Ruins,17
H-1452,David Farmer,36,11,Jungle,25
H-1453,Daniel Wilson,26,5,Jungle,34
H-1454,Micheal Parker,28,11,Volcanic Zone,21
H-1455,William Perkins,33,18,Desert,45
H-1456,Ashley Hicks,31,16,Savanna,8
H-1457,Erika Moore,35,1,Swamp,13
H-1458,Devin Gonzales,27,4,Jungle,17
H-1459,Monica Griffith,24,8,Tundra,33
H-1460,Maria Haas,29,6,City Ruins,48
H-1461,Jennifer Stephenson,31,16,Desert,22
H-1462,Samantha Simpson,49,16,Savanna,27
H-1463,Thomas Gay,28,20,Canyon,22
H-1464,Jennifer Payne,35,7,Forest,17
H-1465,Anna Coleman,32,14,Mountains,49
H-1466,Gene Horn,42,17,Canyon,11
H-1467,Bobby Moore,50,16,City Ruins,35
H-1468,Chris Richardson,21,13,Tundra,39
H-1469,Adrian Jordan,43,11,Desert,28
H-1470,Vincent Allen,31,10,Forest,18
H-1471,Lisa Turner,49,16,Volcanic Zone,4
H-1472,Rodney Strong,27,2,Mountains,31
H-1473,Paul Morris,31,1,Tundra,10
H-1474,Samantha Barnett,20,15,Savanna,2
H-1475,David Carey,26,13,Savanna,38
H-1476,Jason Cook,43,3,Desert,34
H-1477,Brandy West,20,18,Jungle,27
H-1478,Gabrielle Matthews,24,1,Volcanic Zone,16
H-1479,Lisa Reilly,49,11,Tundra,30
H-1480,Gabriel Hudson,19,9,Desert,38
H-1481,Stephen Graves,47,1,Canyon,8
H-1482,Michael Middleton,34,2,Mountains,41
H-1483,Thomas Lawson,32,5,City Ruins,12
H-1484,William Phelps,18,8,City Ruins,29
H-1485,Deborah Holloway,46,7,Savanna,46
H-1486,Yvette Smith,19,8,Tundra,45
H-1487,Emily Smith,20,16,City Ruins,3
H-1488,Mike Hughes,29,17,City Ruins,21
H-1489,Joshua Garrett,36,18,Savanna,37
H-1490,William Mills,30,1,Tundra,31
H-1491,Charles Castillo,33,19,Canyon,42
H-1492,Eugene Coleman,48,17,Savanna,43
H-1493,David Green,43,10,Canyon,36
H-1494,Kimberly Khan,42,13,Savanna,41
H-1495,Veronica Hatfield,47,11,Swamp,40
H-1496,Belinda Cook,22,16,Mountains,46
H-1497,Tommy Mathews,19,6,Swamp,34
H-1498,Todd Garcia,48,3,Savanna,4
H-1499,Jessica Edwards,49,7,Swamp,27
H-1500,Kenneth Hall,26,7,Desert,17
H-1501,Karl Delacruz,41,9,City Ruins,45
H-1502,Tina Lopez,41,15,City Ruins,39
H-1503,Katherine Ford,43,10,City Ruins,45
H-1504,Anna Howe,34,13,Jungle,11
H-1505,Angela Cooper,29,6,Mountains,39
H-1506,Bobby Haynes,22,13,City Ruins,21
H-1507,Eric Henry,33,8,Swamp,25
H-1508,Jonathan Graham,39,4,Savanna,16
H-1509,Joseph Bauer,42,18,Forest,31
H-1510,Dennis Jones,46,12,Volcanic Zone,19
H-1511,Dr. Terry Neal,26,4,Desert,13
H-1512,Kayla White,23,17,Forest,4
H-1513,Isabel Marshall,19,15,Desert,27
H-1514,Jenna Joyce,39,10,Volcanic Zone,24
H-1515,Miguel Rowe,49,16,Swamp,22
H-1516,James Trevino,44,12,Savanna,25
H-1517,Chris Gay,50,7,Swamp,50
H-1518,Jessica Green,49,7,Tundra,34
H-1519,Sarah Schroeder,25,18,Canyon,41
H-1520,Sheila Hawkins,49,15,Swamp,46
H-1521,Darren Taylor,43,8,Canyon,38
H-1522,Kimberly Hardy,36,1,Forest,17
H-1523,Sharon Pierce,31,4,Canyon,11
H-1524,James Camacho,22,14,Mountains,47
H-1525,James Turner,22,1,Canyon,14
H-1526,Erin Cunningham,35,19,Forest,7
H-1527,Bridget Archer,45,5,Desert,35
H-1528,Eric Reed,34,17,Jungle,42
H-1529,Lauren Hughes,36,13,Tundra,6
H-1530,Sara Guzman,43,14,Volcanic Zone,6
H-1531,Carolyn Bates,40,2,Swamp,15
H-1532,Christopher Watkins,48,9,Canyon,28
H-1533,Brian Miller,45,9,Volcanic Zone,19
H-1534,Meagan Wade,46,17,Desert,3
H-1535,Bradley Ewing,29,11,Desert,37
H-1536,Sarah Mcclain,46,8,Mountains,30
H-1537,Catherine Dawson,37,11,Desert,25
H-1538,Jesse Johnson,41,11,Tundra,43
H-1539,Cassandra Evans,21,11,Swamp,45
H-1540,Margaret Elliott,38,2,Jungle,41
H-1541,Robert Johnson,48,8,Tundra,15
H-1542,Amanda Vasquez,42,2,Canyon,32
H-1543,Crystal May,35,13,Swamp,15
H-1544,Brittany Ballard,30,4,City Ruins,32
H-1545,Ms. Heather Williams,22,8,Desert,10
H-1546,Tammy White,18,5,Forest,29
H-1547,Benjamin Hicks,47,14,Volcanic Zone,18
H-1548,Adrian Mahoney,43,12,Volcanic Zone,42
H-1549,Michael Moreno,30,20,Forest,39
H-1550,John Alvarado,38,12,Mountains,29
H-1551,Katie Cruz,31,7,Volcanic Zone,28
H-1552,Kevin Hall,29,6,Canyon,37
H-1553,Kirk Thompson,18,1,Volcanic Zone,29
H-1554,Michael Vega,41,17,Mountains,46
H-1555,Richard Herrera,39,16,Savanna,16
H-1556,Jesse Fuller,50,15,Tundra,5
H-1557,Debbie Poole,46,13,Swamp,1
H-1558,Susan Rivera,35,14,Canyon,17
H-1559,Pamela Irwin,47,11,City Ruins,1
H-1560,Paul Mclaughlin,32,11,City Ruins,14
H-1561,Trevor Wilson,37,14,Canyon,20
H-1562,Emily Jacobs,27,12,Desert,50
H-1563,Tamara Murray,20,15,City Ruins,10
H-1564,Malik Spencer,46,12,Savanna,5
H-1565,Amanda Flores,38,3,Canyon,35
H-1566,Melissa Taylor,35,11,City Ruins,35
H-1567,Nancy Savage,50,11,Mountains,7
H-1568,Timothy Castro,26,6,City Ruins,39
H-1569,Matthew Rowland,31,16,City Ruins,2
H-1570,Joshua Grant,19,9,City Ruins,15
H-1571,James Maldonado,19,8,Jungle,24
H-1572,John Weaver,38,9,Jungle,23
H-1573,Heather Evans,50,4,Desert,40
H-1574,Amber Jones,44,3,Forest,29
H-1575,Susan Fletcher,42,7,Savanna,24
H-1576,April Cooper,42,19,Savanna,33
H-1577,Ryan Stephenson,32,7,Mountains,28
H-1578,Erica Williams,20,10,Desert,12
H-1579,Jeffrey Jones,44,17,Forest,29
H-1580,Virginia Oliver,22,4,Desert,27
H-1581,Renee Watson,35,10,Jungle,26
H-1582,Jeremy Olson,26,16,Jungle,2
H-1583,Patrick Jones,23,1,Volcanic Zone,24
H-1584,Wendy Wright,49,1,City Ruins,22
H-1585,Sheryl Salinas,23,8,Tundra,2
H-1586,Bradley Dyer,35,1,Savanna,15
H-1587,Troy White,37,14,Jungle,22
H-1588,Theresa Roach,40,1,Desert,50
H-1589,Justin Dougherty,44,5,Desert,3
H-1590,Brian Cox,31,15,Forest,7
H-1591,John Bass,48,18,Forest,46
H-1592,Shawn Kemp,46,9,Mountains,1
H-1593,Jeffrey Garcia,24,15,Desert,50
H-1594,Luis Harris,30,5,Jungle,29
H-1595,Tricia Edwards,45,9,Forest,36
H-1596,Johnathan Thompson,45,10,Swamp,49
H-1597,Corey Johnson,44,6,Tundra,50
H-1598,David Thomas,31,2,Swamp,27
H-1599,Charlotte Pollard,46,10,Desert,10
H-1600,Mario Hurley,26,9,Forest,14
H-1601,Nicholas Gonzalez,26,1,Forest,17
H-1602,Brett Martin,24,13,Jungle,8
H-1603,Joshua Sandoval,27,1,Tundra,34
H-1604,Alicia Glover,23,4,Canyon,33
H-1605,Amanda Shelton,42,10,Savanna,17
H-1606,Eric Huynh,42,14,Forest,19
H-1607,Ruben Barker,31,9,City Ruins,34
H-1608,Gina Bell,35,12,Tundra,22
H-1609,Michelle Smith,38,19,Mountains,28
H-1610,Monica Smith,42,10,Canyon,27
H-1611,Dominique Hudson,50,14,Swamp,42
H-1612,Terry Bentley,36,10,Jungle,39
H-1613,Nathan Williams,48,1,Forest,24
H-1614,Breanna Daniels,36,5,Jungle,44
H-1615,Becky Lawson,23,6,Savanna,37
H-1616,Richard Rodriguez,20,12,Tundra,41
H-1617,Abigail Chapman DVM,25,18,Desert,15
H-1618,Eric Hobbs,42,16,Savanna,11
H-1619,Charles Bailey,39,6,Tundra,34
H-1620,Erica Gregory,20,17,Volcanic Zone,36
H-1621,Shelby Jones,32,19,Volcanic Zone,36
H-1622,Carolyn Mueller,33,11,Volcanic Zone,18
H-1623,Maria Hansen,40,19,Swamp,35
H-1624,Lauren Sampson,42,7,City Ruins,15
H-1625,Jason Snyder,43,7,Canyon,41
H-1626,Christopher Lowery,29,8,Desert,44
H-1627,Lynn Jones,19,8,City Ruins,48
H-1628,Debra Kim,35,13,Swamp,42
H-1629,Garrett Nelson,49,19,Desert,46
H-1630,Nathan Bray,31,18,Forest,31
H-1631,Katie Porter,23,17,Jungle,15
H-1632,Kelsey Hickman,32,20,Jungle,7
H-1633,Bonnie Vasquez,42,14,Savanna,27
H-1634,Samantha Holloway,19,11,Desert,5
H-1635,Sonya Vincent,41,7,Swamp,20
H-1636,Marcus Clark,26,7,Desert,19
H-1637,Nathan Phillips,37,11,Forest,16
H-1638,Dana Espinoza,35,14,Tundra,16
H-1639,Matthew Mitchell,19,11,Jungle,40
H-1640,Mr. Tim Ross,39,14,Swamp,50
H-1641,Jeffrey Sherman,31,14,City Ruins,44
H-1642,Heather Mitchell,38,6,Jungle,7
H-1643,Pamela Gibbs,22,12,Forest,32
H-1644,Richard Wilson,26,19,Mountains,4
H-1645,Samantha Daniels,36,11,Swamp,36
H-1646,Scott Johnson,45,4,Jungle,13
H-1647,Wesley Smith,27,13,Tundra,19
H-1648,Tamara Taylor,22,7,Swamp,7
H-1649,Michael Brooks,18,9,Canyon,28
H-1650,Russell Harris,35,17,Mountains,37
H-1651,Julia Allen,38,6,Desert,1
H-1652,Alyssa Barnett,47,17,Canyon,50
H-1653,Alexander Kirk,42,14,Forest,36
H-1654,Kevin Martin,37,9,City Ruins,41
H-1655,Laurie Castaneda,35,17,Mountains,32
H-1656,Crystal Wilkins,35,16,Canyon,2
H-1657,Robert Steele,35,5,Forest,38
H-1658,Joseph Lyons,50,17,Canyon,46
H-1659,Tiffany James,36,7,Volcanic Zone,43
H-1660,Andrea Fox,40,16,Tundra,34
H-1661,Thomas Raymond,23,10,Desert,13
H-1662,Ashley Thompson,22,5,City Ruins,37
H-1663,Nicole Brady,50,18,Swamp,14
H-1664,Daniel Allen,32,11,Mountains,13
H-1665,Nicholas Thompson,30,5,City Ruins,31
H-1666,Allison Maddox,46,13,Swamp,3
H-1667,Steven Skinner,31,13,Mountains,27
H-1668,Megan Cooper,31,14,City Ruins,46
H-1669,David George,32,15,Swamp,29
H-1670,Brandon Anderson,24,5,Savanna,9
H-1671,Melissa Chaney,40,15,City Ruins,36
H-1672,Brett Ponce,44,1,Tundra,18
H-1673,Stephen Wilson,25,16,Forest,46
H-1674,Michael Smith,19,16,Volcanic Zone,8
H-1675,Nathan Rodriguez,23,14,Volcanic Zone,40
H-1676,Justin Hinton,20,11,Canyon,3
H-1677,Jason Torres,49,16,Canyon,21
H-1678,Albert James,46,4,Swamp,32
H-1679,Julie Mcintyre,47,8,Savanna,27
H-1680,Lindsey Smith,27,15,City Ruins,1
H-1681,Monique Holmes,22,10,Canyon,45
H-1682,Sara Mccarthy,44,5,City Ruins,4
H-1683,Rachael Maldonado,30,15,Volcanic Zone,35
H-1684,Kathleen Ward,24,2,City Ruins,23
H-1685,Ashley Campbell,36,1,Forest,38
H-1686,Wayne Myers,31,10,Volcanic Zone,9
H-1687,Rhonda Nelson,28,6,Swamp,15
H-1688,James Smith,25,1,Tundra,48
H-1689,David Sullivan,38,14,Tundra,30
H-1690,Brandon Guzman,31,20,City Ruins,16
H-1691,Joel Jones,31,7,Desert,33
H-1692,Larry Johnson,18,6,City Ruins,25
H-1693,Stephen Cook,43,8,Forest,27
H-1694,Catherine Roth,36,4,Forest,1
H-1695,Michael Hamilton,39,1,City Ruins,16
H-1696,Allison Aguirre,49,15,Jungle,12
H-1697,Daniel Casey,39,7,Savanna,28
H-1698,Bradley Davila,35,19,Mountains,30
H-1699,Logan Torres,41,8,Desert,38
H-1700,Samantha Buchanan,27,15,Volcanic Zone,4
H-1701,Kayla Cameron,27,5,Swamp,24
H-1702,Amy Brewer,49,9,Swamp,38
H-1703,April Gay,24,14,City Ruins,29
H-1704,Stephanie Chung,39,18,Tundra,41
H-1705,Scott Whitaker,29,17,Swamp,43
H-1706,Andrew Kane,28,11,Desert,1
H-1707,Larry Jones,21,10,Tundra,47
H-1708,Jessica Benitez,49,6,Mountains,14
H-1709,Wayne Fields,29,12,Volcanic Zone,43
H-1710,Sarah Robinson,46,17,Mountains,28
H-1711,Crystal Lee,41,1,Mountains,38
H-1712,Nathan Smith,45,17,Volcanic Zone,14
H-1713,Rachel Burke,39,9,Forest,5
H-1714,Anthony Burke,35,5,Savanna,39
H-1715,Jessica Keller,43,8,Tundra,21
H-1716,John Hampton,45,16,Mountains,24
H-1717,Alicia Dunn,42,15,Tundra,30
H-1718,Erin Fischer,21,13,Tundra,27
H-1719,Troy Boone,32,1,Canyon,21
H-1720,Philip Wright,34,11,Volcanic Zone,37
H-1721,Sally Wong MD,31,13,Mountains,18
H-1722,Steven Rogers,26,5,Savanna,25
H-1723,Lisa Diaz,36,11,Mountains,2
H-1724,Alexander Farrell,26,6,Volcanic Zone,49
H-1725,Thomas Arias,45,8,Volcanic Zone,44
H-1726,Dr. Stefanie Cruz,40,6,Canyon,13
H-1727,Rebecca Burnett,30,4,City Ruins,7
H-1728,Kenneth Gibson,45,12,Swamp,30
H-1729,David Brewer,48,12,Swamp,24
H-1730,Kenneth Thomas,20,3,Tundra,25
H-1731,Hayley Sullivan,45,16,Mountains,49
H-1732,Steven Rodriguez,50,17,Swamp,17
H-1733,Laura Massey,26,5,Jungle,33
H-1734,Melanie Adkins,22,19,City Ruins,32
H-1735,Jade Espinoza,32,11,Desert,13
H-1736,Tonya Shaw,49,18,Canyon,31
H-1737,Antonio Mcdaniel,33,19,Forest,48
H-1738,Jeremy Jackson,33,4,Jungle,48
H-1739,Samantha Gregory,34,1,Mountains,40
H-1740,Elizabeth Lopez,27,16,Savanna,2
H-1741,Jesse Sanchez,46,19,Forest,16
H-1742,Javier Bush,35,17,Tundra,21
H-1743,Richard Underwood,49,3,Canyon,38
H-1744,Donald Hines,18,10,Mountains,2
H-1745,Justin Miller,21,19,Tundra,14
H-1746,Andrew Hicks,21,7,Mountains,4
H-1747,Amy Huang,45,20,Desert,27
H-1748,Ryan Spears,19,19,Volcanic Zone,44
H-1749,Caitlyn Gonzales,26,4,City Ruins,3
H-1750,David Rice,29,16,Tundra,8
H-1751,Rachel Frost,21,13,Forest,37
H-1752,Antonio Santiago,34,5,Swamp,27
H-1753,Melissa Vargas,41,3,Mountains,6
H-1754,Michael Warner,22,7,City Ruins,44
H-1755,Shawn Porter,43,9,Mountains,34
H-1756,Thomas Johnson,45,10,Swamp,10
H-1757,Matthew Alvarado,45,3,Desert,14
H-1758,Lawrence Abbott,36,6,Desert,40
H-1759,Christopher Taylor,31,4,Mountains,7
H-1760,Casey Gordon,22,14,Volcanic Zone,39
H-1761,Michael Cook,39,15,Volcanic Zone,7
H-1762,Eric Adams,32,13,Canyon,37
H-1763,Kayla Garcia,38,13,Savanna,15
H-1764,Mrs. Laura Morgan,23,14,Desert,24
H-1765,Gabriella Mills,22,5,Mountains,40
H-1766,Wendy Thomas,25,4,Tundra,15
H-1767,Wayne Lopez,39,8,Savanna,17
H-1768,Brian Burns MD,47,19,Swamp,38
H-1769,Angela Myers,39,13,Desert,40
H-1770,Kaitlyn Lee,30,12,Savanna,23
H-1771,Vickie Skinner,30,20,Canyon,5
H-1772,Tammie Davis,25,2,Savanna,5
H-1773,Andrew Bailey,40,5,Forest,43
H-1774,Ms. Chelsey Hall MD,47,11,Jungle,49
H-1775,James Turner,44,13,Jungle,9
H-1776,Mitchell Brown,22,6,Forest,24
H-1777,Andrea Webb,40,11,Forest,2
H-1778,John Torres,26,20,Mountains,22
H-1779,Robert Ramirez,48,18,Savanna,19
H-1780,Betty Barnes,27,13,Tundra,37
H-1781,Jennifer Reyes,26,16,City Ruins,23
H-1782,Brenda Perez,31,1,Swamp,25
H-1783,Anthony Hudson,23,1,Volcanic Zone,29
H-1784,Ryan Figueroa,28,8,Swamp,39
H-1785,Sharon Johnson,23,13,Swamp,13
H-1786,Cameron Gonzalez,35,10,City Ruins,27
H-1787,Samantha Murray,35,7,Canyon,12
H-1788,Lindsay Marquez,33,19,Savanna,25
H-1789,Amy Bennett,26,16,Mountains,12
H-1790,Jordan Graves,35,9,Volcanic Zone,12
H-1791,Stephanie Rodriguez,42,15,Canyon,15
H-1792,Daniel Peterson,22,16,Volcanic Zone,31
H-1793,Jessica Clay,28,11,Forest,39
H-1794,Benjamin Ochoa,24,12,Jungle,23
H-1795,Jamie Anderson,29,3,Forest,2
H-1796,Allison Mitchell,26,7,Volcanic Zone,46
H-1797,Kimberly Casey,22,20,Canyon,6
H-1798,Evan Swanson,26,19,Volcanic Zone,30
H-1799,Stephen Thompson,24,16,Savanna,12
H-1800,Bradley Mejia,43,11,Swamp,6
H-1801,Dylan Newman,46,4,City Ruins,24
H-1802,Donna Porter,32,11,Mountains,42
H-1803,Hannah Howell,19,13,Volcanic Zone,30
H-1804,Keith Ford,26,8,Volcanic Zone,10
H-1805,Darren Garcia,41,3,Swamp,23
H-1806,Erik Kelley,49,5,Desert,5
H-1807,Susan Davis,50,14,Canyon,33
H-1808,Jennifer Forbes,32,14,Tundra,49
H-1809,Carlos Bailey,26,1,City Ruins,37
H-1810,Sandra Cole,43,18,Savanna,5
H-1811,Gregory Mitchell,45,2,Desert,26
H-1812,John Ramos,45,7,Canyon,46
H-1813,Blake Shelton,18,15,Desert,2
H-1814,Mrs. Kimberly Webster,26,11,Canyon,48
H-1815,Valerie Bennett,48,14,Savanna,42
H-1816,Michael Rodriguez,19,9,Savanna,13
H-1817,Todd James,49,8,Canyon,44
H-1818,Austin Snyder,22,15,Swamp,30
H-1819,Daniel Gonzalez,31,1,City Ruins,3
H-1820,Christopher Brown,22,4,Desert,6
H-1821,Michelle Flores,43,1,Desert,5
H-1822,Hannah Townsend,38,17,Mountains,35
H-1823,Allison Holmes,19,9,Forest,39
H-1824,Elaine Hess,19,3,Desert,22
H-1825,Lauren Harris,30,19,Volcanic Zone,35
H-1826,Daniel Brooks,27,20,Desert,39
H-1827,William Mcdonald,43,12,Desert,39
H-1828,Jaclyn Ford,29,10,Jungle,42
H-1829,Tyler Floyd,34,15,Forest,50
H-1830,Courtney Thompson,24,20,Mountains,46
H-1831,Thomas Donovan,36,19,Volcanic Zone,10
H-1832,April Blair,45,9,Volcanic Zone,41
H-1833,Edward Reilly,32,14,City Ruins,24
H-1834,Rachel Rodriguez,19,10,Desert,45
H-1835,Mr. Kevin Roberts,38,18,Mountains,16
H-1836,Rebecca Haynes,28,10,Jungle,3
H-1837,Jonathan Pace,22,13,Desert,4
H-1838,Julie Cardenas,30,12,Volcanic Zone,18
H-1839,Thomas Lopez,42,4,Canyon,28
H-1840,Teresa Garcia,20,20,Volcanic Zone,48
H-1841,Amanda Martin,42,4,Volcanic Zone,10
H-1842,Mike Smith,41,4,Desert,39
H-1843,Travis Burnett,48,4,Savanna,45
H-1844,Jorge Martin,30,19,Tundra,26
H-1845,Amber Bartlett,24,3,Tundra,1
H-1846,Timothy Sawyer,38,2,Forest,31
H-1847,Matthew Bailey,25,15,Forest,7
H-1848,Jennifer Allen,41,7,Canyon,27
H-1849,Scott Casey,21,8,Tundra,27
H-1850,Colin Hart,34,9,Volcanic Zone,30
H-1851,Jacqueline Valencia,45,9,Canyon,44
H-1852,Lauren Guerra,43,2,Savanna,15
H-1853,Courtney Odonnell,35,10,Desert,46
H-1854,Zachary Lara,43,13,Jungle,37
H-1855,Andrew Stevens,45,14,Jungle,22
H-1856,Michaela Hart,38,11,Tundra,14
H-1857,James Oliver MD,22,15,City Ruins,36
H-1858,Tommy Martinez,50,19,Volcanic Zone,50
H-1859,Mathew Williams,25,3,Tundra,16
H-1860,Allen Cohen,40,15,Mountains,5
H-1861,Samantha Thomas,22,12,Forest,11
H-1862,Shane Michael,49,19,Desert,7
H-1863,Kimberly Robinson,21,18,Mountains,35
H-1864,Dylan Braun,26,11,Desert,45
H-1865,Christopher Wilson,20,15,Volcanic Zone,13
H-1866,Elizabeth Frye,21,18,Jungle,19
H-1867,Tyrone Hubbard,18,12,Savanna,23
H-1868,Teresa Cuevas,37,11,Desert,28
H-1869,Zachary Powell,23,6,Desert,41
H-1870,Christopher Allen,24,6,Forest,25
H-1871,Connie Jones,32,14,Swamp,47
H-1872,Cynthia White,49,14,Volcanic Zone,19
H-1873,Douglas Anderson,45,20,City Ruins,9
H-1874,Cory Cantu,19,8,Forest,8
H-1875,Christina Austin,46,4,Volcanic Zone,34
H-1876,Andrew May,19,11,Volcanic Zone,10
H-1877,Tonya Barrera,34,4,Forest,16
H-1878,John Mccormick,44,12,Volcanic Zone,19
H-1879,Robert Ward,19,12,Canyon,50
H-1880,Andres Curry,35,4,City Ruins,17
H-1881,Paul Tate,46,2,Volcanic Zone,17
H-1882,Willie White,27,8,Volcanic Zone,49
H-1883,Angela Newton,25,2,Swamp,18
H-1884,Christopher Calderon,39,12,Desert,38
H-1885,Maria Vargas,34,11,Jungle,14
H-1886,Stephen Goodwin,34,2,Forest,33
H-1887,Patty Blanchard,44,1,Jungle,49
H-1888,Scott Pena,22,19,Tundra,11
H-1889,James Walls,25,17,City Ruins,48
H-1890,Christopher Hayden,24,10,Forest,1
H-1891,Ryan Mcgrath,24,6,Canyon,15
H-1892,Jason Vasquez,33,18,Jungle,39
H-1893,Randy Mcguire,46,3,Mountains,9
H-1894,Susan Velazquez,37,9,Canyon,34
H-1895,Jessica Brown,49,16,City Ruins,14
H-1896,Bryan James,48,10,Swamp,17
H-1897,Walter Chavez,45,17,Canyon,17
H-1898,Whitney Brady,50,12,Tundra,3
H-1899,Robin Shah,49,2,Tundra,7
H-1900,Kristin Martinez,20,4,Tundra,42
H-1901,Matthew Zimmerman,25,16,Desert,42
H-1902,Keith Newman,20,16,Savanna,22
H-1903,William Thompson,34,17,Canyon,3
H-1904,Hannah Robertson,29,17,Mountains,35
H-1905,Parker Marsh,28,18,Savanna,37
H-1906,David Sanchez,30,2,Swamp,12
H-1907,Zachary Snyder,39,8,Savanna,11
H-1908,Destiny Martinez,38,15,Tundra,25
H-1909,Rebecca Hughes,36,14,Desert,34
H-1910,Ashley Oliver,34,3,Swamp,4
H-1911,Jared Clark,44,16,Canyon,28
H-1912,Jimmy Bailey,26,4,Canyon,42
H-1913,Rebecca Harris,25,15,Forest,46
H-1914,Alexander Gomez,29,7,City Ruins,41
H-1915,Michelle Davis,37,14,Forest,32
H-1916,Timothy King,39,1,Swamp,4
H-1917,Eric Johnson,46,16,City Ruins,13
H-1918,Curtis Clark,18,16,Savanna,44
H-1919,Casey Rice,24,14,Volcanic Zone,50
H-1920,Pamela Park,48,5,Jungle,23
H-1921,Dylan Dorsey,46,3,Jungle,38
H-1922,John Chavez,35,1,Forest,9
H-1923,Brooke Holland,43,15,Tundra,37
H-1924,Victoria Ross,40,18,Mountains,23
H-1925,Chad Harris,21,18,Jungle,10
H-1926,Julia West,23,20,Desert,1
H-1927,Peggy Duncan,26,9,City Ruins,6
H-1928,Manuel Johnson,20,11,Jungle,10
H-1929,Courtney Thomas DDS,39,20,City Ruins,17
H-1930,Dale Hill,25,7,Mountains,27
H-1931,Kristin Martin,36,17,City Ruins,16
H-1932,Courtney Adams,21,5,Swamp,29
H-1933,Alexander Ross,35,3,Forest,26
H-1934,Robert Blevins,26,2,Canyon,21
H-1935,Timothy Cook,29,11,City Ruins,21
H-1936,Kyle Key,33,11,Canyon,3
H-1937,Tanya Garcia,41,10,Volcanic Zone,12
H-1938,Cody Wiggins,30,10,Desert,36
H-1939,Gary Walker,45,11,Savanna,50
H-1940,Tracey Jones,44,12,Forest,32
H-1941,Brandi Hatfield,22,10,Forest,37
H-1942,David Scott DVM,38,10,Jungle,7
H-1943,Sabrina Palmer,48,18,Jungle,37
H-1944,Matthew Palmer,46,19,Tundra,41
H-1945,Amy Hobbs,50,18,Savanna,10
H-1946,Samuel Foster,31,20,Volcanic Zone,49
H-1947,Robert Boyd,45,9,Canyon,45
H-1948,Mr. Gabriel Simon,18,11,Canyon,26
H-1949,Holly Gomez,36,12,City Ruins,28
H-1950,Ashley Finley,23,15,City Ruins,36
H-1951,Ashley Neal,46,16,Mountains,33
H-1952,Nicole Sandoval,30,7,Mountains,38
H-1953,Courtney Davis,40,13,Desert,30
H-1954,Maria Hansen,22,16,Canyon,16
H-1955,Kevin Campbell,18,20,Volcanic Zone,21
H-1956,Debbie Avila,37,20,Forest,40
H-1957,Douglas Jones,47,19,Jungle,27
H-1958,Teresa Murphy,46,15,Swamp,26
H-1959,Debra Davis,44,9,Jungle,47
H-1960,John Nielsen,40,11,Desert,28
H-1961,Robin Terry,48,18,City Ruins,28
H-1962,Tammy Ward,22,8,Savanna,45
H-1963,Brenda Wright,49,20,Desert,24
H-1964,Jennifer Miller,18,9,Mountains,48
H-1965,Heather Johnson,34,15,Volcanic Zone,16
H-1966,Kathleen Waters,49,5,Swamp,18
H-1967,Ryan Fuentes,35,9,Jungle,19
H-1968,Veronica Jenkins,25,7,Desert,18
H-1969,Rhonda Martinez,35,10,Mountains,17
H-1970,Kevin Bowman,25,20,Savanna,36
H-1971,Anthony Anderson,48,4,Desert,16
H-1972,Melissa Robinson,25,9,Desert,21
H-1973,Nancy Chavez,37,1,Savanna,23
H-1974,Larry Galvan,25,17,Mountains,3
H-1975,Arthur Martin,36,10,Savanna,47
H-1976,Andrea Perkins,25,7,City Ruins,48
H-1977,Russell Conrad,30,19,Swamp,8
H-1978,Donald Ayers,30,12,Forest,39
H-1979,Jonathan Mcknight,49,11,Volcanic Zone,35
H-1980,Chad Thomas DVM,34,5,Savanna,50
H-1981,Patricia Gonzalez,41,13,Tundra,50
H-1982,John Koch,37,6,Tundra,24
H-1983,Sarah Santiago,41,19,Swamp,41
H-1984,Crystal Smith,29,12,Tundra,43
H-1985,Jill Moody,48,14,Swamp,2
H-1986,Kelsey Edwards,38,18,Jungle,20
H-1987,Cynthia Randall,44,14,Desert,17
H-1988,Penny Calderon,48,7,City Ruins,23
H-1989,Erik Johnson,34,18,Canyon,29
H-1990,Donna Morris,34,4,Tundra,42
H-1991,Joshua Meyer,40,17,Tundra,46
H-1992,Jacob Wilcox,19,2,Volcanic Zone,30
H-1993,Steven Mcmahon,44,14,City Ruins,25
H-1994,Sharon Baird,36,17,Swamp,15
H-1995,Keith Sutton,28,20,Mountains,24
H-1996,Katie Kent,48,18,Jungle,25
H-1997,Pamela Byrd,34,10,Swamp,25
H-1998,Christine Anderson,23,15,Jungle,28
H-1999,Kimberly Garza,48,7,Volcanic Zone,6
