event_id,hunter_id,event_type,event_description,event_outcome
Event_1,Hunter_969,Treasure Found,Encountered a rare animal.,Failure
Event_2,Hunter_901,Dangerous Challenge,Encountered a rare animal.,Success
Event_3,Hunter_821,Dangerous Challenge,Encountered a hidden treasure.,Failure
Event_4,Hunter_381,Animal Encounter,Encountered a hidden treasure.,Failure
Event_5,Hunter_889,Animal Encounter,Encountered a rare animal.,Success
Event_6,Hunter_468,Treasure Found,Encountered a hidden treasure.,Failure
Event_7,Hunter_302,Treasure Found,Encountered a rare animal.,Success
Event_8,Hunter_584,Treasure Found,Encountered a rare animal.,Failure
Event_9,Hunter_996,Animal Encounter,Encountered a dangerous obstacle.,Success
Event_10,Hunter_568,Treasure Found,Encountered a dangerous obstacle.,Failure
Event_11,Hunter_694,Treasure Found,Encountered a dangerous obstacle.,Success
Event_12,Hunter_767,Treasure Found,Encountered a rare animal.,Failure
Event_13,Hunter_271,Treasure Found,Encountered a dangerous obstacle.,Failure
Event_14,Hunter_678,Dangerous Challenge,Encountered a hidden treasure.,Success
Event_15,Hunter_924,Dangerous Challenge,Encountered a dangerous obstacle.,Success
Event_16,Hunter_389,Dangerous Challenge,Encountered a hidden treasure.,Failure
Event_17,Hunter_371,Treasure Found,Encountered a rare animal.,Success
Event_18,Hunter_89,Dangerous Challenge,Encountered a rare animal.,Success
Event_19,Hunter_21,Dangerous Challenge,Encountered a hidden treasure.,Success
Event_20,Hunter_247,Dangerous Challenge,Encountered a rare animal.,Success
Event_21,Hunter_213,Dangerous Challenge,Encountered a rare animal.,Success
Event_22,Hunter_406,Dangerous Challenge,Encountered a dangerous obstacle.,Failure
Event_23,Hunter_342,Dangerous Challenge,Encountered a dangerous obstacle.,Failure
Event_24,Hunter_124,Treasure Found,Encountered a hidden treasure.,Failure
Event_25,Hunter_557,Treasure Found,Encountered a hidden treasure.,Success
Event_26,Hunter_649,Treasure Found,Encountered a hidden treasure.,Success
Event_27,Hunter_223,Treasure Found,Encountered a hidden treasure.,Success
Event_28,Hunter_757,Animal Encounter,Encountered a hidden treasure.,Success
Event_29,Hunter_909,Dangerous Challenge,Encountered a hidden treasure.,Success
Event_30,Hunter_144,Treasure Found,Encountered a rare animal.,Failure
Event_31,Hunter_8,Treasure Found,Encountered a dangerous obstacle.,Failure
Event_32,Hunter_951,Animal Encounter,Encountered a rare animal.,Success
Event_33,Hunter_401,Animal Encounter,Encountered a dangerous obstacle.,Success
Event_34,Hunter_197,Treasure Found,Encountered a dangerous obstacle.,Failure
Event_35,Hunter_781,Treasure Found,Encountered a rare animal.,Failure
Event_36,Hunter_59,Dangerous Challenge,Encountered a hidden treasure.,Failure
Event_37,Hunter_652,Treasure Found,Encountered a hidden treasure.,Success
Event_38,Hunter_506,Treasure Found,Encountered a hidden treasure.,Success
Event_39,Hunter_467,Animal Encounter,Encountered a hidden treasure.,Success
Event_40,Hunter_531,Dangerous Challenge,Encountered a rare animal.,Failure
Event_41,Hunter_756,Treasure Found,Encountered a dangerous obstacle.,Success
Event_42,Hunter_57,Dangerous Challenge,Encountered a dangerous obstacle.,Failure
Event_43,Hunter_87,Dangerous Challenge,Encountered a hidden treasure.,Failure
Event_44,Hunter_194,Animal Encounter,Encountered a dangerous obstacle.,Failure
Event_45,Hunter_637,Treasure Found,Encountered a rare animal.,Success
Event_46,Hunter_24,Animal Encounter,Encountered a dangerous obstacle.,Failure
Event_47,Hunter_117,Animal Encounter,Encountered a rare animal.,Failure
Event_48,Hunter_654,Dangerous Challenge,Encountered a dangerous obstacle.,Failure
Event_49,Hunter_118,Dangerous Challenge,Encountered a dangerous obstacle.,Success
Event_50,Hunter_766,Dangerous Challenge,Encountered a rare animal.,Failure
Event_51,Hunter_934,Treasure Found,Encountered a dangerous obstacle.,Failure
Event_52,Hunter_432,Animal Encounter,Encountered a rare animal.,Failure
Event_53,Hunter_771,Animal Encounter,Encountered a hidden treasure.,Success
Event_54,Hunter_309,Treasure Found,Encountered a rare animal.,Success
Event_55,Hunter_150,Animal Encounter,Encountered a dangerous obstacle.,Failure
Event_56,Hunter_163,Treasure Found,Encountered a hidden treasure.,Failure
Event_57,Hunter_504,Treasure Found,Encountered a dangerous obstacle.,Success
Event_58,Hunter_746,Treasure Found,Encountered a hidden treasure.,Failure
Event_59,Hunter_378,Treasure Found,Encountered a hidden treasure.,Success
Event_60,Hunter_85,Dangerous Challenge,Encountered a rare animal.,Success
Event_61,Hunter_670,Treasure Found,Encountered a rare animal.,Success
Event_62,Hunter_623,Animal Encounter,Encountered a dangerous obstacle.,Failure
Event_63,Hunter_440,Dangerous Challenge,Encountered a dangerous obstacle.,Failure
Event_64,Hunter_253,Dangerous Challenge,Encountered a dangerous obstacle.,Failure
Event_65,Hunter_279,Animal Encounter,Encountered a dangerous obstacle.,Failure
Event_66,Hunter_956,Treasure Found,Encountered a rare animal.,Success
Event_67,Hunter_543,Dangerous Challenge,Encountered a hidden treasure.,Failure
Event_68,Hunter_897,Treasure Found,Encountered a dangerous obstacle.,Failure
Event_69,Hunter_723,Animal Encounter,Encountered a dangerous obstacle.,Failure
Event_70,Hunter_44,Treasure Found,Encountered a rare animal.,Success
Event_71,Hunter_849,Dangerous Challenge,Encountered a hidden treasure.,Success
Event_72,Hunter_497,Dangerous Challenge,Encountered a hidden treasure.,Failure
Event_73,Hunter_839,Treasure Found,Encountered a hidden treasure.,Failure
Event_74,Hunter_230,Animal Encounter,Encountered a hidden treasure.,Success
Event_75,Hunter_190,Treasure Found,Encountered a dangerous obstacle.,Failure
Event_76,Hunter_472,Treasure Found,Encountered a dangerous obstacle.,Success
Event_77,Hunter_251,Treasure Found,Encountered a rare animal.,Failure
Event_78,Hunter_68,Dangerous Challenge,Encountered a dangerous obstacle.,Success
Event_79,Hunter_220,Treasure Found,Encountered a rare animal.,Success
Event_80,Hunter_552,Dangerous Challenge,Encountered a rare animal.,Success
Event_81,Hunter_211,Treasure Found,Encountered a dangerous obstacle.,Success
Event_82,Hunter_975,Treasure Found,Encountered a rare animal.,Failure
Event_83,Hunter_934,Treasure Found,Encountered a rare animal.,Failure
Event_84,Hunter_650,Dangerous Challenge,Encountered a hidden treasure.,Failure
Event_85,Hunter_903,Animal Encounter,Encountered a rare animal.,Success
Event_86,Hunter_731,Dangerous Challenge,Encountered a dangerous obstacle.,Success
Event_87,Hunter_794,Dangerous Challenge,Encountered a hidden treasure.,Success
Event_88,Hunter_78,Dangerous Challenge,Encountered a rare animal.,Success
Event_89,Hunter_326,Treasure Found,Encountered a dangerous obstacle.,Success
Event_90,Hunter_949,Dangerous Challenge,Encountered a rare animal.,Success
Event_91,Hunter_342,Treasure Found,Encountered a hidden treasure.,Success
Event_92,Hunter_673,Treasure Found,Encountered a hidden treasure.,Failure
Event_93,Hunter_211,Animal Encounter,Encountered a dangerous obstacle.,Success
Event_94,Hunter_17,Treasure Found,Encountered a rare animal.,Failure
Event_95,Hunter_995,Treasure Found,Encountered a dangerous obstacle.,Failure
Event_96,Hunter_791,Animal Encounter,Encountered a dangerous obstacle.,Failure
Event_97,Hunter_299,Dangerous Challenge,Encountered a hidden treasure.,Failure
Event_98,Hunter_712,Treasure Found,Encountered a rare animal.,Success
Event_99,Hunter_921,Animal Encounter,Encountered a dangerous obstacle.,Success
Event_100,Hunter_571,Dangerous Challenge,Encountered a dangerous obstacle.,Success
Event_101,Hunter_931,Treasure Found,Encountered a hidden treasure.,Failure
Event_102,Hunter_442,Dangerous Challenge,Encountered a dangerous obstacle.,Success
Event_103,Hunter_394,Dangerous Challenge,Encountered a hidden treasure.,Failure
Event_104,Hunter_482,Treasure Found,Encountered a dangerous obstacle.,Failure
Event_105,Hunter_878,Treasure Found,Encountered a hidden treasure.,Failure
Event_106,Hunter_368,Animal Encounter,Encountered a rare animal.,Success
Event_107,Hunter_310,Treasure Found,Encountered a hidden treasure.,Success
Event_108,Hunter_374,Dangerous Challenge,Encountered a dangerous obstacle.,Success
Event_109,Hunter_81,Treasure Found,Encountered a rare animal.,Success
Event_110,Hunter_95,Dangerous Challenge,Encountered a hidden treasure.,Failure
Event_111,Hunter_331,Treasure Found,Encountered a hidden treasure.,Success
Event_112,Hunter_682,Treasure Found,Encountered a dangerous obstacle.,Success
Event_113,Hunter_354,Dangerous Challenge,Encountered a dangerous obstacle.,Failure
Event_114,Hunter_185,Dangerous Challenge,Encountered a dangerous obstacle.,Failure
Event_115,Hunter_168,Animal Encounter,Encountered a hidden treasure.,Failure
Event_116,Hunter_672,Animal Encounter,Encountered a rare animal.,Success
Event_117,Hunter_192,Treasure Found,Encountered a rare animal.,Success
Event_118,Hunter_703,Animal Encounter,Encountered a hidden treasure.,Failure
Event_119,Hunter_984,Treasure Found,Encountered a rare animal.,Success
Event_120,Hunter_302,Dangerous Challenge,Encountered a hidden treasure.,Success
Event_121,Hunter_63,Dangerous Challenge,Encountered a rare animal.,Success
Event_122,Hunter_992,Animal Encounter,Encountered a hidden treasure.,Success
Event_123,Hunter_702,Treasure Found,Encountered a rare animal.,Failure
Event_124,Hunter_9,Treasure Found,Encountered a hidden treasure.,Failure
Event_125,Hunter_259,Dangerous Challenge,Encountered a dangerous obstacle.,Failure
Event_126,Hunter_84,Treasure Found,Encountered a dangerous obstacle.,Success
Event_127,Hunter_232,Animal Encounter,Encountered a hidden treasure.,Failure
Event_128,Hunter_755,Dangerous Challenge,Encountered a hidden treasure.,Failure
Event_129,Hunter_679,Animal Encounter,Encountered a hidden treasure.,Failure
Event_130,Hunter_115,Dangerous Challenge,Encountered a dangerous obstacle.,Failure
Event_131,Hunter_343,Treasure Found,Encountered a dangerous obstacle.,Failure
Event_132,Hunter_272,Treasure Found,Encountered a rare animal.,Failure
Event_133,Hunter_580,Treasure Found,Encountered a rare animal.,Failure
Event_134,Hunter_418,Treasure Found,Encountered a dangerous obstacle.,Failure
Event_135,Hunter_318,Animal Encounter,Encountered a hidden treasure.,Failure
Event_136,Hunter_209,Animal Encounter,Encountered a rare animal.,Success
Event_137,Hunter_65,Animal Encounter,Encountered a hidden treasure.,Success
Event_138,Hunter_3,Dangerous Challenge,Encountered a dangerous obstacle.,Success
Event_139,Hunter_630,Treasure Found,Encountered a rare animal.,Success
Event_140,Hunter_43,Treasure Found,Encountered a rare animal.,Success
Event_141,Hunter_572,Treasure Found,Encountered a dangerous obstacle.,Failure
Event_142,Hunter_220,Dangerous Challenge,Encountered a dangerous obstacle.,Failure
Event_143,Hunter_261,Treasure Found,Encountered a dangerous obstacle.,Failure
Event_144,Hunter_963,Treasure Found,Encountered a hidden treasure.,Success
Event_145,Hunter_319,Animal Encounter,Encountered a rare animal.,Success
Event_146,Hunter_719,Treasure Found,Encountered a dangerous obstacle.,Failure
Event_147,Hunter_22,Animal Encounter,Encountered a rare animal.,Success
Event_148,Hunter_859,Treasure Found,Encountered a dangerous obstacle.,Success
Event_149,Hunter_941,Dangerous Challenge,Encountered a rare animal.,Success
Event_150,Hunter_237,Animal Encounter,Encountered a dangerous obstacle.,Failure
Event_151,Hunter_785,Dangerous Challenge,Encountered a dangerous obstacle.,Failure
Event_152,Hunter_459,Treasure Found,Encountered a dangerous obstacle.,Failure
Event_153,Hunter_879,Dangerous Challenge,Encountered a rare animal.,Failure
Event_154,Hunter_124,Dangerous Challenge,Encountered a hidden treasure.,Success
Event_155,Hunter_419,Animal Encounter,Encountered a rare animal.,Success
Event_156,Hunter_816,Treasure Found,Encountered a dangerous obstacle.,Failure
Event_157,Hunter_38,Dangerous Challenge,Encountered a rare animal.,Failure
Event_158,Hunter_675,Dangerous Challenge,Encountered a hidden treasure.,Failure
Event_159,Hunter_860,Dangerous Challenge,Encountered a hidden treasure.,Success
Event_160,Hunter_241,Treasure Found,Encountered a hidden treasure.,Success
Event_161,Hunter_157,Dangerous Challenge,Encountered a rare animal.,Failure
Event_162,Hunter_661,Dangerous Challenge,Encountered a rare animal.,Success
Event_163,Hunter_641,Dangerous Challenge,Encountered a dangerous obstacle.,Failure
Event_164,Hunter_71,Dangerous Challenge,Encountered a hidden treasure.,Success
Event_165,Hunter_387,Treasure Found,Encountered a hidden treasure.,Success
Event_166,Hunter_844,Dangerous Challenge,Encountered a dangerous obstacle.,Failure
Event_167,Hunter_384,Dangerous Challenge,Encountered a dangerous obstacle.,Failure
Event_168,Hunter_82,Animal Encounter,Encountered a hidden treasure.,Success
Event_169,Hunter_455,Treasure Found,Encountered a rare animal.,Success
Event_170,Hunter_445,Treasure Found,Encountered a rare animal.,Success
Event_171,Hunter_216,Dangerous Challenge,Encountered a rare animal.,Failure
Event_172,Hunter_146,Treasure Found,Encountered a dangerous obstacle.,Success
Event_173,Hunter_599,Dangerous Challenge,Encountered a hidden treasure.,Failure
Event_174,Hunter_408,Dangerous Challenge,Encountered a dangerous obstacle.,Success
Event_175,Hunter_132,Dangerous Challenge,Encountered a dangerous obstacle.,Failure
Event_176,Hunter_522,Animal Encounter,Encountered a hidden treasure.,Failure
Event_177,Hunter_462,Dangerous Challenge,Encountered a rare animal.,Failure
Event_178,Hunter_385,Dangerous Challenge,Encountered a hidden treasure.,Success
Event_179,Hunter_623,Animal Encounter,Encountered a hidden treasure.,Success
Event_180,Hunter_15,Animal Encounter,Encountered a hidden treasure.,Failure
Event_181,Hunter_133,Dangerous Challenge,Encountered a rare animal.,Success
Event_182,Hunter_968,Animal Encounter,Encountered a rare animal.,Success
Event_183,Hunter_853,Treasure Found,Encountered a hidden treasure.,Failure
Event_184,Hunter_976,Animal Encounter,Encountered a rare animal.,Success
Event_185,Hunter_319,Treasure Found,Encountered a rare animal.,Failure
Event_186,Hunter_157,Treasure Found,Encountered a hidden treasure.,Failure
Event_187,Hunter_785,Treasure Found,Encountered a rare animal.,Failure
Event_188,Hunter_88,Dangerous Challenge,Encountered a rare animal.,Success
Event_189,Hunter_401,Animal Encounter,Encountered a hidden treasure.,Failure
Event_190,Hunter_617,Animal Encounter,Encountered a dangerous obstacle.,Failure
Event_191,Hunter_924,Dangerous Challenge,Encountered a hidden treasure.,Success
Event_192,Hunter_80,Treasure Found,Encountered a hidden treasure.,Failure
Event_193,Hunter_389,Animal Encounter,Encountered a dangerous obstacle.,Success
Event_194,Hunter_250,Animal Encounter,Encountered a hidden treasure.,Failure
Event_195,Hunter_350,Animal Encounter,Encountered a hidden treasure.,Failure
Event_196,Hunter_195,Dangerous Challenge,Encountered a hidden treasure.,Failure
Event_197,Hunter_26,Animal Encounter,Encountered a hidden treasure.,Failure
Event_198,Hunter_312,Treasure Found,Encountered a hidden treasure.,Success
Event_199,Hunter_296,Animal Encounter,Encountered a rare animal.,Success
Event_200,Hunter_46,Dangerous Challenge,Encountered a hidden treasure.,Failure
Event_201,Hunter_767,Animal Encounter,Encountered a rare animal.,Failure
Event_202,Hunter_905,Treasure Found,Encountered a hidden treasure.,Failure
Event_203,Hunter_161,Animal Encounter,Encountered a rare animal.,Success
Event_204,Hunter_230,Dangerous Challenge,Encountered a rare animal.,Success
Event_205,Hunter_645,Dangerous Challenge,Encountered a rare animal.,Failure
Event_206,Hunter_432,Treasure Found,Encountered a rare animal.,Failure
Event_207,Hunter_561,Dangerous Challenge,Encountered a hidden treasure.,Failure
Event_208,Hunter_454,Animal Encounter,Encountered a hidden treasure.,Success
Event_209,Hunter_119,Animal Encounter,Encountered a hidden treasure.,Success
Event_210,Hunter_122,Treasure Found,Encountered a dangerous obstacle.,Failure
Event_211,Hunter_672,Dangerous Challenge,Encountered a rare animal.,Failure
Event_212,Hunter_877,Dangerous Challenge,Encountered a rare animal.,Failure
Event_213,Hunter_28,Treasure Found,Encountered a hidden treasure.,Success
Event_214,Hunter_508,Animal Encounter,Encountered a hidden treasure.,Failure
Event_215,Hunter_880,Treasure Found,Encountered a hidden treasure.,Failure
Event_216,Hunter_571,Dangerous Challenge,Encountered a dangerous obstacle.,Success
Event_217,Hunter_281,Animal Encounter,Encountered a rare animal.,Success
Event_218,Hunter_805,Animal Encounter,Encountered a hidden treasure.,Success
Event_219,Hunter_667,Dangerous Challenge,Encountered a dangerous obstacle.,Success
Event_220,Hunter_769,Treasure Found,Encountered a dangerous obstacle.,Failure
Event_221,Hunter_260,Animal Encounter,Encountered a dangerous obstacle.,Success
Event_222,Hunter_44,Dangerous Challenge,Encountered a dangerous obstacle.,Success
Event_223,Hunter_393,Treasure Found,Encountered a rare animal.,Success
Event_224,Hunter_117,Animal Encounter,Encountered a hidden treasure.,Success
Event_225,Hunter_465,Animal Encounter,Encountered a dangerous obstacle.,Failure
Event_226,Hunter_502,Dangerous Challenge,Encountered a hidden treasure.,Success
Event_227,Hunter_394,Animal Encounter,Encountered a rare animal.,Failure
Event_228,Hunter_8,Treasure Found,Encountered a hidden treasure.,Success
Event_229,Hunter_985,Animal Encounter,Encountered a dangerous obstacle.,Failure
Event_230,Hunter_104,Dangerous Challenge,Encountered a hidden treasure.,Success
Event_231,Hunter_510,Treasure Found,Encountered a rare animal.,Success
Event_232,Hunter_823,Animal Encounter,Encountered a dangerous obstacle.,Failure
Event_233,Hunter_237,Treasure Found,Encountered a rare animal.,Failure
Event_234,Hunter_201,Treasure Found,Encountered a rare animal.,Failure
Event_235,Hunter_674,Dangerous Challenge,Encountered a rare animal.,Success
Event_236,Hunter_49,Treasure Found,Encountered a rare animal.,Failure
Event_237,Hunter_875,Treasure Found,Encountered a rare animal.,Failure
Event_238,Hunter_187,Treasure Found,Encountered a dangerous obstacle.,Failure
Event_239,Hunter_332,Treasure Found,Encountered a rare animal.,Failure
Event_240,Hunter_564,Dangerous Challenge,Encountered a hidden treasure.,Success
Event_241,Hunter_508,Animal Encounter,Encountered a hidden treasure.,Failure
Event_242,Hunter_656,Animal Encounter,Encountered a rare animal.,Failure
Event_243,Hunter_550,Dangerous Challenge,Encountered a rare animal.,Failure
Event_244,Hunter_688,Dangerous Challenge,Encountered a dangerous obstacle.,Success
Event_245,Hunter_662,Dangerous Challenge,Encountered a hidden treasure.,Failure
Event_246,Hunter_380,Animal Encounter,Encountered a rare animal.,Failure
Event_247,Hunter_489,Animal Encounter,Encountered a dangerous obstacle.,Failure
Event_248,Hunter_645,Treasure Found,Encountered a hidden treasure.,Failure
Event_249,Hunter_70,Animal Encounter,Encountered a dangerous obstacle.,Failure
Event_250,Hunter_514,Treasure Found,Encountered a hidden treasure.,Success
Event_251,Hunter_222,Dangerous Challenge,Encountered a hidden treasure.,Success
Event_252,Hunter_505,Treasure Found,Encountered a hidden treasure.,Success
Event_253,Hunter_531,Treasure Found,Encountered a dangerous obstacle.,Failure
Event_254,Hunter_644,Animal Encounter,Encountered a rare animal.,Failure
Event_255,Hunter_292,Dangerous Challenge,Encountered a dangerous obstacle.,Failure
Event_256,Hunter_1000,Animal Encounter,Encountered a hidden treasure.,Success
Event_257,Hunter_904,Animal Encounter,Encountered a dangerous obstacle.,Failure
Event_258,Hunter_493,Animal Encounter,Encountered a hidden treasure.,Failure
Event_259,Hunter_627,Treasure Found,Encountered a dangerous obstacle.,Success
Event_260,Hunter_568,Animal Encounter,Encountered a hidden treasure.,Failure
Event_261,Hunter_253,Dangerous Challenge,Encountered a dangerous obstacle.,Failure
Event_262,Hunter_563,Treasure Found,Encountered a rare animal.,Success
Event_263,Hunter_973,Animal Encounter,Encountered a dangerous obstacle.,Success
Event_264,Hunter_639,Dangerous Challenge,Encountered a hidden treasure.,Failure
Event_265,Hunter_998,Dangerous Challenge,Encountered a hidden treasure.,Success
Event_266,Hunter_819,Animal Encounter,Encountered a dangerous obstacle.,Failure
Event_267,Hunter_710,Dangerous Challenge,Encountered a hidden treasure.,Failure
Event_268,Hunter_889,Dangerous Challenge,Encountered a hidden treasure.,Failure
Event_269,Hunter_689,Treasure Found,Encountered a hidden treasure.,Success
Event_270,Hunter_498,Dangerous Challenge,Encountered a dangerous obstacle.,Failure
Event_271,Hunter_936,Treasure Found,Encountered a rare animal.,Failure
Event_272,Hunter_853,Dangerous Challenge,Encountered a rare animal.,Success
Event_273,Hunter_979,Animal Encounter,Encountered a hidden treasure.,Success
Event_274,Hunter_492,Dangerous Challenge,Encountered a rare animal.,Failure
Event_275,Hunter_424,Treasure Found,Encountered a dangerous obstacle.,Failure
Event_276,Hunter_836,Animal Encounter,Encountered a rare animal.,Success
Event_277,Hunter_19,Dangerous Challenge,Encountered a dangerous obstacle.,Success
Event_278,Hunter_322,Animal Encounter,Encountered a rare animal.,Success
Event_279,Hunter_695,Animal Encounter,Encountered a hidden treasure.,Failure
Event_280,Hunter_647,Dangerous Challenge,Encountered a dangerous obstacle.,Failure
Event_281,Hunter_365,Animal Encounter,Encountered a hidden treasure.,Failure
Event_282,Hunter_514,Treasure Found,Encountered a rare animal.,Success
Event_283,Hunter_821,Treasure Found,Encountered a hidden treasure.,Success
Event_284,Hunter_122,Dangerous Challenge,Encountered a dangerous obstacle.,Failure
Event_285,Hunter_89,Treasure Found,Encountered a hidden treasure.,Success
Event_286,Hunter_826,Animal Encounter,Encountered a dangerous obstacle.,Failure
Event_287,Hunter_426,Treasure Found,Encountered a hidden treasure.,Failure
Event_288,Hunter_465,Treasure Found,Encountered a dangerous obstacle.,Success
Event_289,Hunter_280,Treasure Found,Encountered a rare animal.,Failure
Event_290,Hunter_838,Animal Encounter,Encountered a dangerous obstacle.,Success
Event_291,Hunter_707,Treasure Found,Encountered a hidden treasure.,Success
Event_292,Hunter_33,Treasure Found,Encountered a rare animal.,Failure
Event_293,Hunter_515,Treasure Found,Encountered a dangerous obstacle.,Failure
Event_294,Hunter_761,Dangerous Challenge,Encountered a hidden treasure.,Success
Event_295,Hunter_161,Dangerous Challenge,Encountered a dangerous obstacle.,Success
Event_296,Hunter_298,Treasure Found,Encountered a rare animal.,Failure
Event_297,Hunter_303,Treasure Found,Encountered a rare animal.,Success
Event_298,Hunter_466,Dangerous Challenge,Encountered a hidden treasure.,Failure
Event_299,Hunter_289,Animal Encounter,Encountered a hidden treasure.,Failure
Event_300,Hunter_463,Animal Encounter,Encountered a dangerous obstacle.,Success
Event_301,Hunter_50,Animal Encounter,Encountered a hidden treasure.,Success
Event_302,Hunter_647,Animal Encounter,Encountered a rare animal.,Failure
Event_303,Hunter_875,Treasure Found,Encountered a rare animal.,Failure
Event_304,Hunter_181,Treasure Found,Encountered a dangerous obstacle.,Failure
Event_305,Hunter_860,Animal Encounter,Encountered a dangerous obstacle.,Failure
Event_306,Hunter_791,Treasure Found,Encountered a rare animal.,Failure
Event_307,Hunter_814,Animal Encounter,Encountered a dangerous obstacle.,Failure
Event_308,Hunter_73,Treasure Found,Encountered a hidden treasure.,Failure
Event_309,Hunter_400,Treasure Found,Encountered a hidden treasure.,Success
Event_310,Hunter_182,Dangerous Challenge,Encountered a dangerous obstacle.,Failure
Event_311,Hunter_66,Animal Encounter,Encountered a hidden treasure.,Success
Event_312,Hunter_968,Dangerous Challenge,Encountered a rare animal.,Failure
Event_313,Hunter_435,Animal Encounter,Encountered a hidden treasure.,Success
Event_314,Hunter_769,Animal Encounter,Encountered a rare animal.,Success
Event_315,Hunter_868,Treasure Found,Encountered a rare animal.,Success
Event_316,Hunter_294,Dangerous Challenge,Encountered a rare animal.,Failure
Event_317,Hunter_311,Treasure Found,Encountered a rare animal.,Success
Event_318,Hunter_797,Animal Encounter,Encountered a dangerous obstacle.,Failure
Event_319,Hunter_401,Animal Encounter,Encountered a dangerous obstacle.,Success
Event_320,Hunter_85,Dangerous Challenge,Encountered a rare animal.,Failure
Event_321,Hunter_658,Dangerous Challenge,Encountered a dangerous obstacle.,Success
Event_322,Hunter_623,Animal Encounter,Encountered a dangerous obstacle.,Failure
Event_323,Hunter_972,Dangerous Challenge,Encountered a hidden treasure.,Success
Event_324,Hunter_481,Dangerous Challenge,Encountered a rare animal.,Success
Event_325,Hunter_777,Dangerous Challenge,Encountered a dangerous obstacle.,Success
Event_326,Hunter_206,Treasure Found,Encountered a dangerous obstacle.,Failure
Event_327,Hunter_399,Dangerous Challenge,Encountered a hidden treasure.,Failure
Event_328,Hunter_652,Dangerous Challenge,Encountered a hidden treasure.,Success
Event_329,Hunter_537,Animal Encounter,Encountered a hidden treasure.,Failure
Event_330,Hunter_561,Treasure Found,Encountered a hidden treasure.,Success
Event_331,Hunter_996,Dangerous Challenge,Encountered a rare animal.,Failure
Event_332,Hunter_185,Animal Encounter,Encountered a rare animal.,Failure
Event_333,Hunter_454,Treasure Found,Encountered a rare animal.,Failure
Event_334,Hunter_241,Animal Encounter,Encountered a dangerous obstacle.,Success
Event_335,Hunter_331,Animal Encounter,Encountered a hidden treasure.,Success
Event_336,Hunter_871,Treasure Found,Encountered a rare animal.,Failure
Event_337,Hunter_44,Dangerous Challenge,Encountered a hidden treasure.,Success
Event_338,Hunter_458,Dangerous Challenge,Encountered a dangerous obstacle.,Failure
Event_339,Hunter_947,Animal Encounter,Encountered a hidden treasure.,Failure
Event_340,Hunter_117,Treasure Found,Encountered a rare animal.,Failure
Event_341,Hunter_707,Treasure Found,Encountered a rare animal.,Failure
Event_342,Hunter_346,Treasure Found,Encountered a rare animal.,Failure
Event_343,Hunter_532,Dangerous Challenge,Encountered a rare animal.,Success
Event_344,Hunter_808,Dangerous Challenge,Encountered a hidden treasure.,Success
Event_345,Hunter_794,Dangerous Challenge,Encountered a dangerous obstacle.,Failure
Event_346,Hunter_369,Treasure Found,Encountered a hidden treasure.,Success
Event_347,Hunter_835,Treasure Found,Encountered a rare animal.,Failure
Event_348,Hunter_645,Animal Encounter,Encountered a dangerous obstacle.,Failure
Event_349,Hunter_355,Treasure Found,Encountered a dangerous obstacle.,Failure
Event_350,Hunter_1000,Dangerous Challenge,Encountered a dangerous obstacle.,Success
Event_351,Hunter_70,Treasure Found,Encountered a rare animal.,Failure
Event_352,Hunter_306,Treasure Found,Encountered a dangerous obstacle.,Success
Event_353,Hunter_500,Animal Encounter,Encountered a hidden treasure.,Failure
Event_354,Hunter_618,Animal Encounter,Encountered a rare animal.,Success
Event_355,Hunter_469,Dangerous Challenge,Encountered a dangerous obstacle.,Success
Event_356,Hunter_588,Animal Encounter,Encountered a hidden treasure.,Failure
Event_357,Hunter_206,Dangerous Challenge,Encountered a dangerous obstacle.,Failure
Event_358,Hunter_104,Animal Encounter,Encountered a hidden treasure.,Failure
Event_359,Hunter_520,Dangerous Challenge,Encountered a dangerous obstacle.,Success
Event_360,Hunter_510,Animal Encounter,Encountered a dangerous obstacle.,Failure
Event_361,Hunter_230,Dangerous Challenge,Encountered a rare animal.,Success
Event_362,Hunter_433,Treasure Found,Encountered a dangerous obstacle.,Success
Event_363,Hunter_240,Animal Encounter,Encountered a hidden treasure.,Failure
Event_364,Hunter_652,Animal Encounter,Encountered a hidden treasure.,Success
Event_365,Hunter_501,Treasure Found,Encountered a rare animal.,Success
Event_366,Hunter_664,Dangerous Challenge,Encountered a hidden treasure.,Success
Event_367,Hunter_984,Animal Encounter,Encountered a hidden treasure.,Failure
Event_368,Hunter_564,Treasure Found,Encountered a hidden treasure.,Failure
Event_369,Hunter_63,Dangerous Challenge,Encountered a dangerous obstacle.,Failure
Event_370,Hunter_184,Treasure Found,Encountered a hidden treasure.,Failure
Event_371,Hunter_204,Animal Encounter,Encountered a rare animal.,Failure
Event_372,Hunter_865,Dangerous Challenge,Encountered a hidden treasure.,Failure
Event_373,Hunter_123,Animal Encounter,Encountered a rare animal.,Success
Event_374,Hunter_366,Dangerous Challenge,Encountered a rare animal.,Success
Event_375,Hunter_239,Animal Encounter,Encountered a dangerous obstacle.,Failure
Event_376,Hunter_95,Treasure Found,Encountered a rare animal.,Success
Event_377,Hunter_274,Animal Encounter,Encountered a dangerous obstacle.,Failure
Event_378,Hunter_420,Dangerous Challenge,Encountered a rare animal.,Failure
Event_379,Hunter_85,Treasure Found,Encountered a hidden treasure.,Failure
Event_380,Hunter_44,Animal Encounter,Encountered a dangerous obstacle.,Success
Event_381,Hunter_425,Animal Encounter,Encountered a dangerous obstacle.,Failure
Event_382,Hunter_655,Dangerous Challenge,Encountered a dangerous obstacle.,Failure
Event_383,Hunter_440,Dangerous Challenge,Encountered a rare animal.,Failure
Event_384,Hunter_919,Animal Encounter,Encountered a hidden treasure.,Success
Event_385,Hunter_660,Treasure Found,Encountered a rare animal.,Success
Event_386,Hunter_432,Treasure Found,Encountered a hidden treasure.,Failure
Event_387,Hunter_965,Animal Encounter,Encountered a hidden treasure.,Success
Event_388,Hunter_385,Dangerous Challenge,Encountered a hidden treasure.,Failure
Event_389,Hunter_6,Treasure Found,Encountered a hidden treasure.,Failure
Event_390,Hunter_683,Treasure Found,Encountered a hidden treasure.,Failure
Event_391,Hunter_265,Treasure Found,Encountered a hidden treasure.,Failure
Event_392,Hunter_703,Dangerous Challenge,Encountered a dangerous obstacle.,Failure
Event_393,Hunter_882,Animal Encounter,Encountered a hidden treasure.,Failure
Event_394,Hunter_339,Dangerous Challenge,Encountered a hidden treasure.,Success
Event_395,Hunter_104,Treasure Found,Encountered a hidden treasure.,Failure
Event_396,Hunter_97,Dangerous Challenge,Encountered a rare animal.,Success
Event_397,Hunter_880,Dangerous Challenge,Encountered a dangerous obstacle.,Failure
Event_398,Hunter_967,Treasure Found,Encountered a rare animal.,Success
Event_399,Hunter_497,Dangerous Challenge,Encountered a rare animal.,Failure
Event_400,Hunter_346,Animal Encounter,Encountered a dangerous obstacle.,Failure
Event_401,Hunter_901,Dangerous Challenge,Encountered a hidden treasure.,Failure
Event_402,Hunter_713,Dangerous Challenge,Encountered a dangerous obstacle.,Success
Event_403,Hunter_777,Treasure Found,Encountered a dangerous obstacle.,Success
Event_404,Hunter_339,Treasure Found,Encountered a rare animal.,Failure
Event_405,Hunter_678,Animal Encounter,Encountered a rare animal.,Failure
Event_406,Hunter_781,Treasure Found,Encountered a hidden treasure.,Success
Event_407,Hunter_745,Treasure Found,Encountered a hidden treasure.,Success
Event_408,Hunter_946,Dangerous Challenge,Encountered a hidden treasure.,Failure
Event_409,Hunter_422,Treasure Found,Encountered a hidden treasure.,Failure
Event_410,Hunter_609,Animal Encounter,Encountered a dangerous obstacle.,Success
Event_411,Hunter_153,Treasure Found,Encountered a rare animal.,Failure
Event_412,Hunter_206,Treasure Found,Encountered a dangerous obstacle.,Success
Event_413,Hunter_944,Treasure Found,Encountered a dangerous obstacle.,Success
Event_414,Hunter_706,Animal Encounter,Encountered a rare animal.,Failure
Event_415,Hunter_635,Animal Encounter,Encountered a dangerous obstacle.,Failure
Event_416,Hunter_431,Treasure Found,Encountered a rare animal.,Success
Event_417,Hunter_730,Treasure Found,Encountered a hidden treasure.,Failure
Event_418,Hunter_163,Treasure Found,Encountered a dangerous obstacle.,Failure
Event_419,Hunter_1000,Treasure Found,Encountered a dangerous obstacle.,Failure
Event_420,Hunter_826,Animal Encounter,Encountered a hidden treasure.,Failure
Event_421,Hunter_33,Dangerous Challenge,Encountered a hidden treasure.,Failure
Event_422,Hunter_804,Animal Encounter,Encountered a rare animal.,Failure
Event_423,Hunter_736,Dangerous Challenge,Encountered a dangerous obstacle.,Failure
Event_424,Hunter_329,Treasure Found,Encountered a hidden treasure.,Success
Event_425,Hunter_46,Dangerous Challenge,Encountered a dangerous obstacle.,Failure
Event_426,Hunter_608,Animal Encounter,Encountered a rare animal.,Failure
Event_427,Hunter_364,Dangerous Challenge,Encountered a dangerous obstacle.,Success
Event_428,Hunter_815,Treasure Found,Encountered a rare animal.,Success
Event_429,Hunter_832,Treasure Found,Encountered a hidden treasure.,Success
Event_430,Hunter_269,Treasure Found,Encountered a dangerous obstacle.,Success
Event_431,Hunter_540,Treasure Found,Encountered a dangerous obstacle.,Failure
Event_432,Hunter_849,Treasure Found,Encountered a hidden treasure.,Failure
Event_433,Hunter_461,Animal Encounter,Encountered a rare animal.,Failure
Event_434,Hunter_482,Treasure Found,Encountered a dangerous obstacle.,Failure
Event_435,Hunter_930,Dangerous Challenge,Encountered a dangerous obstacle.,Failure
Event_436,Hunter_991,Treasure Found,Encountered a hidden treasure.,Failure
Event_437,Hunter_700,Animal Encounter,Encountered a hidden treasure.,Success
Event_438,Hunter_5,Treasure Found,Encountered a hidden treasure.,Success
Event_439,Hunter_949,Animal Encounter,Encountered a rare animal.,Success
Event_440,Hunter_522,Animal Encounter,Encountered a rare animal.,Failure
Event_441,Hunter_271,Dangerous Challenge,Encountered a hidden treasure.,Failure
Event_442,Hunter_733,Treasure Found,Encountered a dangerous obstacle.,Success
Event_443,Hunter_43,Treasure Found,Encountered a hidden treasure.,Success
Event_444,Hunter_821,Animal Encounter,Encountered a hidden treasure.,Failure
Event_445,Hunter_90,Treasure Found,Encountered a dangerous obstacle.,Success
Event_446,Hunter_986,Dangerous Challenge,Encountered a rare animal.,Failure
Event_447,Hunter_4,Animal Encounter,Encountered a dangerous obstacle.,Failure
Event_448,Hunter_297,Treasure Found,Encountered a hidden treasure.,Failure
Event_449,Hunter_816,Dangerous Challenge,Encountered a rare animal.,Success
Event_450,Hunter_884,Treasure Found,Encountered a rare animal.,Failure
Event_451,Hunter_403,Treasure Found,Encountered a dangerous obstacle.,Success
Event_452,Hunter_234,Treasure Found,Encountered a hidden treasure.,Success
Event_453,Hunter_597,Treasure Found,Encountered a hidden treasure.,Failure
Event_454,Hunter_118,Treasure Found,Encountered a hidden treasure.,Success
Event_455,Hunter_349,Treasure Found,Encountered a hidden treasure.,Failure
Event_456,Hunter_350,Treasure Found,Encountered a hidden treasure.,Success
Event_457,Hunter_362,Treasure Found,Encountered a hidden treasure.,Failure
Event_458,Hunter_912,Animal Encounter,Encountered a rare animal.,Failure
Event_459,Hunter_218,Animal Encounter,Encountered a rare animal.,Success
Event_460,Hunter_945,Dangerous Challenge,Encountered a hidden treasure.,Failure
Event_461,Hunter_36,Animal Encounter,Encountered a hidden treasure.,Success
Event_462,Hunter_448,Treasure Found,Encountered a hidden treasure.,Success
Event_463,Hunter_190,Dangerous Challenge,Encountered a hidden treasure.,Success
Event_464,Hunter_779,Dangerous Challenge,Encountered a rare animal.,Failure
Event_465,Hunter_395,Animal Encounter,Encountered a rare animal.,Success
Event_466,Hunter_175,Animal Encounter,Encountered a hidden treasure.,Failure
Event_467,Hunter_983,Animal Encounter,Encountered a rare animal.,Success
Event_468,Hunter_931,Treasure Found,Encountered a rare animal.,Success
Event_469,Hunter_71,Treasure Found,Encountered a dangerous obstacle.,Failure
Event_470,Hunter_528,Animal Encounter,Encountered a hidden treasure.,Failure
Event_471,Hunter_24,Animal Encounter,Encountered a rare animal.,Failure
Event_472,Hunter_144,Dangerous Challenge,Encountered a rare animal.,Failure
Event_473,Hunter_515,Treasure Found,Encountered a dangerous obstacle.,Failure
Event_474,Hunter_51,Animal Encounter,Encountered a hidden treasure.,Success
Event_475,Hunter_786,Treasure Found,Encountered a rare animal.,Failure
Event_476,Hunter_690,Treasure Found,Encountered a dangerous obstacle.,Success
Event_477,Hunter_244,Animal Encounter,Encountered a dangerous obstacle.,Failure
Event_478,Hunter_269,Dangerous Challenge,Encountered a dangerous obstacle.,Failure
Event_479,Hunter_865,Animal Encounter,Encountered a hidden treasure.,Failure
Event_480,Hunter_361,Animal Encounter,Encountered a hidden treasure.,Failure
Event_481,Hunter_426,Treasure Found,Encountered a dangerous obstacle.,Success
Event_482,Hunter_98,Animal Encounter,Encountered a rare animal.,Success
Event_483,Hunter_1000,Animal Encounter,Encountered a hidden treasure.,Failure
Event_484,Hunter_607,Treasure Found,Encountered a dangerous obstacle.,Failure
Event_485,Hunter_587,Animal Encounter,Encountered a hidden treasure.,Failure
Event_486,Hunter_19,Dangerous Challenge,Encountered a dangerous obstacle.,Success
Event_487,Hunter_567,Treasure Found,Encountered a rare animal.,Success
Event_488,Hunter_838,Animal Encounter,Encountered a dangerous obstacle.,Success
Event_489,Hunter_282,Treasure Found,Encountered a dangerous obstacle.,Failure
Event_490,Hunter_243,Dangerous Challenge,Encountered a dangerous obstacle.,Success
Event_491,Hunter_536,Dangerous Challenge,Encountered a hidden treasure.,Success
Event_492,Hunter_855,Treasure Found,Encountered a dangerous obstacle.,Success
Event_493,Hunter_365,Treasure Found,Encountered a rare animal.,Success
Event_494,Hunter_80,Animal Encounter,Encountered a rare animal.,Success
Event_495,Hunter_942,Dangerous Challenge,Encountered a hidden treasure.,Success
Event_496,Hunter_619,Animal Encounter,Encountered a dangerous obstacle.,Success
Event_497,Hunter_765,Animal Encounter,Encountered a rare animal.,Failure
Event_498,Hunter_421,Dangerous Challenge,Encountered a rare animal.,Success
Event_499,Hunter_316,Animal Encounter,Encountered a dangerous obstacle.,Failure
Event_500,Hunter_843,Treasure Found,Encountered a rare animal.,Failure
Event_501,Hunter_539,Treasure Found,Encountered a rare animal.,Failure
Event_502,Hunter_153,Dangerous Challenge,Encountered a hidden treasure.,Failure
Event_503,Hunter_100,Dangerous Challenge,Encountered a rare animal.,Success
Event_504,Hunter_244,Dangerous Challenge,Encountered a hidden treasure.,Failure
Event_505,Hunter_961,Animal Encounter,Encountered a hidden treasure.,Success
Event_506,Hunter_365,Animal Encounter,Encountered a hidden treasure.,Success
Event_507,Hunter_109,Animal Encounter,Encountered a hidden treasure.,Success
Event_508,Hunter_687,Treasure Found,Encountered a hidden treasure.,Success
Event_509,Hunter_521,Animal Encounter,Encountered a rare animal.,Success
Event_510,Hunter_573,Dangerous Challenge,Encountered a hidden treasure.,Failure
Event_511,Hunter_709,Animal Encounter,Encountered a rare animal.,Success
Event_512,Hunter_596,Treasure Found,Encountered a rare animal.,Failure
Event_513,Hunter_822,Dangerous Challenge,Encountered a rare animal.,Success
Event_514,Hunter_238,Treasure Found,Encountered a rare animal.,Success
Event_515,Hunter_211,Treasure Found,Encountered a hidden treasure.,Success
Event_516,Hunter_529,Animal Encounter,Encountered a dangerous obstacle.,Failure
Event_517,Hunter_582,Dangerous Challenge,Encountered a rare animal.,Failure
Event_518,Hunter_216,Treasure Found,Encountered a hidden treasure.,Failure
Event_519,Hunter_342,Animal Encounter,Encountered a dangerous obstacle.,Success
Event_520,Hunter_398,Dangerous Challenge,Encountered a hidden treasure.,Failure
Event_521,Hunter_612,Animal Encounter,Encountered a dangerous obstacle.,Failure
Event_522,Hunter_149,Animal Encounter,Encountered a rare animal.,Success
Event_523,Hunter_78,Dangerous Challenge,Encountered a dangerous obstacle.,Failure
Event_524,Hunter_474,Animal Encounter,Encountered a dangerous obstacle.,Success
Event_525,Hunter_113,Dangerous Challenge,Encountered a dangerous obstacle.,Failure
Event_526,Hunter_559,Animal Encounter,Encountered a rare animal.,Success
Event_527,Hunter_933,Treasure Found,Encountered a hidden treasure.,Failure
Event_528,Hunter_621,Animal Encounter,Encountered a rare animal.,Success
Event_529,Hunter_694,Treasure Found,Encountered a hidden treasure.,Failure
Event_530,Hunter_209,Animal Encounter,Encountered a hidden treasure.,Success
Event_531,Hunter_917,Treasure Found,Encountered a dangerous obstacle.,Failure
Event_532,Hunter_54,Treasure Found,Encountered a hidden treasure.,Success
Event_533,Hunter_490,Animal Encounter,Encountered a hidden treasure.,Success
Event_534,Hunter_533,Dangerous Challenge,Encountered a rare animal.,Success
Event_535,Hunter_189,Treasure Found,Encountered a hidden treasure.,Success
Event_536,Hunter_967,Dangerous Challenge,Encountered a hidden treasure.,Failure
Event_537,Hunter_566,Treasure Found,Encountered a rare animal.,Success
Event_538,Hunter_330,Animal Encounter,Encountered a dangerous obstacle.,Success
Event_539,Hunter_568,Dangerous Challenge,Encountered a dangerous obstacle.,Failure
Event_540,Hunter_931,Dangerous Challenge,Encountered a rare animal.,Success
Event_541,Hunter_115,Animal Encounter,Encountered a hidden treasure.,Failure
Event_542,Hunter_957,Treasure Found,Encountered a dangerous obstacle.,Success
Event_543,Hunter_583,Animal Encounter,Encountered a hidden treasure.,Success
Event_544,Hunter_898,Treasure Found,Encountered a hidden treasure.,Success
Event_545,Hunter_823,Dangerous Challenge,Encountered a rare animal.,Failure
Event_546,Hunter_734,Dangerous Challenge,Encountered a rare animal.,Failure
Event_547,Hunter_319,Treasure Found,Encountered a dangerous obstacle.,Success
Event_548,Hunter_738,Dangerous Challenge,Encountered a rare animal.,Failure
Event_549,Hunter_660,Treasure Found,Encountered a dangerous obstacle.,Success
Event_550,Hunter_442,Dangerous Challenge,Encountered a hidden treasure.,Success
Event_551,Hunter_460,Treasure Found,Encountered a hidden treasure.,Failure
Event_552,Hunter_347,Dangerous Challenge,Encountered a hidden treasure.,Success
Event_553,Hunter_45,Treasure Found,Encountered a rare animal.,Failure
Event_554,Hunter_353,Animal Encounter,Encountered a dangerous obstacle.,Failure
Event_555,Hunter_795,Dangerous Challenge,Encountered a dangerous obstacle.,Failure
Event_556,Hunter_347,Animal Encounter,Encountered a hidden treasure.,Failure
Event_557,Hunter_30,Treasure Found,Encountered a rare animal.,Failure
Event_558,Hunter_479,Dangerous Challenge,Encountered a hidden treasure.,Failure
Event_559,Hunter_155,Treasure Found,Encountered a hidden treasure.,Success
Event_560,Hunter_555,Animal Encounter,Encountered a rare animal.,Failure
Event_561,Hunter_293,Animal Encounter,Encountered a rare animal.,Failure
Event_562,Hunter_664,Treasure Found,Encountered a dangerous obstacle.,Failure
Event_563,Hunter_545,Dangerous Challenge,Encountered a dangerous obstacle.,Failure
Event_564,Hunter_118,Treasure Found,Encountered a dangerous obstacle.,Success
Event_565,Hunter_455,Treasure Found,Encountered a hidden treasure.,Failure
Event_566,Hunter_534,Treasure Found,Encountered a rare animal.,Success
Event_567,Hunter_23,Animal Encounter,Encountered a dangerous obstacle.,Failure
Event_568,Hunter_846,Treasure Found,Encountered a hidden treasure.,Success
Event_569,Hunter_96,Dangerous Challenge,Encountered a dangerous obstacle.,Success
Event_570,Hunter_928,Dangerous Challenge,Encountered a hidden treasure.,Success
Event_571,Hunter_531,Animal Encounter,Encountered a dangerous obstacle.,Success
Event_572,Hunter_373,Treasure Found,Encountered a hidden treasure.,Failure
Event_573,Hunter_917,Dangerous Challenge,Encountered a dangerous obstacle.,Failure
Event_574,Hunter_6,Dangerous Challenge,Encountered a dangerous obstacle.,Success
Event_575,Hunter_577,Treasure Found,Encountered a dangerous obstacle.,Success
Event_576,Hunter_372,Animal Encounter,Encountered a rare animal.,Failure
Event_577,Hunter_545,Dangerous Challenge,Encountered a rare animal.,Success
Event_578,Hunter_374,Animal Encounter,Encountered a dangerous obstacle.,Failure
Event_579,Hunter_917,Animal Encounter,Encountered a dangerous obstacle.,Failure
Event_580,Hunter_14,Animal Encounter,Encountered a hidden treasure.,Success
Event_581,Hunter_815,Treasure Found,Encountered a rare animal.,Failure
Event_582,Hunter_651,Animal Encounter,Encountered a rare animal.,Failure
Event_583,Hunter_211,Animal Encounter,Encountered a rare animal.,Success
Event_584,Hunter_390,Dangerous Challenge,Encountered a rare animal.,Failure
Event_585,Hunter_814,Animal Encounter,Encountered a rare animal.,Success
Event_586,Hunter_538,Dangerous Challenge,Encountered a hidden treasure.,Success
Event_587,Hunter_107,Animal Encounter,Encountered a rare animal.,Failure
Event_588,Hunter_282,Dangerous Challenge,Encountered a rare animal.,Success
Event_589,Hunter_472,Treasure Found,Encountered a hidden treasure.,Failure
Event_590,Hunter_783,Dangerous Challenge,Encountered a rare animal.,Failure
Event_591,Hunter_40,Animal Encounter,Encountered a dangerous obstacle.,Success
Event_592,Hunter_958,Treasure Found,Encountered a rare animal.,Failure
Event_593,Hunter_746,Treasure Found,Encountered a hidden treasure.,Success
Event_594,Hunter_20,Animal Encounter,Encountered a rare animal.,Failure
Event_595,Hunter_845,Treasure Found,Encountered a rare animal.,Success
Event_596,Hunter_237,Animal Encounter,Encountered a dangerous obstacle.,Success
Event_597,Hunter_715,Animal Encounter,Encountered a rare animal.,Failure
Event_598,Hunter_686,Animal Encounter,Encountered a hidden treasure.,Success
Event_599,Hunter_989,Dangerous Challenge,Encountered a rare animal.,Failure
Event_600,Hunter_772,Animal Encounter,Encountered a rare animal.,Failure
Event_601,Hunter_240,Dangerous Challenge,Encountered a hidden treasure.,Success
Event_602,Hunter_585,Dangerous Challenge,Encountered a hidden treasure.,Success
Event_603,Hunter_840,Treasure Found,Encountered a rare animal.,Success
Event_604,Hunter_910,Dangerous Challenge,Encountered a dangerous obstacle.,Success
Event_605,Hunter_895,Dangerous Challenge,Encountered a hidden treasure.,Failure
Event_606,Hunter_485,Treasure Found,Encountered a rare animal.,Success
Event_607,Hunter_80,Dangerous Challenge,Encountered a rare animal.,Failure
Event_608,Hunter_802,Treasure Found,Encountered a dangerous obstacle.,Success
Event_609,Hunter_619,Treasure Found,Encountered a dangerous obstacle.,Failure
Event_610,Hunter_641,Treasure Found,Encountered a dangerous obstacle.,Success
Event_611,Hunter_648,Animal Encounter,Encountered a dangerous obstacle.,Success
Event_612,Hunter_287,Treasure Found,Encountered a hidden treasure.,Success
Event_613,Hunter_938,Treasure Found,Encountered a dangerous obstacle.,Failure
Event_614,Hunter_723,Animal Encounter,Encountered a rare animal.,Failure
Event_615,Hunter_380,Animal Encounter,Encountered a dangerous obstacle.,Success
Event_616,Hunter_857,Animal Encounter,Encountered a rare animal.,Failure
Event_617,Hunter_612,Animal Encounter,Encountered a rare animal.,Failure
Event_618,Hunter_923,Dangerous Challenge,Encountered a rare animal.,Success
Event_619,Hunter_337,Animal Encounter,Encountered a rare animal.,Success
Event_620,Hunter_513,Animal Encounter,Encountered a rare animal.,Failure
Event_621,Hunter_972,Dangerous Challenge,Encountered a dangerous obstacle.,Success
Event_622,Hunter_49,Dangerous Challenge,Encountered a hidden treasure.,Failure
Event_623,Hunter_358,Treasure Found,Encountered a hidden treasure.,Success
Event_624,Hunter_51,Treasure Found,Encountered a dangerous obstacle.,Success
Event_625,Hunter_72,Dangerous Challenge,Encountered a rare animal.,Success
Event_626,Hunter_363,Treasure Found,Encountered a rare animal.,Failure
Event_627,Hunter_920,Treasure Found,Encountered a rare animal.,Failure
Event_628,Hunter_544,Dangerous Challenge,Encountered a hidden treasure.,Failure
Event_629,Hunter_817,Dangerous Challenge,Encountered a hidden treasure.,Failure
Event_630,Hunter_588,Dangerous Challenge,Encountered a rare animal.,Success
Event_631,Hunter_940,Dangerous Challenge,Encountered a hidden treasure.,Failure
Event_632,Hunter_65,Animal Encounter,Encountered a hidden treasure.,Success
Event_633,Hunter_277,Dangerous Challenge,Encountered a hidden treasure.,Success
Event_634,Hunter_753,Dangerous Challenge,Encountered a rare animal.,Failure
Event_635,Hunter_25,Animal Encounter,Encountered a hidden treasure.,Success
Event_636,Hunter_164,Dangerous Challenge,Encountered a dangerous obstacle.,Failure
Event_637,Hunter_195,Dangerous Challenge,Encountered a hidden treasure.,Success
Event_638,Hunter_837,Treasure Found,Encountered a dangerous obstacle.,Failure
Event_639,Hunter_922,Treasure Found,Encountered a hidden treasure.,Failure
Event_640,Hunter_440,Dangerous Challenge,Encountered a rare animal.,Failure
Event_641,Hunter_597,Treasure Found,Encountered a hidden treasure.,Success
Event_642,Hunter_659,Treasure Found,Encountered a hidden treasure.,Failure
Event_643,Hunter_582,Dangerous Challenge,Encountered a hidden treasure.,Failure
Event_644,Hunter_227,Animal Encounter,Encountered a hidden treasure.,Failure
Event_645,Hunter_431,Treasure Found,Encountered a rare animal.,Success
Event_646,Hunter_842,Animal Encounter,Encountered a rare animal.,Failure
Event_647,Hunter_569,Dangerous Challenge,Encountered a hidden treasure.,Success
Event_648,Hunter_244,Treasure Found,Encountered a rare animal.,Failure
Event_649,Hunter_951,Treasure Found,Encountered a dangerous obstacle.,Failure
Event_650,Hunter_715,Treasure Found,Encountered a hidden treasure.,Success
Event_651,Hunter_178,Treasure Found,Encountered a hidden treasure.,Success
Event_652,Hunter_202,Dangerous Challenge,Encountered a hidden treasure.,Success
Event_653,Hunter_318,Treasure Found,Encountered a hidden treasure.,Failure
Event_654,Hunter_353,Dangerous Challenge,Encountered a rare animal.,Failure
Event_655,Hunter_907,Animal Encounter,Encountered a hidden treasure.,Success
Event_656,Hunter_234,Animal Encounter,Encountered a dangerous obstacle.,Success
Event_657,Hunter_706,Treasure Found,Encountered a dangerous obstacle.,Failure
Event_658,Hunter_187,Treasure Found,Encountered a rare animal.,Failure
Event_659,Hunter_892,Animal Encounter,Encountered a dangerous obstacle.,Success
Event_660,Hunter_221,Treasure Found,Encountered a rare animal.,Failure
Event_661,Hunter_818,Treasure Found,Encountered a rare animal.,Failure
Event_662,Hunter_698,Treasure Found,Encountered a dangerous obstacle.,Failure
Event_663,Hunter_7,Treasure Found,Encountered a rare animal.,Failure
Event_664,Hunter_277,Dangerous Challenge,Encountered a hidden treasure.,Success
Event_665,Hunter_660,Dangerous Challenge,Encountered a dangerous obstacle.,Success
Event_666,Hunter_661,Animal Encounter,Encountered a rare animal.,Success
Event_667,Hunter_993,Dangerous Challenge,Encountered a dangerous obstacle.,Success
Event_668,Hunter_338,Animal Encounter,Encountered a dangerous obstacle.,Success
Event_669,Hunter_506,Animal Encounter,Encountered a hidden treasure.,Success
Event_670,Hunter_821,Treasure Found,Encountered a dangerous obstacle.,Success
Event_671,Hunter_900,Dangerous Challenge,Encountered a dangerous obstacle.,Success
Event_672,Hunter_642,Dangerous Challenge,Encountered a hidden treasure.,Success
Event_673,Hunter_449,Treasure Found,Encountered a rare animal.,Success
Event_674,Hunter_974,Dangerous Challenge,Encountered a rare animal.,Failure
Event_675,Hunter_364,Dangerous Challenge,Encountered a hidden treasure.,Success
Event_676,Hunter_674,Treasure Found,Encountered a hidden treasure.,Success
Event_677,Hunter_334,Treasure Found,Encountered a rare animal.,Success
Event_678,Hunter_670,Dangerous Challenge,Encountered a hidden treasure.,Success
Event_679,Hunter_576,Dangerous Challenge,Encountered a hidden treasure.,Failure
Event_680,Hunter_240,Treasure Found,Encountered a hidden treasure.,Failure
Event_681,Hunter_68,Dangerous Challenge,Encountered a dangerous obstacle.,Failure
Event_682,Hunter_721,Animal Encounter,Encountered a rare animal.,Success
Event_683,Hunter_601,Treasure Found,Encountered a rare animal.,Failure
Event_684,Hunter_331,Treasure Found,Encountered a hidden treasure.,Failure
Event_685,Hunter_615,Dangerous Challenge,Encountered a rare animal.,Failure
Event_686,Hunter_545,Dangerous Challenge,Encountered a hidden treasure.,Success
Event_687,Hunter_320,Dangerous Challenge,Encountered a rare animal.,Failure
Event_688,Hunter_682,Animal Encounter,Encountered a hidden treasure.,Failure
Event_689,Hunter_596,Treasure Found,Encountered a dangerous obstacle.,Success
Event_690,Hunter_599,Treasure Found,Encountered a hidden treasure.,Success
Event_691,Hunter_18,Animal Encounter,Encountered a hidden treasure.,Success
Event_692,Hunter_153,Treasure Found,Encountered a hidden treasure.,Success
Event_693,Hunter_2,Dangerous Challenge,Encountered a rare animal.,Failure
Event_694,Hunter_491,Treasure Found,Encountered a dangerous obstacle.,Success
Event_695,Hunter_418,Animal Encounter,Encountered a hidden treasure.,Failure
Event_696,Hunter_908,Treasure Found,Encountered a hidden treasure.,Failure
Event_697,Hunter_888,Dangerous Challenge,Encountered a rare animal.,Failure
Event_698,Hunter_209,Dangerous Challenge,Encountered a dangerous obstacle.,Failure
Event_699,Hunter_18,Dangerous Challenge,Encountered a hidden treasure.,Success
Event_700,Hunter_989,Animal Encounter,Encountered a hidden treasure.,Failure
Event_701,Hunter_465,Animal Encounter,Encountered a hidden treasure.,Success
Event_702,Hunter_424,Dangerous Challenge,Encountered a dangerous obstacle.,Success
Event_703,Hunter_138,Animal Encounter,Encountered a hidden treasure.,Success
Event_704,Hunter_404,Treasure Found,Encountered a dangerous obstacle.,Success
Event_705,Hunter_713,Dangerous Challenge,Encountered a hidden treasure.,Failure
Event_706,Hunter_605,Treasure Found,Encountered a rare animal.,Failure
Event_707,Hunter_707,Dangerous Challenge,Encountered a hidden treasure.,Failure
Event_708,Hunter_694,Treasure Found,Encountered a rare animal.,Success
Event_709,Hunter_61,Treasure Found,Encountered a dangerous obstacle.,Success
Event_710,Hunter_817,Animal Encounter,Encountered a hidden treasure.,Success
Event_711,Hunter_790,Treasure Found,Encountered a hidden treasure.,Success
Event_712,Hunter_218,Animal Encounter,Encountered a rare animal.,Failure
Event_713,Hunter_432,Dangerous Challenge,Encountered a rare animal.,Failure
Event_714,Hunter_937,Treasure Found,Encountered a hidden treasure.,Failure
Event_715,Hunter_545,Dangerous Challenge,Encountered a rare animal.,Failure
Event_716,Hunter_29,Dangerous Challenge,Encountered a dangerous obstacle.,Success
Event_717,Hunter_533,Animal Encounter,Encountered a rare animal.,Failure
Event_718,Hunter_150,Animal Encounter,Encountered a dangerous obstacle.,Success
Event_719,Hunter_727,Treasure Found,Encountered a rare animal.,Success
Event_720,Hunter_605,Treasure Found,Encountered a rare animal.,Failure
Event_721,Hunter_23,Animal Encounter,Encountered a rare animal.,Success
Event_722,Hunter_902,Dangerous Challenge,Encountered a dangerous obstacle.,Success
Event_723,Hunter_816,Treasure Found,Encountered a dangerous obstacle.,Failure
Event_724,Hunter_912,Dangerous Challenge,Encountered a hidden treasure.,Failure
Event_725,Hunter_857,Dangerous Challenge,Encountered a rare animal.,Failure
Event_726,Hunter_395,Treasure Found,Encountered a dangerous obstacle.,Success
Event_727,Hunter_288,Animal Encounter,Encountered a dangerous obstacle.,Failure
Event_728,Hunter_441,Dangerous Challenge,Encountered a rare animal.,Failure
Event_729,Hunter_565,Treasure Found,Encountered a hidden treasure.,Success
Event_730,Hunter_953,Dangerous Challenge,Encountered a rare animal.,Failure
Event_731,Hunter_762,Dangerous Challenge,Encountered a rare animal.,Failure
Event_732,Hunter_109,Treasure Found,Encountered a dangerous obstacle.,Success
Event_733,Hunter_557,Treasure Found,Encountered a dangerous obstacle.,Failure
Event_734,Hunter_10,Treasure Found,Encountered a rare animal.,Success
Event_735,Hunter_878,Dangerous Challenge,Encountered a dangerous obstacle.,Failure
Event_736,Hunter_607,Treasure Found,Encountered a hidden treasure.,Success
Event_737,Hunter_319,Treasure Found,Encountered a rare animal.,Failure
Event_738,Hunter_727,Dangerous Challenge,Encountered a hidden treasure.,Failure
Event_739,Hunter_645,Treasure Found,Encountered a hidden treasure.,Success
Event_740,Hunter_356,Animal Encounter,Encountered a rare animal.,Failure
Event_741,Hunter_355,Animal Encounter,Encountered a hidden treasure.,Failure
Event_742,Hunter_957,Dangerous Challenge,Encountered a rare animal.,Failure
Event_743,Hunter_614,Treasure Found,Encountered a hidden treasure.,Failure
Event_744,Hunter_228,Treasure Found,Encountered a hidden treasure.,Success
Event_745,Hunter_243,Animal Encounter,Encountered a rare animal.,Success
Event_746,Hunter_874,Treasure Found,Encountered a hidden treasure.,Failure
Event_747,Hunter_832,Animal Encounter,Encountered a hidden treasure.,Failure
Event_748,Hunter_588,Treasure Found,Encountered a hidden treasure.,Failure
Event_749,Hunter_368,Dangerous Challenge,Encountered a dangerous obstacle.,Success
Event_750,Hunter_107,Treasure Found,Encountered a rare animal.,Success
Event_751,Hunter_295,Dangerous Challenge,Encountered a hidden treasure.,Failure
Event_752,Hunter_434,Dangerous Challenge,Encountered a rare animal.,Failure
Event_753,Hunter_653,Dangerous Challenge,Encountered a hidden treasure.,Failure
Event_754,Hunter_862,Dangerous Challenge,Encountered a rare animal.,Success
Event_755,Hunter_200,Dangerous Challenge,Encountered a hidden treasure.,Failure
Event_756,Hunter_603,Treasure Found,Encountered a dangerous obstacle.,Success
Event_757,Hunter_772,Dangerous Challenge,Encountered a hidden treasure.,Failure
Event_758,Hunter_907,Treasure Found,Encountered a hidden treasure.,Success
Event_759,Hunter_739,Dangerous Challenge,Encountered a rare animal.,Success
Event_760,Hunter_377,Treasure Found,Encountered a dangerous obstacle.,Success
Event_761,Hunter_880,Dangerous Challenge,Encountered a hidden treasure.,Success
Event_762,Hunter_29,Animal Encounter,Encountered a hidden treasure.,Failure
Event_763,Hunter_16,Animal Encounter,Encountered a hidden treasure.,Success
Event_764,Hunter_271,Treasure Found,Encountered a dangerous obstacle.,Success
Event_765,Hunter_338,Animal Encounter,Encountered a rare animal.,Success
Event_766,Hunter_783,Animal Encounter,Encountered a rare animal.,Failure
Event_767,Hunter_794,Dangerous Challenge,Encountered a hidden treasure.,Success
Event_768,Hunter_488,Dangerous Challenge,Encountered a dangerous obstacle.,Success
Event_769,Hunter_451,Treasure Found,Encountered a rare animal.,Success
Event_770,Hunter_975,Animal Encounter,Encountered a hidden treasure.,Failure
Event_771,Hunter_938,Treasure Found,Encountered a hidden treasure.,Success
Event_772,Hunter_19,Animal Encounter,Encountered a hidden treasure.,Failure
Event_773,Hunter_990,Treasure Found,Encountered a rare animal.,Success
Event_774,Hunter_439,Treasure Found,Encountered a rare animal.,Failure
Event_775,Hunter_508,Dangerous Challenge,Encountered a hidden treasure.,Success
Event_776,Hunter_427,Dangerous Challenge,Encountered a dangerous obstacle.,Success
Event_777,Hunter_34,Dangerous Challenge,Encountered a dangerous obstacle.,Success
Event_778,Hunter_284,Treasure Found,Encountered a dangerous obstacle.,Failure
Event_779,Hunter_269,Treasure Found,Encountered a dangerous obstacle.,Failure
Event_780,Hunter_463,Animal Encounter,Encountered a hidden treasure.,Success
Event_781,Hunter_419,Dangerous Challenge,Encountered a dangerous obstacle.,Failure
Event_782,Hunter_628,Dangerous Challenge,Encountered a hidden treasure.,Failure
Event_783,Hunter_368,Animal Encounter,Encountered a rare animal.,Success
Event_784,Hunter_441,Treasure Found,Encountered a rare animal.,Success
Event_785,Hunter_357,Animal Encounter,Encountered a hidden treasure.,Failure
Event_786,Hunter_270,Animal Encounter,Encountered a hidden treasure.,Failure
Event_787,Hunter_325,Treasure Found,Encountered a hidden treasure.,Success
Event_788,Hunter_945,Animal Encounter,Encountered a rare animal.,Failure
Event_789,Hunter_144,Treasure Found,Encountered a rare animal.,Success
Event_790,Hunter_208,Dangerous Challenge,Encountered a hidden treasure.,Failure
Event_791,Hunter_815,Animal Encounter,Encountered a dangerous obstacle.,Success
Event_792,Hunter_211,Dangerous Challenge,Encountered a rare animal.,Success
Event_793,Hunter_687,Animal Encounter,Encountered a rare animal.,Failure
Event_794,Hunter_243,Dangerous Challenge,Encountered a dangerous obstacle.,Failure
Event_795,Hunter_355,Treasure Found,Encountered a dangerous obstacle.,Success
Event_796,Hunter_499,Dangerous Challenge,Encountered a dangerous obstacle.,Success
Event_797,Hunter_614,Dangerous Challenge,Encountered a dangerous obstacle.,Success
Event_798,Hunter_657,Dangerous Challenge,Encountered a hidden treasure.,Failure
Event_799,Hunter_442,Dangerous Challenge,Encountered a hidden treasure.,Success
Event_800,Hunter_505,Treasure Found,Encountered a hidden treasure.,Failure
Event_801,Hunter_544,Treasure Found,Encountered a rare animal.,Success
Event_802,Hunter_117,Dangerous Challenge,Encountered a dangerous obstacle.,Failure
Event_803,Hunter_555,Animal Encounter,Encountered a rare animal.,Success
Event_804,Hunter_484,Dangerous Challenge,Encountered a dangerous obstacle.,Failure
Event_805,Hunter_145,Treasure Found,Encountered a rare animal.,Failure
Event_806,Hunter_391,Animal Encounter,Encountered a dangerous obstacle.,Success
Event_807,Hunter_39,Animal Encounter,Encountered a rare animal.,Failure
Event_808,Hunter_189,Dangerous Challenge,Encountered a dangerous obstacle.,Failure
Event_809,Hunter_130,Dangerous Challenge,Encountered a dangerous obstacle.,Success
Event_810,Hunter_908,Treasure Found,Encountered a hidden treasure.,Success
Event_811,Hunter_326,Treasure Found,Encountered a hidden treasure.,Failure
Event_812,Hunter_588,Animal Encounter,Encountered a rare animal.,Failure
Event_813,Hunter_671,Animal Encounter,Encountered a hidden treasure.,Success
Event_814,Hunter_108,Dangerous Challenge,Encountered a rare animal.,Failure
Event_815,Hunter_480,Animal Encounter,Encountered a dangerous obstacle.,Success
Event_816,Hunter_638,Dangerous Challenge,Encountered a dangerous obstacle.,Success
Event_817,Hunter_733,Dangerous Challenge,Encountered a hidden treasure.,Success
Event_818,Hunter_334,Dangerous Challenge,Encountered a hidden treasure.,Success
Event_819,Hunter_795,Treasure Found,Encountered a dangerous obstacle.,Failure
Event_820,Hunter_86,Animal Encounter,Encountered a hidden treasure.,Failure
Event_821,Hunter_278,Dangerous Challenge,Encountered a rare animal.,Failure
Event_822,Hunter_34,Animal Encounter,Encountered a hidden treasure.,Failure
Event_823,Hunter_805,Treasure Found,Encountered a rare animal.,Failure
Event_824,Hunter_613,Dangerous Challenge,Encountered a dangerous obstacle.,Success
Event_825,Hunter_467,Dangerous Challenge,Encountered a hidden treasure.,Failure
Event_826,Hunter_384,Treasure Found,Encountered a rare animal.,Failure
Event_827,Hunter_948,Treasure Found,Encountered a rare animal.,Success
Event_828,Hunter_540,Treasure Found,Encountered a hidden treasure.,Success
Event_829,Hunter_321,Dangerous Challenge,Encountered a rare animal.,Success
Event_830,Hunter_860,Dangerous Challenge,Encountered a rare animal.,Success
Event_831,Hunter_43,Treasure Found,Encountered a dangerous obstacle.,Failure
Event_832,Hunter_173,Treasure Found,Encountered a rare animal.,Success
Event_833,Hunter_318,Animal Encounter,Encountered a hidden treasure.,Success
Event_834,Hunter_909,Animal Encounter,Encountered a hidden treasure.,Failure
Event_835,Hunter_934,Treasure Found,Encountered a hidden treasure.,Success
Event_836,Hunter_719,Treasure Found,Encountered a dangerous obstacle.,Success
Event_837,Hunter_412,Animal Encounter,Encountered a dangerous obstacle.,Success
Event_838,Hunter_693,Treasure Found,Encountered a rare animal.,Success
Event_839,Hunter_618,Animal Encounter,Encountered a rare animal.,Success
Event_840,Hunter_452,Dangerous Challenge,Encountered a dangerous obstacle.,Success
Event_841,Hunter_942,Animal Encounter,Encountered a dangerous obstacle.,Success
Event_842,Hunter_126,Treasure Found,Encountered a hidden treasure.,Success
Event_843,Hunter_86,Dangerous Challenge,Encountered a rare animal.,Failure
Event_844,Hunter_899,Animal Encounter,Encountered a rare animal.,Failure
Event_845,Hunter_32,Animal Encounter,Encountered a dangerous obstacle.,Success
Event_846,Hunter_520,Animal Encounter,Encountered a dangerous obstacle.,Failure
Event_847,Hunter_643,Treasure Found,Encountered a rare animal.,Failure
Event_848,Hunter_988,Dangerous Challenge,Encountered a rare animal.,Failure
Event_849,Hunter_623,Animal Encounter,Encountered a dangerous obstacle.,Failure
Event_850,Hunter_327,Dangerous Challenge,Encountered a rare animal.,Failure
Event_851,Hunter_738,Treasure Found,Encountered a dangerous obstacle.,Failure
Event_852,Hunter_230,Treasure Found,Encountered a rare animal.,Failure
Event_853,Hunter_805,Dangerous Challenge,Encountered a rare animal.,Failure
Event_854,Hunter_981,Treasure Found,Encountered a dangerous obstacle.,Success
Event_855,Hunter_4,Dangerous Challenge,Encountered a rare animal.,Success
Event_856,Hunter_360,Treasure Found,Encountered a dangerous obstacle.,Success
Event_857,Hunter_667,Animal Encounter,Encountered a rare animal.,Success
Event_858,Hunter_245,Treasure Found,Encountered a rare animal.,Success
Event_859,Hunter_246,Treasure Found,Encountered a dangerous obstacle.,Success
Event_860,Hunter_203,Animal Encounter,Encountered a rare animal.,Failure
Event_861,Hunter_55,Animal Encounter,Encountered a hidden treasure.,Failure
Event_862,Hunter_152,Animal Encounter,Encountered a rare animal.,Failure
Event_863,Hunter_298,Animal Encounter,Encountered a hidden treasure.,Success
Event_864,Hunter_952,Dangerous Challenge,Encountered a hidden treasure.,Success
Event_865,Hunter_246,Treasure Found,Encountered a rare animal.,Success
Event_866,Hunter_701,Animal Encounter,Encountered a hidden treasure.,Failure
Event_867,Hunter_307,Animal Encounter,Encountered a rare animal.,Success
Event_868,Hunter_125,Animal Encounter,Encountered a hidden treasure.,Success
Event_869,Hunter_474,Dangerous Challenge,Encountered a dangerous obstacle.,Success
Event_870,Hunter_582,Treasure Found,Encountered a dangerous obstacle.,Success
Event_871,Hunter_159,Dangerous Challenge,Encountered a rare animal.,Failure
Event_872,Hunter_669,Treasure Found,Encountered a dangerous obstacle.,Failure
Event_873,Hunter_913,Treasure Found,Encountered a dangerous obstacle.,Failure
Event_874,Hunter_2,Treasure Found,Encountered a rare animal.,Success
Event_875,Hunter_849,Dangerous Challenge,Encountered a dangerous obstacle.,Success
Event_876,Hunter_868,Treasure Found,Encountered a dangerous obstacle.,Success
Event_877,Hunter_569,Treasure Found,Encountered a dangerous obstacle.,Failure
Event_878,Hunter_588,Dangerous Challenge,Encountered a hidden treasure.,Failure
Event_879,Hunter_713,Animal Encounter,Encountered a dangerous obstacle.,Success
Event_880,Hunter_61,Animal Encounter,Encountered a dangerous obstacle.,Failure
Event_881,Hunter_444,Animal Encounter,Encountered a rare animal.,Success
Event_882,Hunter_484,Dangerous Challenge,Encountered a rare animal.,Success
Event_883,Hunter_385,Animal Encounter,Encountered a rare animal.,Success
Event_884,Hunter_968,Dangerous Challenge,Encountered a rare animal.,Success
Event_885,Hunter_497,Treasure Found,Encountered a hidden treasure.,Success
Event_886,Hunter_692,Treasure Found,Encountered a hidden treasure.,Success
Event_887,Hunter_629,Animal Encounter,Encountered a dangerous obstacle.,Success
Event_888,Hunter_41,Animal Encounter,Encountered a hidden treasure.,Success
Event_889,Hunter_640,Dangerous Challenge,Encountered a rare animal.,Success
Event_890,Hunter_672,Treasure Found,Encountered a hidden treasure.,Success
Event_891,Hunter_262,Dangerous Challenge,Encountered a dangerous obstacle.,Failure
Event_892,Hunter_26,Dangerous Challenge,Encountered a hidden treasure.,Failure
Event_893,Hunter_257,Dangerous Challenge,Encountered a hidden treasure.,Failure
Event_894,Hunter_474,Dangerous Challenge,Encountered a hidden treasure.,Failure
Event_895,Hunter_172,Treasure Found,Encountered a hidden treasure.,Success
Event_896,Hunter_109,Animal Encounter,Encountered a hidden treasure.,Failure
Event_897,Hunter_392,Dangerous Challenge,Encountered a rare animal.,Success
Event_898,Hunter_14,Dangerous Challenge,Encountered a dangerous obstacle.,Failure
Event_899,Hunter_893,Treasure Found,Encountered a hidden treasure.,Failure
Event_900,Hunter_606,Dangerous Challenge,Encountered a hidden treasure.,Success
Event_901,Hunter_877,Animal Encounter,Encountered a hidden treasure.,Failure
Event_902,Hunter_740,Dangerous Challenge,Encountered a dangerous obstacle.,Failure
Event_903,Hunter_193,Animal Encounter,Encountered a hidden treasure.,Success
Event_904,Hunter_214,Treasure Found,Encountered a hidden treasure.,Success
Event_905,Hunter_542,Animal Encounter,Encountered a hidden treasure.,Success
Event_906,Hunter_18,Treasure Found,Encountered a hidden treasure.,Failure
Event_907,Hunter_446,Treasure Found,Encountered a hidden treasure.,Success
Event_908,Hunter_632,Animal Encounter,Encountered a dangerous obstacle.,Failure
Event_909,Hunter_205,Dangerous Challenge,Encountered a dangerous obstacle.,Success
Event_910,Hunter_543,Treasure Found,Encountered a hidden treasure.,Failure
Event_911,Hunter_206,Animal Encounter,Encountered a hidden treasure.,Success
Event_912,Hunter_737,Animal Encounter,Encountered a hidden treasure.,Failure
Event_913,Hunter_681,Animal Encounter,Encountered a hidden treasure.,Success
Event_914,Hunter_301,Treasure Found,Encountered a dangerous obstacle.,Success
Event_915,Hunter_723,Dangerous Challenge,Encountered a hidden treasure.,Success
Event_916,Hunter_266,Treasure Found,Encountered a dangerous obstacle.,Failure
Event_917,Hunter_214,Dangerous Challenge,Encountered a hidden treasure.,Failure
Event_918,Hunter_432,Animal Encounter,Encountered a rare animal.,Success
Event_919,Hunter_994,Dangerous Challenge,Encountered a dangerous obstacle.,Failure
Event_920,Hunter_227,Dangerous Challenge,Encountered a dangerous obstacle.,Success
Event_921,Hunter_61,Dangerous Challenge,Encountered a hidden treasure.,Success
Event_922,Hunter_493,Animal Encounter,Encountered a rare animal.,Success
Event_923,Hunter_77,Dangerous Challenge,Encountered a rare animal.,Success
Event_924,Hunter_718,Dangerous Challenge,Encountered a rare animal.,Failure
Event_925,Hunter_734,Treasure Found,Encountered a dangerous obstacle.,Failure
Event_926,Hunter_105,Dangerous Challenge,Encountered a hidden treasure.,Failure
Event_927,Hunter_548,Treasure Found,Encountered a hidden treasure.,Success
Event_928,Hunter_261,Animal Encounter,Encountered a hidden treasure.,Success
Event_929,Hunter_926,Dangerous Challenge,Encountered a rare animal.,Failure
Event_930,Hunter_566,Dangerous Challenge,Encountered a dangerous obstacle.,Failure
Event_931,Hunter_279,Animal Encounter,Encountered a dangerous obstacle.,Failure
Event_932,Hunter_355,Dangerous Challenge,Encountered a hidden treasure.,Failure
Event_933,Hunter_172,Dangerous Challenge,Encountered a hidden treasure.,Success
Event_934,Hunter_154,Dangerous Challenge,Encountered a hidden treasure.,Success
Event_935,Hunter_226,Treasure Found,Encountered a dangerous obstacle.,Success
Event_936,Hunter_993,Animal Encounter,Encountered a hidden treasure.,Success
Event_937,Hunter_973,Dangerous Challenge,Encountered a rare animal.,Failure
Event_938,Hunter_173,Treasure Found,Encountered a rare animal.,Success
Event_939,Hunter_636,Treasure Found,Encountered a dangerous obstacle.,Failure
Event_940,Hunter_480,Dangerous Challenge,Encountered a hidden treasure.,Success
Event_941,Hunter_350,Dangerous Challenge,Encountered a hidden treasure.,Success
Event_942,Hunter_827,Treasure Found,Encountered a dangerous obstacle.,Failure
Event_943,Hunter_143,Treasure Found,Encountered a dangerous obstacle.,Success
Event_944,Hunter_167,Dangerous Challenge,Encountered a dangerous obstacle.,Failure
Event_945,Hunter_287,Treasure Found,Encountered a rare animal.,Failure
Event_946,Hunter_402,Animal Encounter,Encountered a dangerous obstacle.,Failure
Event_947,Hunter_253,Treasure Found,Encountered a dangerous obstacle.,Failure
Event_948,Hunter_514,Dangerous Challenge,Encountered a dangerous obstacle.,Success
Event_949,Hunter_223,Dangerous Challenge,Encountered a rare animal.,Success
Event_950,Hunter_210,Treasure Found,Encountered a rare animal.,Success
Event_951,Hunter_930,Animal Encounter,Encountered a hidden treasure.,Success
Event_952,Hunter_631,Animal Encounter,Encountered a dangerous obstacle.,Failure
Event_953,Hunter_501,Animal Encounter,Encountered a dangerous obstacle.,Failure
Event_954,Hunter_316,Dangerous Challenge,Encountered a rare animal.,Success
Event_955,Hunter_56,Dangerous Challenge,Encountered a rare animal.,Success
Event_956,Hunter_660,Animal Encounter,Encountered a hidden treasure.,Failure
Event_957,Hunter_403,Animal Encounter,Encountered a rare animal.,Success
Event_958,Hunter_473,Animal Encounter,Encountered a rare animal.,Success
Event_959,Hunter_769,Dangerous Challenge,Encountered a dangerous obstacle.,Success
Event_960,Hunter_879,Treasure Found,Encountered a rare animal.,Success
Event_961,Hunter_357,Dangerous Challenge,Encountered a rare animal.,Failure
Event_962,Hunter_456,Animal Encounter,Encountered a rare animal.,Failure
Event_963,Hunter_868,Animal Encounter,Encountered a rare animal.,Success
Event_964,Hunter_986,Dangerous Challenge,Encountered a rare animal.,Success
Event_965,Hunter_108,Dangerous Challenge,Encountered a dangerous obstacle.,Success
Event_966,Hunter_427,Treasure Found,Encountered a rare animal.,Success
Event_967,Hunter_243,Animal Encounter,Encountered a hidden treasure.,Success
Event_968,Hunter_149,Animal Encounter,Encountered a dangerous obstacle.,Success
Event_969,Hunter_231,Treasure Found,Encountered a rare animal.,Failure
Event_970,Hunter_711,Dangerous Challenge,Encountered a hidden treasure.,Failure
Event_971,Hunter_890,Animal Encounter,Encountered a dangerous obstacle.,Success
Event_972,Hunter_868,Dangerous Challenge,Encountered a hidden treasure.,Success
Event_973,Hunter_272,Dangerous Challenge,Encountered a rare animal.,Success
Event_974,Hunter_206,Animal Encounter,Encountered a rare animal.,Failure
Event_975,Hunter_810,Treasure Found,Encountered a dangerous obstacle.,Failure
Event_976,Hunter_368,Treasure Found,Encountered a rare animal.,Failure
Event_977,Hunter_426,Animal Encounter,Encountered a hidden treasure.,Success
Event_978,Hunter_708,Treasure Found,Encountered a rare animal.,Success
Event_979,Hunter_113,Dangerous Challenge,Encountered a hidden treasure.,Failure
Event_980,Hunter_738,Dangerous Challenge,Encountered a rare animal.,Failure
Event_981,Hunter_580,Dangerous Challenge,Encountered a hidden treasure.,Success
Event_982,Hunter_792,Animal Encounter,Encountered a hidden treasure.,Failure
Event_983,Hunter_363,Animal Encounter,Encountered a rare animal.,Success
Event_984,Hunter_603,Dangerous Challenge,Encountered a dangerous obstacle.,Success
Event_985,Hunter_553,Animal Encounter,Encountered a rare animal.,Success
Event_986,Hunter_333,Treasure Found,Encountered a hidden treasure.,Success
Event_987,Hunter_931,Dangerous Challenge,Encountered a rare animal.,Failure
Event_988,Hunter_735,Dangerous Challenge,Encountered a rare animal.,Success
Event_989,Hunter_352,Animal Encounter,Encountered a dangerous obstacle.,Success
Event_990,Hunter_738,Dangerous Challenge,Encountered a dangerous obstacle.,Failure
Event_991,Hunter_345,Dangerous Challenge,Encountered a hidden treasure.,Failure
Event_992,Hunter_118,Dangerous Challenge,Encountered a rare animal.,Success
Event_993,Hunter_230,Animal Encounter,Encountered a rare animal.,Success
Event_994,Hunter_563,Dangerous Challenge,Encountered a rare animal.,Success
Event_995,Hunter_649,Animal Encounter,Encountered a hidden treasure.,Success
Event_996,Hunter_37,Animal Encounter,Encountered a hidden treasure.,Success
Event_997,Hunter_668,Animal Encounter,Encountered a dangerous obstacle.,Failure
Event_998,Hunter_804,Dangerous Challenge,Encountered a hidden treasure.,Success
Event_999,Hunter_154,Animal Encounter,Encountered a hidden treasure.,Failure
Event_1000,Hunter_608,Animal Encounter,Encountered a rare animal.,Success
