id,name,type,rarity,health,location
c5227df6-6974-4336-972a-9838fe3e1df7,Dennis,predator,Rare,26,Jungle
aa1be790-e08a-4c32-9313-6abbb0be2ab6,Sean,predator,Common,27,Forest
bd40f972-05d2-44a1-b825-c752e6ee02f6,Brittany,predator,Uncommon,28,Desert
5d50e4be-daa5-4d33-8cf2-7aa3a1310dbc,Justin,predator,Rare,33,Jungle
81313d8d-12a3-4b70-9221-b9a7cec6857b,Ernest,predator,Rare,90,Desert
45dedfcb-acde-4a2f-984c-cb4eb5fd646f,Erica,predator,Rare,38,Jungle
be2361fb-bbe7-4fc2-8c72-11fbdfd4c93a,Erica,predator,Uncommon,89,Desert
fdf9428d-4322-4383-9619-c37f07214f5b,Shannon,predator,Uncommon,27,Desert
c0884487-d2d5-433d-88dd-77231a257e90,Gary,predator,Rare,13,Forest
b62d722f-37a7-4311-885f-da3b7f2a2ec9,Jennifer,herbivore,Uncommon,6,Jungle
e8e337af-90ed-4476-8d48-5cdcbcd55944,David,predator,Common,60,Jungle
e769589a-b85f-484d-8eb2-146860194e51,David,herbivore,Common,89,Jungle
007ca0a0-1496-47ca-9c2d-6fc7bee737ef,Dawn,predator,Rare,19,Forest
76985aa2-9045-4a4b-b903-ca9825998fb3,Shannon,predator,Rare,23,Forest
931ee9a7-3688-4968-81bb-de9dd27b0a3d,Shirley,predator,Uncommon,76,Desert
e24aec2a-d908-47e2-a763-7d63d6b9c1fa,Sharon,predator,Uncommon,51,Jungle
f1574e4c-3c44-4dd3-acbd-0680a3e4d309,Christina,predator,Uncommon,24,Desert
f051b110-8325-4993-910c-42c145977951,Debra,herbivore,Uncommon,40,Jungle
5b6dde14-2b7a-4c34-8c5e-07e207caab76,Joel,predator,Uncommon,99,Desert
312c1039-0ea4-4fa8-a513-ade991983f40,Jose,herbivore,Rare,36,Jungle
d7b88232-ea32-4ec7-ad66-c31d5729e0d4,Tamara,herbivore,Uncommon,20,Desert
57b274d7-a81d-427b-9712-4659acc71859,Adam,herbivore,Uncommon,88,Desert
a84ac05d-3cf2-474c-9f16-7a3b6286a92a,Peter,herbivore,Uncommon,34,Jungle
5c4e67ff-8596-4e8d-bd73-93a35e7090d8,Haley,herbivore,Common,40,Forest
9607f59a-0f9e-4af7-baa1-e132bc6fc2ea,Ronald,predator,Common,83,Forest
5c0026e6-7a6d-4b30-a033-02760ae5b412,Megan,herbivore,Common,56,Forest
21e04844-af08-4ec2-bec1-a9450a0f45d8,Marissa,herbivore,Rare,8,Jungle
99031c88-54c5-4ea8-aa93-39c4aa46e6b0,Donald,herbivore,Uncommon,60,Desert
30ed358b-961d-4cd2-be0c-476d37c35b6b,Joshua,predator,Uncommon,76,Forest
eb7aa76d-a1ed-4fe0-a19d-b506baf601ac,Julie,predator,Uncommon,64,Forest
5b06f1b9-067c-4da1-8e25-e05e0f6c3db8,Scott,predator,Uncommon,49,Forest
03918f2e-c123-4642-ab4e-a73bb0498caf,Joshua,predator,Uncommon,17,Forest
fe26ddbd-18fe-45c7-899c-05ab0e0af3e4,Zachary,herbivore,Rare,7,Jungle
76fae4be-0bb5-4324-a33b-425299ec41d2,Kevin,herbivore,Common,57,Jungle
3f6fd81d-ba62-4578-b8fa-7fd45a9366c4,Dana,herbivore,Uncommon,62,Jungle
8ff9ff7a-bdd3-414d-b57c-a54c2b780eaa,Joshua,herbivore,Uncommon,10,Jungle
0c50dd46-00fd-4ee8-aceb-a58ec925ea4e,Alexander,herbivore,Uncommon,60,Desert
4ef1a7e9-607a-42bc-bea1-8e97fdd19b18,Allen,predator,Common,41,Jungle
fd7a4ad2-23f4-40c1-bd4a-1086a7f4c42e,Dana,predator,Common,51,Jungle
ee7e8d04-9ff6-4b53-89d8-da4c60918c55,Amber,predator,Uncommon,38,Jungle
fd3716ea-3367-40cf-842a-6ed2df36804a,Brian,predator,Common,39,Forest
9209a601-f835-46fa-97c2-ec885b041718,Sarah,predator,Uncommon,100,Desert
88b179c7-6627-4871-8d8c-e313adebe580,Matthew,herbivore,Common,10,Jungle
ba137878-b0df-45a1-a025-664c59290d42,Jeremy,herbivore,Common,75,Forest
3985a253-973a-486f-a810-ba5fc0d63425,Sean,herbivore,Rare,41,Jungle
c7a8304c-a7b6-45e9-b148-159986159d1e,Carrie,herbivore,Common,11,Forest
2908e6b8-e7e6-415b-a64f-6e8e99c710fa,Toni,predator,Rare,74,Desert
20eb9b10-a9ad-4fd7-b392-40310e20c6b1,Bryan,predator,Rare,81,Jungle
fdc55e8e-ec47-402b-b1d2-5576521cc721,Catherine,herbivore,Rare,77,Forest
bfceb00f-7d42-4c4e-90fb-a16075601367,Andre,herbivore,Common,15,Jungle
c2416f88-54aa-4155-93ab-82039075ee9b,Eric,herbivore,Common,47,Forest
c24009ca-a06b-4f57-81b4-bc58696403ba,Shelby,predator,Uncommon,35,Desert
799fa74c-0fde-409d-9014-4d05c5d73ffa,Tyler,herbivore,Rare,66,Desert
8e0676c7-4fca-4148-88fe-9f94f5422de5,Catherine,predator,Common,28,Jungle
78114861-7e72-451c-95de-a9d2dd6d3924,Chris,predator,Common,5,Jungle
56d1ea16-0b9d-4d37-84e2-14c1124d0f87,Frank,herbivore,Rare,82,Forest
7a879d96-afbe-400f-8ad7-fb1b42e5a42f,Tammy,predator,Rare,95,Jungle
a76ab173-bce3-49a9-afed-fe5b885e1294,Nancy,herbivore,Common,49,Jungle
ad8fa6c4-a053-4989-8cf3-571db838623d,Ashley,herbivore,Rare,31,Jungle
06225389-a041-4db8-97f9-2d57491197b2,Anthony,predator,Rare,23,Jungle
95506c7c-0e1b-40cf-a95b-6304e1394b6c,Jessica,herbivore,Rare,80,Forest
5130574a-3187-4e9e-a579-557c3b8869d6,Jared,predator,Uncommon,35,Forest
72fe15ac-6a71-4e1b-9d88-e88141eb9a58,Luis,herbivore,Common,14,Desert
40dfe65c-5816-4007-9155-72fa38657e8c,April,predator,Rare,78,Forest
564fb9ea-fb2a-4b93-9646-c4d4e141a773,Denise,predator,Common,38,Forest
c7f11571-c9c1-4287-9efb-a72699a5a543,James,herbivore,Uncommon,39,Jungle
dc40a483-cd55-4945-880a-391b9fa007df,Kevin,predator,Rare,50,Desert
e084b450-53a0-4d41-bce1-d582ca39f22b,Kylie,predator,Uncommon,19,Desert
7c9c77f9-501d-4d48-ab5c-a59c27f64e59,Brittany,predator,Common,59,Jungle
8e3165be-eabc-4779-a62e-6f1ad123a389,Douglas,herbivore,Uncommon,21,Jungle
c51a8529-1331-4cb1-86f9-a7b02c30e041,Meghan,predator,Rare,91,Jungle
9d290f91-3f81-4701-86a1-456906e7a88d,David,predator,Uncommon,69,Forest
91135da9-f134-444b-9bf0-c6694dad898a,Michele,predator,Uncommon,57,Jungle
036b82d4-3c04-47fa-a057-ed74bc832716,Glenda,herbivore,Rare,36,Forest
7965a488-0662-4be3-899b-75cd3a1d3492,Jeremy,herbivore,Uncommon,58,Jungle
7a65eb7a-b6d2-4397-9469-9b1e2860e6bc,Erika,herbivore,Rare,9,Forest
6a3a80b5-5746-4676-950e-5f528a5d6515,Manuel,predator,Common,53,Jungle
d9deda08-2989-4bb7-8e1c-5f33959a3252,Alicia,herbivore,Rare,73,Forest
c15986f0-272d-4831-9adf-1b91f1804c80,Rebecca,predator,Common,7,Forest
217328f0-bffc-4efa-a25f-b878599a0a46,Jeffrey,predator,Common,13,Forest
77110120-58eb-4dba-a138-3a368cb0f638,Kaitlin,predator,Uncommon,14,Jungle
40241afd-6abe-448e-b03f-fca25c44aea0,Matthew,herbivore,Common,99,Jungle
8cfa7bb2-ae95-4517-8a55-8eeda4d774c5,Robert,predator,Rare,88,Desert
80c35779-157f-4169-8370-4e62f2b286ae,Michelle,predator,Uncommon,8,Forest
23cfa5af-07f5-4e5c-a052-37527aa41726,Alyssa,predator,Common,44,Jungle
77b55535-179e-4587-830e-74a69e6fbd3e,Tyrone,herbivore,Uncommon,83,Jungle
8444c4ed-46d1-42a8-a7ac-406445d6def4,David,predator,Common,8,Desert
484c947c-2a85-4685-a271-259892ae136e,Jodi,predator,Uncommon,38,Desert
47e07d6b-9ab0-4f6c-9298-f4c0d7ad50b1,Marissa,predator,Common,14,Forest
a064269b-95d6-4375-a5e9-7a95c913a51a,Sarah,predator,Rare,34,Jungle
1de7b29a-480d-4dad-bcbf-ccf7e08126f2,Alan,predator,Common,67,Desert
9b288000-0cb5-46ec-bdc0-83cc9b05ee5e,Charles,herbivore,Common,69,Desert
fbefc0b2-d6e6-42d3-bbc8-77cf8f98129a,Scott,herbivore,Common,75,Forest
39bed1d0-94d6-425a-ad70-1b3af1ac892c,Susan,herbivore,Common,28,Desert
cfe47b75-c4b2-4c21-aee8-8fe288f387b3,Megan,predator,Uncommon,21,Desert
ef1b0a6c-b048-4ce3-aac6-8bc015681e6d,Heather,herbivore,Rare,99,Jungle
157fa2f8-3737-48bf-ace1-d913bdd84099,Terri,predator,Rare,85,Jungle
302390b6-caaa-4bf8-b7dd-30c34e1aa305,Darius,herbivore,Common,44,Jungle
843363e7-7ef0-4427-8af3-83c66a9870be,Carlos,predator,Uncommon,60,Forest
a9bef2d2-65b5-43c1-b178-cbdc422d521f,Kendra,herbivore,Rare,75,Forest
1ed77818-4550-4bad-96f6-3ce00eb6cc39,Erica,predator,Rare,9,Forest
2b9b2e5d-ab94-4702-8175-81804e9da76b,Steve,predator,Rare,81,Desert
10be7335-8c1a-4609-9b94-2b9e08b140b0,Michael,predator,Rare,43,Forest
89a4122b-e3cc-4794-b314-3428baf5daa4,Robert,predator,Rare,56,Jungle
d15c0249-3e3e-47c3-b022-5f24d4412470,Jennifer,predator,Common,75,Jungle
e76537b1-7ae9-4489-b171-9bfd2da74b2c,Stephanie,predator,Rare,86,Desert
9487b964-58db-4830-9ad6-bd19a6203eae,Paige,herbivore,Rare,57,Desert
06215994-d1d9-4331-b290-083fdca008b6,Daniel,herbivore,Rare,69,Desert
404f067f-8037-4f8b-b8ce-e5a26b9a2bbf,Mark,predator,Uncommon,94,Desert
330ae759-d6d6-4279-afd5-62d15137b62b,Nicole,herbivore,Common,63,Forest
d4a9ad8c-53c4-46e5-8a03-bedb05b72c02,Michael,herbivore,Common,21,Desert
6f9a67d7-88e9-420d-9eea-3b6d024712cc,Andrew,predator,Rare,27,Desert
f041c71c-1310-4d07-9f28-9e75f27779f5,Jodi,herbivore,Common,69,Desert
e193e730-8750-42e5-b4bf-c870d3fd6fed,Alexis,herbivore,Rare,34,Jungle
113d4dbb-f9a4-4759-9139-968ff35ef5c8,Janice,herbivore,Common,15,Desert
e1b47388-f2ed-452d-81c5-9b40a363c3c7,Michael,herbivore,Common,29,Forest
8cd412f8-f1bd-421f-b58f-6c2e75e2ad38,Edward,predator,Common,82,Desert
98eea995-ec26-4927-bca8-ed822dc590bb,Lorraine,predator,Rare,44,Desert
9a1a2ca2-38b3-4931-b250-40b8dea42321,Justin,herbivore,Common,68,Jungle
f4e9142e-e485-4589-9a85-6d1942e583c0,Luis,predator,Common,98,Desert
7c8e988e-3cdd-4af7-b9e7-e12afdf7b15b,Jared,herbivore,Uncommon,56,Forest
e8a5f0b1-89c8-42b9-9504-4413f60185b6,Andrew,predator,Uncommon,3,Desert
38c2e4cc-152a-4db1-8388-d4b6354fe066,John,predator,Rare,4,Jungle
bb357bf2-19fa-4956-90fe-921fce0e9cf0,Sarah,predator,Common,79,Forest
7c2b410a-e212-46df-888f-e693dbac2246,Mark,predator,Uncommon,54,Jungle
f4c59554-e4c6-464a-813b-381da84d6b99,Debra,predator,Uncommon,73,Desert
ba904eb3-ebb1-47d1-956f-74a3b6fcbea6,Joseph,predator,Rare,13,Forest
7eac51eb-98ea-49ce-a8af-03df17979db5,Terri,predator,Rare,96,Jungle
ad2987b0-bc9f-4340-99db-3c19eda953ff,Adam,herbivore,Common,67,Desert
1a24196c-bfc6-4d01-bb44-944cb980c628,James,herbivore,Rare,2,Desert
da9d01c1-909d-4239-a162-25b2123266c2,Michelle,herbivore,Uncommon,4,Jungle
2887419a-e38d-4a38-8f82-0d0354b9d4f8,Angela,herbivore,Rare,50,Jungle
d079e707-053b-4c53-b3b3-100b5685840e,Michael,herbivore,Common,66,Desert
f2a26a22-7b68-4d69-b445-c7a4583a018f,Carl,herbivore,Common,7,Desert
8c064f60-cc40-4b0b-b35e-023a2ea665a9,Samuel,herbivore,Common,30,Desert
2c93f2b9-09b9-49b5-bdc3-bda7bd7fc9d6,Ebony,herbivore,Uncommon,86,Jungle
b6de0bdb-269d-4756-8403-9767609306f1,Diana,herbivore,Uncommon,11,Jungle
ca18ad7c-bf71-4be1-845f-4b1fa0426fdc,Joshua,herbivore,Rare,71,Desert
cc4abfc2-38a1-4be6-816c-821b396b5772,Randy,predator,Rare,45,Desert
40ecf3c6-47fb-4f4e-816c-2ba9352a0917,Robert,predator,Uncommon,7,Forest
217c5e12-dfe0-4b4b-8403-86a452e91ed2,Miguel,predator,Uncommon,38,Jungle
228744f9-7ee1-4090-a8b4-fdd215a66d92,Michelle,predator,Uncommon,60,Forest
e382d0be-5648-484a-aefb-eaec15a7f1e6,Anthony,predator,Rare,6,Forest
f53b9d5f-a009-4cae-8e56-6b381febf8c6,Sean,predator,Uncommon,14,Jungle
993c8dca-2e68-4f85-8d9f-36ea5265f4d9,Levi,predator,Rare,63,Desert
e4be59db-9d65-4ec4-871b-7a7355c72956,Eric,predator,Uncommon,23,Desert
802b4e6f-d2fa-42ae-a337-f6fee5348ee4,Jennifer,predator,Uncommon,100,Forest
b3f2a98b-9b39-4e62-8cc9-b0fc6fcce4b5,David,predator,Rare,46,Forest
56324ffe-be9a-48d0-8d5c-029a61e03d87,Ryan,predator,Common,53,Forest
824f8908-82a0-4083-a30e-f2bfc8246afb,Deanna,herbivore,Rare,23,Jungle
354a81c6-228b-4953-9a86-5efa2c8a5453,Emily,herbivore,Uncommon,53,Forest
3f9d52da-fc99-442e-8f1c-7a61dc5e142b,Jane,predator,Rare,27,Forest
30741ef9-2535-48cf-be49-8fbf0402c7c0,Taylor,predator,Common,100,Desert
d08c470c-295b-4604-910e-6c93e8c2cb67,Anthony,herbivore,Uncommon,77,Forest
a184fa09-c9ea-483b-b4ba-d1e8edda910f,Karen,predator,Rare,74,Forest
db408832-4980-45e3-89a2-eaa076458c63,Miranda,predator,Rare,98,Forest
96fa88a1-092f-4c3a-b10b-572316dfc052,Matthew,predator,Uncommon,62,Jungle
ac4d3ff7-883b-4039-92ac-3ddef13071e1,Kevin,predator,Uncommon,2,Jungle
ee3ff7d8-e618-4910-acf1-6ef533839ca1,Amy,predator,Uncommon,43,Forest
2ab6148c-0418-4986-a620-02aba446e3b6,Justin,predator,Uncommon,88,Desert
c99c48fc-1ee3-4456-b84f-3318a3b794a7,Mary,predator,Uncommon,19,Jungle
f32286f0-aa0a-4ba9-b998-bb0f78001af0,Keith,predator,Rare,95,Forest
ca3efcdf-64b0-4d76-a329-5656607e76ff,Justin,herbivore,Uncommon,61,Desert
2c7f9518-1bc3-429c-85ee-9cd48ee597fe,Courtney,predator,Rare,84,Desert
ca3fd65d-d222-480b-a7ab-f87aca14bb54,Rebecca,herbivore,Common,41,Forest
9ad2df48-a665-47da-90ec-f77039498137,Daniel,predator,Uncommon,77,Desert
7180858c-5e1f-4e7d-bf79-8573eed2d3a3,Matthew,herbivore,Uncommon,79,Jungle
af38b63c-78ab-423a-8a15-03f47300d983,Shelby,predator,Uncommon,13,Desert
38747a50-9c9b-4f75-b40b-80b961e01c70,Isaac,herbivore,Rare,84,Jungle
61481de8-3cc1-42c4-a387-3ac88563fbf7,Kayla,herbivore,Rare,72,Desert
ac30770c-208a-437b-abaf-8efe59205363,Jaime,herbivore,Common,54,Forest
1b658311-0ed6-4f47-962d-ffe546ecef9a,Rachel,predator,Uncommon,34,Forest
b70fdab0-372f-4045-8b15-6fb9051dd586,Tyler,herbivore,Common,36,Desert
5a9d9cc0-7bd7-48f1-98a0-1e986f60ae07,Lisa,predator,Common,2,Desert
e5b2fd2f-a935-4a9f-a71a-9e49c8898b8b,Ronald,herbivore,Rare,35,Jungle
e4c60d5b-6e7d-4181-8b2c-d78fe13fe867,Arthur,predator,Rare,32,Jungle
078ddd11-1eef-4b94-acff-163b4a1e0884,Melanie,herbivore,Rare,84,Forest
f1169753-6827-4c3a-aa38-b9ca76efbcb9,Peter,predator,Common,86,Forest
c5a6e66e-59c8-4917-ac80-c327ab3e7e7e,Christine,herbivore,Rare,36,Jungle
c55ee3ec-d47a-4e3e-92dd-1907bfa32615,Jack,predator,Common,22,Forest
0a26f324-d269-4d19-a89d-faa594fad524,Jessica,predator,Uncommon,57,Forest
be5db2a6-e4a4-478e-8ec8-1ab44d7f58a8,William,herbivore,Rare,70,Jungle
f36ab20c-f3c1-45a6-a705-8cea3e3bfd10,Steven,predator,Uncommon,2,Forest
120a717f-ffb6-464f-b782-ddbfa66276d3,Ariana,predator,Rare,7,Desert
44691efd-2690-40b3-ad8a-65fb14a7f626,Marcus,herbivore,Uncommon,33,Forest
92ff65b2-0fd7-4ef8-becc-f84f5e475549,Brittany,herbivore,Common,1,Desert
abcf1d83-fe7b-4de3-b58e-41cc1550dea5,Michael,predator,Common,81,Desert
0f1981f6-e1a6-4a16-a945-a0a8044634fb,George,herbivore,Common,82,Desert
30d8889f-110a-4b78-8d7b-253f5b6428a1,Robin,predator,Common,37,Desert
4a1b78e9-cf61-4e89-a4e6-c201e785867c,Carrie,herbivore,Rare,16,Desert
0646fd96-4253-4d8e-8bcf-52b6f8730e7f,Latoya,herbivore,Common,81,Forest
5937a33d-e8db-43ee-8c85-e528f93d811d,Ashley,predator,Uncommon,11,Forest
4bcd0aa6-d90a-46a3-b380-aa41858fb416,Heather,predator,Uncommon,91,Desert
2060ba6a-b597-410f-ba64-07533cb8ca98,Kara,predator,Uncommon,30,Jungle
c8fdf588-4356-4ab2-9e72-0fba97471615,Michael,herbivore,Common,8,Desert
551f5368-0c16-414d-a571-e1cb3acca9d1,David,herbivore,Uncommon,46,Desert
ca778fb0-acf5-4d47-9b24-40234585c83f,Hannah,predator,Rare,14,Jungle
a81ec7f5-6d29-423d-a292-b2539646ca48,Nina,predator,Uncommon,51,Jungle
4326dd3a-41da-4ae2-8019-a42eaa888ccc,Keith,predator,Common,43,Forest
b5590a15-01c8-4f56-9ead-bff1ff4f8e42,Joanne,predator,Uncommon,86,Desert
e8761677-93df-45fd-94e7-f75a523983c7,Jonathan,predator,Uncommon,5,Jungle
01623f91-e6b1-4474-b3df-f5fbee0f75b6,Amanda,predator,Rare,92,Jungle
55a4c878-43de-4d90-8714-1c4ba9a9928e,Chris,herbivore,Uncommon,5,Forest
5ee2870f-750d-40e8-81ac-da7e3e18cf8c,Justin,herbivore,Uncommon,68,Desert
1413206f-0350-4fae-a489-29e4b3022aca,Shirley,predator,Uncommon,8,Forest
628794fa-2519-4a29-b185-6a0bb435549b,Melissa,predator,Rare,15,Desert
715642d2-4eff-48ff-8dd8-852bbe9ff061,Tammy,predator,Uncommon,29,Jungle
fc68773c-66d2-44af-93f3-92325db1c53a,Scott,herbivore,Common,1,Forest
72f00bf4-6044-4fd7-8ca9-801c6027e48a,Louis,predator,Common,13,Jungle
e0182623-77d5-4709-8453-3976320aa835,John,herbivore,Common,83,Desert
af876417-77ff-45ee-9eb9-a4a3557289bf,Christopher,herbivore,Uncommon,49,Jungle
ba4688d4-b305-4ae1-bd72-8b3b96840b9c,Erica,herbivore,Uncommon,93,Forest
c397a9a2-a18b-4b5e-93f5-2a6ccfe395ff,Patrick,herbivore,Rare,17,Jungle
5a8ef708-2f02-4bee-a387-e81990dd24e1,Bridget,predator,Uncommon,79,Desert
9f6f9679-ba8a-4783-82a7-3dc5e500dea9,Todd,herbivore,Common,81,Forest
77916f78-1f5d-4e99-a21e-536f88a2a2c7,Robert,predator,Uncommon,74,Jungle
4d6a638f-53b5-4f6c-939d-5aeaadcc3722,Michael,predator,Uncommon,100,Forest
422e37dd-b6bf-40f7-a9ce-448b0af85d28,Christy,predator,Rare,4,Forest
3122f4d7-e897-4272-a63a-35dc300925a0,David,herbivore,Uncommon,89,Forest
b83327bc-9a2b-4240-950a-77e78e835e37,Dakota,herbivore,Uncommon,84,Desert
b7b5ff41-a9be-4856-b186-3346b1dcbdf3,Erica,herbivore,Uncommon,88,Desert
6fe62808-4539-4fad-9b7c-d7ea1a497ad0,Erica,herbivore,Uncommon,14,Jungle
2df0c8cc-3270-4a20-bdf3-9dec1cb16ea3,Joanna,herbivore,Uncommon,80,Jungle
6ac26c00-558c-45e4-bebf-1cf6b0a00a08,Kathryn,herbivore,Uncommon,24,Forest
4a2bc4ce-6109-45a4-9b15-06581b04244e,Scott,herbivore,Common,71,Jungle
51ce54f7-7c45-4c6d-8e85-cc32d893c8f4,Rebekah,predator,Rare,12,Desert
b1fd0556-c2a9-4934-adf6-e1b39a8a6fe9,Michele,herbivore,Common,58,Desert
d6b613bf-1b5b-4eaf-b336-fe0801a67d08,Elizabeth,predator,Uncommon,45,Jungle
1a29c98e-d756-439b-bf84-1916189b6572,Mark,herbivore,Uncommon,14,Forest
12b63e59-0bf9-4fb5-99f9-b192cbce7c13,Ronald,herbivore,Common,42,Jungle
fdbcbab3-b25f-4440-96f5-668289935039,Kelly,herbivore,Common,52,Jungle
8719a98c-ffbb-4ff5-a8c2-d9e9dc84e711,Michael,herbivore,Common,29,Desert
da6c6536-0c3f-4e45-99e2-33ecf2db452e,Kimberly,predator,Rare,87,Forest
38bc28b8-1ab9-437a-9c41-902013dcbc6e,Yolanda,herbivore,Uncommon,78,Jungle
00f80004-0070-4f02-a0f6-78c839f0cbaa,Jay,predator,Rare,17,Desert
840937a1-a334-496b-9e93-637eee2e7384,Tiffany,herbivore,Uncommon,10,Forest
c156f310-0c36-4332-bfc0-46aa36b4db7f,Nicole,herbivore,Rare,99,Desert
9b86901a-f577-4492-ae87-04d598907664,Robert,predator,Common,26,Desert
f0902a57-bcf7-4d27-991e-32c9aeebffef,Madison,predator,Uncommon,100,Jungle
fc61b745-c123-4346-a89c-739b1f64c737,Richard,predator,Common,1,Jungle
e6c2976a-a4d5-4b5b-be21-249e19732468,Tiffany,predator,Rare,15,Forest
543cb762-47b8-4224-a798-bb13aa195d97,Christopher,predator,Uncommon,7,Forest
a89ed061-c537-4307-84d6-0861ab80964f,Stephanie,herbivore,Common,19,Jungle
a8959177-0a7b-4732-b5cd-680dadd2f12e,Alexis,predator,Rare,7,Forest
b7f1572d-6de1-4f99-a061-09c18bdfeb31,Kenneth,predator,Uncommon,40,Jungle
5de1ba0e-c82a-4d49-b998-b4e92df4ab8c,Veronica,predator,Common,43,Jungle
f8302977-2f59-4878-85d9-2115a7bfd3b9,Tanya,herbivore,Rare,22,Forest
787d1341-a8a6-450d-8c57-07f694cb2046,Patrick,predator,Common,84,Jungle
1c798c71-a38d-46de-b7b6-5a3306d7513e,Julie,herbivore,Rare,75,Forest
40a46454-752b-433c-9cb0-688225dfb8c3,Joseph,predator,Uncommon,9,Jungle
e8138d4f-5609-42b7-a8e5-73449888db6a,Joel,herbivore,Uncommon,24,Jungle
cbac9343-7f82-4130-ba8d-23db84ba69b1,Douglas,herbivore,Rare,3,Desert
1c2d0054-5537-401f-8922-0d52d0bfadac,Matthew,herbivore,Rare,78,Jungle
f3276945-5f78-454f-b3f2-382edcb9e9b1,Jennifer,herbivore,Common,35,Forest
12082495-2cc7-4de7-b67c-e2a60f105524,Joshua,predator,Common,15,Desert
56a36c79-e8e7-4eb1-904e-e986222b1b21,Ashley,herbivore,Common,11,Desert
f6d6fb6e-a429-41e7-aff2-3ea34e2fce8f,Nicole,herbivore,Common,77,Jungle
8280810d-90ab-4884-9b60-c0bb992b4487,Francisco,predator,Uncommon,92,Desert
0882caa5-bf4f-4c4b-be76-b58d4c185bc2,George,herbivore,Rare,17,Forest
9e6553cb-bd83-4e29-81a9-9d885b2fa39a,Margaret,herbivore,Uncommon,52,Forest
a982909d-e4ed-4c8d-b651-3850b0fc735f,Michelle,predator,Uncommon,92,Forest
8d190d56-73d5-4937-bfcb-fee7fdf675de,Hannah,herbivore,Uncommon,75,Forest
3714e9a1-25d3-4cdb-acd7-86512cc23440,Kathleen,herbivore,Uncommon,69,Forest
7f1dbd1b-c007-47d5-ad5b-3c6af2cf9e71,Sheena,predator,Uncommon,77,Forest
69039f1d-64d2-4cd9-a009-a1eb949cece5,Thomas,herbivore,Uncommon,6,Forest
cbaf7be2-1f1e-4580-9719-f8a3be5d0aef,Ashley,predator,Rare,86,Desert
950c1136-5d1f-4e22-ae4a-8b712c37a7b4,Deborah,predator,Uncommon,13,Desert
d3a32e61-2aed-4bc5-b91e-c5739ecd8f48,George,predator,Common,98,Desert
9e1c8ab8-e3f0-4e80-b033-2713b33b1e70,Elizabeth,herbivore,Rare,45,Desert
0e3c269d-8268-4c67-864c-3320ead4c809,James,predator,Uncommon,93,Jungle
21c4efa9-5ebf-41f4-9ace-db848a55eb17,Haley,herbivore,Uncommon,5,Jungle
6c260e36-1276-4073-8bcd-d86646c8bf33,Kelly,herbivore,Common,96,Jungle
c92eea2b-5ecb-4cee-87eb-ee0d58aa018b,David,herbivore,Uncommon,92,Forest
ad3ed956-17d1-4d0a-aafc-e5aa315f3c90,Craig,herbivore,Common,56,Jungle
14679644-bec3-47bc-b4e5-1cea333d4f96,Brett,predator,Uncommon,47,Jungle
43f1901a-ba2c-4a94-8875-34628c7d0d95,Jose,predator,Rare,94,Desert
e32142dd-e464-4d5a-8883-d77d31140e3c,Matthew,herbivore,Rare,77,Desert
68d7d26a-dd5c-43f9-81ce-2c365dfa469a,Mitchell,herbivore,Uncommon,2,Jungle
b0bf5a27-726c-45e9-9384-2f2fbe6d268a,Todd,herbivore,Rare,41,Jungle
a817d8e1-c808-4793-b1f1-5f39173fbc98,Robin,herbivore,Common,55,Jungle
6862a644-a316-407a-ab2c-aa1f2622ff5e,Jacob,herbivore,Uncommon,45,Forest
a5401a88-0466-4f09-9f13-40f80cf87ee2,Elizabeth,predator,Common,21,Desert
4d18d1c0-9854-43ce-80a1-9772e7427dca,Andrew,herbivore,Common,95,Jungle
09690f77-5105-49e3-9d9d-7db4aa57b78b,Scott,herbivore,Common,87,Jungle
e1811d6e-51ba-4283-a127-0fe6004005fb,James,herbivore,Common,19,Jungle
19faf9f5-a9fa-40b1-b808-f2fcfa70577c,Shelley,predator,Rare,38,Jungle
8260c604-d684-496c-b33a-4bd87cd307f6,Barbara,herbivore,Rare,37,Jungle
12164a99-2814-49c6-aa3a-60a96c03fc08,Noah,predator,Common,84,Forest
787eff79-e744-40a9-b02e-02752201bfb8,Cody,herbivore,Uncommon,31,Jungle
d4b9e159-2052-487a-bd45-8b0ef7ee1e7d,Stephanie,predator,Uncommon,58,Jungle
4d3b5cb6-42d1-451a-b1b7-8541e089fde6,Megan,herbivore,Common,41,Desert
8d24af78-728f-4437-81f9-1b596e5ee679,Dale,herbivore,Common,40,Forest
f5ee4b6f-35fb-4234-b81b-668464595d5f,Melinda,herbivore,Uncommon,82,Jungle
4c22df44-e36d-4dfd-9ae6-a590ef83efe9,Jason,predator,Common,16,Desert
f524980c-0189-4c33-b1ce-0e93c99c965a,Jill,predator,Common,70,Desert
dbbcb9ac-89b7-4578-b6ef-84b0fb9dce89,Nathan,predator,Rare,23,Desert
ff8672c8-c9e4-46df-935a-cf7edfb6feed,Ashley,herbivore,Common,83,Forest
64a353d3-62a6-4c0b-8205-fa34e1762c93,Jose,herbivore,Uncommon,97,Desert
3a6d9887-043e-40a0-bf3a-9bc28cab137d,Howard,herbivore,Rare,50,Desert
b191e385-89c8-43fc-b17e-a8b9762c2d15,Wendy,herbivore,Rare,10,Jungle
9faaad21-d50b-43b9-834a-378919ba75b6,Bryan,predator,Common,89,Forest
a09d8887-09d4-4ad0-85f4-efd2594ab49c,Lisa,predator,Uncommon,28,Forest
f71134f3-1ad1-4c99-b337-4c23a12d4bb6,Paul,predator,Rare,5,Desert
1d922913-6753-43bc-a8d9-bee3c3bee86e,Christopher,herbivore,Common,1,Desert
034e81a5-b6fd-477f-9887-0a08a9d96b64,Andrew,herbivore,Rare,9,Desert
cefebaa0-f5b0-4841-bd93-c4f663424662,Adam,herbivore,Uncommon,83,Forest
63d5bfd1-44e8-46cd-9643-11d600ca646a,Victoria,herbivore,Rare,5,Desert
bbe473d7-591f-4387-a703-5e61f2b55e54,Erin,predator,Common,45,Jungle
44e02456-b282-4444-bb49-13b42464a084,Sierra,predator,Uncommon,88,Forest
a4e51d12-9693-4276-9734-2c1d05575075,Joseph,herbivore,Rare,94,Jungle
e13305fd-277e-4f3c-873e-df33d4329c95,Gary,predator,Uncommon,54,Desert
9ac7cbaa-5251-4b1e-a8f9-c5c42cdc0ec5,Tim,predator,Rare,58,Forest
435080eb-ec80-4690-a1b8-3a0150dca9ff,Edward,predator,Common,33,Desert
cfb1ad07-70e6-4a8d-b066-6d313d9685ab,Matthew,herbivore,Rare,96,Desert
609dc3a7-dc0d-476d-b592-2c261a79864c,William,predator,Common,89,Desert
0e3f5a8f-644d-432e-9dee-b0c5c18667d7,Jonathan,herbivore,Uncommon,31,Forest
450392c3-7f8f-4488-8104-b5ad5458add0,Diane,predator,Uncommon,99,Jungle
e3202747-e988-4093-8a78-16989a297cfa,Amy,herbivore,Rare,87,Desert
b07fe5be-080d-4e0e-91c9-781dfd639d73,Christine,herbivore,Common,82,Jungle
4aba3447-6d3a-4191-baa3-fd9f8bb61825,Jason,predator,Common,10,Forest
5731f1e1-c787-4b04-a32b-add8186c2f07,Susan,predator,Rare,52,Desert
046aba8d-49b3-496a-9763-479fec438ff6,Kenneth,herbivore,Uncommon,82,Forest
6e32972d-0b50-4b1c-a326-9fcf8f63db97,Kelly,herbivore,Uncommon,49,Forest
fdc8ad8a-b055-4b46-8f88-26811e34c361,Ricky,herbivore,Common,88,Desert
cb86188d-2724-4a4a-bc50-e3cc2d2a120f,Adam,herbivore,Uncommon,24,Desert
95ae8fd4-bcde-41da-a95d-036c0aa96d57,Sara,predator,Common,4,Forest
66be21dc-5a82-4a1e-a979-3578ae43d8a6,Angela,predator,Rare,4,Jungle
d74c6a3c-7f74-4cf2-9bd5-0f187e11937e,Catherine,predator,Common,87,Forest
bbf95c15-7497-48ff-852e-e3968c180724,Mary,predator,Rare,83,Jungle
2a15a0a0-f662-40eb-9a27-a7ea387a4b79,Shawn,herbivore,Uncommon,91,Desert
1a174452-2e9d-442e-a2d0-4eb101bcc943,Elizabeth,herbivore,Rare,51,Forest
5191e961-acb5-40e8-94d9-a525aee4f8b2,Jeremy,herbivore,Uncommon,87,Desert
93b1053a-b594-4beb-885c-f9a89b612a83,Joshua,predator,Uncommon,97,Jungle
762cb904-4050-4f2d-88ae-4612ff0a3c3f,Douglas,predator,Common,37,Jungle
76f796c2-03d2-4f7a-8e14-4e8852650b6e,Daisy,herbivore,Rare,40,Forest
0cc4fd16-57d2-4ee3-b420-902e7b6f048b,Christopher,predator,Common,31,Desert
3bb3e1a3-dbf5-453e-9f7c-f51c5776ce1b,Brittany,predator,Uncommon,37,Desert
cd9fe9f3-b4a2-4442-9206-17acf3e5eace,Christopher,herbivore,Uncommon,5,Desert
73bfc996-7605-4e9e-b964-d2adb61beaae,Jeffrey,predator,Uncommon,9,Desert
9659db27-34f9-4e0f-8398-5c597fceb2f8,Kathryn,herbivore,Rare,99,Forest
063efab2-fa13-4751-b698-8f1d688112e3,Lori,predator,Rare,84,Jungle
323a9096-c295-496f-aa3b-0dc18b8281c6,Heather,predator,Common,39,Desert
ce777aab-4bc5-4137-88d5-4831b66eff3c,Tanya,predator,Rare,95,Jungle
adfe0a40-d066-4921-a2f8-8594a2fabaf2,Brian,herbivore,Rare,99,Desert
d16dfa4f-28f5-4bbd-b654-f79cd08b3526,Kristen,herbivore,Uncommon,24,Forest
5776fc83-eb54-4ac4-b70c-4c2facc218ab,Ricardo,herbivore,Uncommon,87,Forest
778f7170-facb-4236-98f9-0f7f29ad4ea7,Heather,predator,Rare,64,Desert
1a9ffb66-6e56-43de-ac07-1f05d11037e2,Hannah,predator,Rare,94,Jungle
23ee441e-2bf5-4e64-b521-84d2c2bdefb6,Laura,predator,Uncommon,8,Forest
fc9aae53-8158-4676-959e-bd8c30e9420e,Katrina,herbivore,Uncommon,35,Jungle
631a1fef-2e8b-49a9-927d-9178bb0c945d,Luke,herbivore,Rare,94,Forest
cdb811df-8ac8-4f76-b2a1-39c78b3a1c1e,Kathleen,predator,Uncommon,67,Desert
c14968f2-2c45-49af-8afc-588f963b87ea,Bryan,predator,Rare,72,Jungle
74b0eafa-86f7-4a8a-b198-c1a9dfdde61e,Autumn,predator,Rare,51,Desert
fbc8dc99-a86d-47b4-8e09-fb7a26e6a0e2,Christopher,herbivore,Rare,62,Desert
21c8e797-c071-420e-9fcf-966acea7385a,Joseph,herbivore,Uncommon,3,Desert
e12e39fb-68ab-40ad-9f4a-e5f60509db69,Brian,predator,Uncommon,37,Desert
cdb404be-eb17-42a3-a40d-d39d81a6f5b7,Kristen,predator,Uncommon,53,Desert
60394eed-acf7-4f92-8e29-ff846da450ee,Thomas,predator,Rare,91,Jungle
bd453be2-f41a-4b70-a140-9112e3d34939,Rachel,herbivore,Common,80,Desert
6129f44e-711a-4203-abc0-bb472702e9a9,Tracy,predator,Rare,80,Jungle
9a941977-c381-4b8e-a8db-f2b2a2586e04,Mark,herbivore,Rare,91,Desert
a087b983-74cb-4715-901f-4248b3cdb923,Jamie,herbivore,Uncommon,33,Forest
6de49478-2557-480a-b130-870cfcd3887e,Anne,predator,Common,48,Jungle
8a20b455-da67-4b9d-8381-13059068e0de,Kristine,predator,Common,75,Jungle
cbc3af02-e659-4038-bbd6-4fbb409dbc00,Matthew,herbivore,Rare,47,Desert
b1724d99-374a-440b-bf08-b446a5ee5414,Maureen,herbivore,Uncommon,92,Forest
d9bc3145-ff19-44c4-8b5b-bc066998a0d2,Kenneth,herbivore,Uncommon,64,Desert
f48df56c-3bb4-4e9d-99fa-b708b84921ea,Veronica,predator,Uncommon,41,Jungle
87678cf8-07c4-4830-9e54-59fac2760f7c,Mary,predator,Uncommon,64,Forest
e61b8cc5-66b5-4a48-ab98-319a0b264c8e,Samantha,herbivore,Rare,89,Jungle
147076e9-f7c0-4132-91fc-8330f2019d6a,Alyssa,herbivore,Rare,99,Desert
2ef84906-d686-4581-9790-291d30d2b176,Brooke,herbivore,Rare,12,Forest
48e9ccf9-2296-408b-8ed9-5b9fa6fd5c49,Anthony,herbivore,Uncommon,3,Jungle
dc83183d-dd55-4ff6-9ef9-46d9486b16cb,James,herbivore,Common,91,Forest
66eb0314-a3ce-4071-b560-d7c58dffe858,Daniel,herbivore,Rare,40,Jungle
f968f7c0-3305-48c1-a1e7-abc8c546779e,Lori,predator,Rare,33,Desert
e8d6a42f-a0f5-4e89-93e1-537fe25e8bab,Joshua,predator,Common,60,Jungle
5bab887a-74b8-4afd-bff9-8b2d3719a61d,Tracey,predator,Common,3,Desert
d22ffdab-599b-438d-a141-b31c165cbc27,Roberto,predator,Common,69,Desert
0995244a-e6e8-48c6-b4bf-4c08c3ae1048,Jeffrey,herbivore,Common,25,Desert
9453b674-6ce5-4ea0-a0a1-96c7ce137c85,Carl,herbivore,Common,77,Forest
e7a504a1-91aa-417a-a385-61584ae59cd7,Michael,herbivore,Uncommon,44,Forest
adf9f50d-b863-427d-a164-86c0e7f5a8f3,Maria,predator,Uncommon,90,Desert
45753e39-d311-4379-8838-625ca6ed90d9,Norman,herbivore,Uncommon,80,Desert
1a22ac6f-2d0b-4b6f-a4fb-4a7db81bec9c,Lori,predator,Uncommon,55,Jungle
7245b2a1-39b4-4702-bb04-493cf61d2330,Brian,predator,Common,74,Desert
0e44a7f3-76a2-4642-99a0-8619a3b1ece7,Michele,predator,Rare,30,Desert
00518a25-3a93-4a8a-93ff-1cc23c0770f1,Kathryn,predator,Common,71,Forest
956b6508-b99f-43d3-8ece-52d02aea6c2a,Logan,predator,Common,39,Desert
19cb8ff3-5f7c-4931-acb3-6bfd4db42756,Brandi,predator,Common,3,Jungle
9f7720c3-d0bb-44bf-a99d-e8719b4eefcf,John,herbivore,Common,62,Forest
28cb249d-1c99-4937-bad9-8ba541462f5f,Eric,predator,Common,2,Jungle
f8d7eac4-ad6e-460c-a916-04a935187330,Aimee,predator,Uncommon,62,Forest
a978ec72-a915-4009-a8ba-33fe96ad9f50,Miguel,predator,Common,1,Desert
f8d3f0a9-0b18-4f4d-80c7-c11d2135f3c9,Alexander,herbivore,Common,45,Forest
d4764067-2bcc-4753-82e8-ab30f3c65c3e,Brian,predator,Rare,17,Forest
db0fadcd-fd70-4980-9442-d53c128ba434,Joseph,herbivore,Common,97,Forest
b4ca5ca9-801d-4aa8-acd0-8719be97b762,Derek,predator,Rare,61,Jungle
17f7e5e8-9930-4eff-9658-8d7bb2c9b53a,William,herbivore,Uncommon,19,Desert
928a3738-68c6-4547-9f60-e62c93a7ba3b,Deborah,herbivore,Common,85,Desert
69a9539f-2dd4-4880-a55b-579166b28fbf,John,predator,Common,69,Forest
b07ac45f-bfac-4271-bca9-bb3915b54d8e,Jennifer,herbivore,Uncommon,5,Forest
0ef3ef0d-8686-46aa-9fdc-571eaab00011,Brittany,predator,Common,45,Desert
d530d52d-1efa-4697-820b-c6e6af71e735,Jordan,herbivore,Rare,44,Forest
a6cdc8b3-6a7d-40ac-b1f0-ca6c92f2c4fb,Mason,predator,Rare,78,Forest
16b9bb2f-ee5a-4a82-8640-58ff781ff3cf,Laura,predator,Rare,29,Jungle
49f09f53-0c71-44c6-a2c7-ec4410aa7826,Steven,herbivore,Uncommon,60,Desert
57cf01dc-e6ce-4482-8366-ab158a418fb8,Daniel,herbivore,Common,5,Forest
7e3e5960-3c6f-48e8-8286-6afc28fb2c38,Isaac,predator,Uncommon,92,Desert
2d928c2b-1eac-4ac8-a820-715af8e75c2a,Jeffrey,predator,Common,49,Forest
e0dc73df-b048-45c6-8116-e7c213e08741,David,herbivore,Common,80,Jungle
1290d3ed-752d-4428-8997-bfb45e1eb9d3,Monica,herbivore,Rare,23,Desert
3d4ba566-a8c1-424b-b0d4-06972ec489c4,Kimberly,herbivore,Rare,68,Forest
b2a3cab9-0cc0-4d7b-8dfd-d187affffa30,Susan,predator,Rare,34,Forest
e4c14df4-f4c4-442f-8508-2dfa874c1860,Steven,predator,Uncommon,19,Desert
92f8a430-297e-4110-b1c6-197a7ce37655,Victoria,predator,Rare,6,Forest
598aefae-132a-4f16-ac75-30aced750dcc,Anna,predator,Rare,58,Jungle
a9580613-1dd1-4c9b-888f-1ae828b6332b,Jennifer,predator,Uncommon,66,Jungle
35a76ecc-5941-4cf9-bf6b-075468838a90,Bradley,predator,Uncommon,59,Forest
9101093e-35e4-4130-938f-dc864f81b4e6,Toni,herbivore,Rare,85,Jungle
14008457-9495-4018-bd26-5f5d4a8e52f0,Cheryl,predator,Rare,32,Jungle
85cb5aed-add0-4880-9404-a5fa74001fec,Andrew,herbivore,Uncommon,64,Jungle
8edf9a7a-aad7-4b66-a7fe-543479d00c25,Emily,herbivore,Uncommon,99,Desert
84601d42-7c6b-4f35-b04b-84068e7de26b,Gabriel,predator,Rare,91,Desert
430f1aee-67be-4586-9d3f-bdefded82724,Matthew,herbivore,Common,2,Forest
25e50775-1e5d-46ff-adb6-2eeec7850bdf,Wendy,predator,Uncommon,40,Jungle
c81d16c4-e69b-4c88-9ce9-f5e75fc5d9aa,Jennifer,herbivore,Rare,99,Desert
eae3152d-411c-40b9-a3be-1f00340ae2f6,Susan,predator,Uncommon,13,Jungle
32bd19cd-70f0-46f4-9147-62f612fae3bc,Angela,herbivore,Uncommon,97,Desert
d88bb014-1b42-4886-bd17-4a8b772656c9,Matthew,herbivore,Uncommon,59,Jungle
c767804f-280a-48c4-b0bd-c92f07dfc2ad,Susan,herbivore,Uncommon,78,Desert
5c649d59-9d6b-458a-9d15-a62d8cb846d0,Michael,herbivore,Uncommon,19,Forest
f4a440bb-a7ea-4b35-b348-ae69f6bb99ba,Heather,herbivore,Common,3,Jungle
207b98d4-1288-4573-a327-afa431818da8,Anthony,predator,Uncommon,71,Desert
f8af7dff-8ce4-47f5-bba6-f1de825a3473,Nicole,predator,Uncommon,97,Forest
7d2abc81-31f8-4dc7-a209-8da33fa99bd8,Jesse,predator,Common,60,Forest
81179425-f6a8-4e38-bbb1-c8ca3a1c7d7f,Carol,predator,Common,56,Desert
85c59071-aa91-4408-bb6b-02a2cb699ce8,Christopher,predator,Common,42,Desert
68261e07-9d37-4d22-9b6d-602cecb7a7b0,Amy,herbivore,Common,73,Jungle
6432e620-d940-4876-89a1-ab9a90d80ccd,Anthony,herbivore,Uncommon,6,Jungle
a4ade6a6-6abb-4e55-9eb2-21db40d9f540,Anthony,herbivore,Rare,44,Jungle
fdc7f329-aedc-4863-ab2a-c2e5f2296cdd,Emily,herbivore,Rare,92,Jungle
adfee628-f4f7-4f25-8a15-c56e46dc3171,Jessica,herbivore,Rare,4,Desert
95905e93-ac01-455f-9463-18ef244835e0,Charles,herbivore,Common,95,Forest
748e8cc0-28d4-485f-8c51-70aba694fa7e,Sarah,predator,Rare,67,Jungle
cb9f6f14-9423-483c-b245-91c3ed172c8b,Karen,herbivore,Rare,82,Desert
5b2a9ac7-561c-4e37-adfa-861109987e2e,Joe,herbivore,Rare,37,Jungle
1ed876e7-0513-4401-a9e6-efda20bfe370,Karen,predator,Uncommon,39,Desert
e2d4d338-6c90-41e3-8ece-ee2f4c2e4833,Marissa,herbivore,Rare,43,Desert
fbe414af-1b36-4644-b144-a739c06eac63,Megan,predator,Rare,53,Jungle
24bd4a62-6a01-4b5d-a4bf-60f82d5eaaf7,James,predator,Uncommon,76,Desert
84d38e74-bbef-47d8-a7a9-fce443337a79,Scott,herbivore,Rare,53,Desert
f55821b8-48ae-465c-82ef-17fc2292b5e0,Megan,herbivore,Rare,45,Desert
30888922-b872-400f-8974-a59ec72e4aba,Michael,herbivore,Uncommon,10,Jungle
0da3487c-6572-4d88-93fa-5d898ceb06b5,Christopher,herbivore,Rare,98,Forest
376192c2-6049-454e-85ae-7e5bebe70b2a,Christopher,herbivore,Uncommon,93,Jungle
e39ff9c2-952d-4dcc-9452-c2af956bc7ba,Michael,herbivore,Common,2,Desert
9abee08b-698d-4ee8-9e89-0cfc50853c38,Jonathan,herbivore,Rare,70,Forest
6a310341-71ff-439a-8246-7d6caada2367,James,predator,Common,86,Desert
89824380-f877-4c13-acc9-a90c8f870641,Noah,predator,Rare,40,Forest
4e72e226-5969-40be-a500-c86932b7a9a9,Douglas,herbivore,Uncommon,9,Jungle
103af485-7a0c-4168-9266-ea6877bbb734,Maria,herbivore,Common,76,Forest
ff72ef51-6056-41e8-975e-c705f6fdbb3e,Martin,predator,Uncommon,94,Desert
5ff3e007-b4d5-4172-a54b-1e588a8cdf72,Joseph,predator,Common,66,Jungle
37b680c0-b121-43e2-97af-79bbeb90d032,Scott,predator,Common,39,Desert
000f9340-f5ef-47f6-921d-55e3cbef42ba,Taylor,predator,Rare,54,Jungle
477f3621-4aea-4551-8eb6-040ab06a8254,Alexander,predator,Rare,25,Jungle
ce28e388-4096-483d-8eda-8a6240f68541,Jorge,herbivore,Common,61,Forest
e324e80d-b7cf-4b55-83c2-a228dd187e28,Jamie,herbivore,Common,49,Forest
21adab3b-8af3-4c17-a860-d0641d8292ca,Thomas,predator,Rare,26,Jungle
8bc8bad1-7832-488b-839b-5a6103e49c63,Heather,predator,Common,39,Desert
c55fad4a-815e-457a-8a5e-ff7e25a05e77,Judy,herbivore,Common,4,Forest
c402d405-bf39-4783-ad2c-5327ad502fdd,George,herbivore,Rare,78,Jungle
1c8d1c2f-1048-48f1-abbb-ebe5e5553983,Sarah,herbivore,Rare,62,Jungle
e12b6858-c385-4572-a095-201f8136e40c,Christopher,predator,Common,10,Forest
80b08cee-0195-4c39-8872-1ca05a1af58b,William,predator,Rare,42,Jungle
daa73689-9500-4eef-bd00-7df128943dcf,Amber,herbivore,Rare,38,Desert
c260a658-e0ec-45d9-a9b0-a8db849c79a6,Dwayne,herbivore,Rare,11,Jungle
4dc5a474-ebb4-44fe-9b29-c3b97e1d79fe,Scott,predator,Rare,37,Desert
c2158d5d-0fa2-4ab4-a84e-33c7a0ca88cc,Joseph,herbivore,Common,39,Desert
2d616189-8c7b-45c4-bfa8-bba84303e861,Paul,predator,Common,49,Jungle
4b0af695-2fdb-4b49-ba21-d7fe39442046,Marie,predator,Uncommon,15,Forest
92da08e8-97bc-4dd5-a1e1-f02722dad7af,Courtney,predator,Uncommon,27,Jungle
d0555184-7f9b-4d8b-b4f5-00fe4d4caa1b,John,predator,Common,59,Desert
32b64e19-173c-4d3b-b0dd-2442d776bb4c,Ann,herbivore,Common,40,Forest
d1c886f4-f097-4699-b75a-061b4185c017,Amy,predator,Uncommon,86,Jungle
c774ce74-c7d9-4ccb-8b9d-6a1bbf7a894e,Chad,predator,Uncommon,9,Jungle
8bc439cb-eb5d-4e33-8f93-4df3a9049580,Emily,predator,Uncommon,46,Desert
7ea0beb1-44f8-4b89-81aa-c5a8ba0a8e34,Michael,predator,Rare,64,Jungle
50c7e891-e1df-4c2f-9e5e-dbc31216af35,Jo,herbivore,Uncommon,17,Forest
60b01113-1b85-45f7-812d-b9493c9c9151,Kristin,herbivore,Uncommon,100,Desert
86e2d29c-df09-4ed3-b0ca-f1b6a383db34,Michael,herbivore,Rare,39,Desert
5193c204-755d-47a3-8902-254e51551553,Danielle,predator,Rare,37,Desert
aa47ae2d-9806-4d9b-b81b-98e41543fe48,Robin,predator,Common,67,Desert
515b5bca-247e-4b7c-add4-37fab7e116c8,Jimmy,herbivore,Uncommon,10,Forest
d540fade-4230-483f-a0df-f7f45599b071,Keith,herbivore,Uncommon,88,Forest
fe4a160b-f351-4668-b930-778b8d7670d6,Elizabeth,predator,Uncommon,47,Forest
c0dfeb17-2290-461b-8d51-d835e52aeb9c,John,predator,Common,54,Jungle
73571f7f-e08c-4b97-8200-7d285b4d9325,Thomas,predator,Rare,64,Jungle
1f33b62f-a642-4a6f-bb6f-42a90fd70d08,Damon,predator,Uncommon,77,Forest
ca480891-cd81-4aa3-9bfb-316d0c514d99,Erica,herbivore,Common,48,Jungle
cee7151d-00fd-4e80-9d2f-5ad2718f8976,Diana,herbivore,Common,63,Forest
9a4d3d13-f7e0-459f-9648-87e818883744,Bradley,herbivore,Common,62,Jungle
ab481280-8429-4a4d-ab73-726aada847f4,Diane,predator,Common,80,Desert
114cb7ef-220b-438f-978a-0bfa81e0897c,David,predator,Rare,76,Forest
531e39f7-ab28-4be1-ae16-e1d04e6db9cf,Emma,predator,Rare,86,Desert
98855f23-7dcb-45ae-b0f3-3496ce8b4c07,Karen,predator,Uncommon,2,Jungle
58154d4d-a782-4789-ac2e-0d74f1dc2c39,Kyle,predator,Rare,93,Jungle
1b33e6c5-8d01-4eaa-adc5-4166e3c8e034,David,herbivore,Common,66,Forest
2613f859-2d96-4d31-b461-f8f631a259bf,Joshua,predator,Rare,19,Jungle
a89cb288-281e-451c-965d-9ab7f14d464c,Tyler,predator,Common,57,Forest
fce36862-61bb-40b5-b136-473f35040de5,Kimberly,herbivore,Common,72,Forest
60a3357b-92c5-4e14-8ce1-4cdbb65105c0,Matthew,predator,Rare,20,Forest
2d43f921-c11f-4bab-a699-db8b35a397b4,Brandon,herbivore,Rare,87,Jungle
630ffee2-297c-42c2-94a4-22257a527626,William,herbivore,Common,52,Forest
ede58440-0a97-4ac8-b808-97912362c58e,Christine,predator,Rare,65,Forest
477ed4d2-08c7-4d2e-953d-96e851ae1180,Robert,predator,Rare,81,Jungle
370e7c93-bb77-4104-bf37-943d90b4e085,Kyle,predator,Common,25,Desert
27097de6-4920-43fb-9366-bb0c671aa7d8,Rebecca,predator,Uncommon,87,Forest
7b80be7f-4127-45d9-a010-61957a1ab5b5,Joshua,herbivore,Common,35,Jungle
e3cf217a-9a9c-471f-b2a6-e47d55f52cba,Deborah,predator,Rare,11,Forest
c08702a6-2d7d-4ce5-9738-9b9457c741de,Scott,herbivore,Rare,79,Jungle
13820161-07dc-4bd1-b19e-0987530c5c38,Jennifer,herbivore,Uncommon,22,Jungle
b13632d6-0798-4d16-87c8-e0638e3ef530,Summer,predator,Common,33,Forest
c41cf4c0-d996-49ee-8701-f66a049b54d0,Richard,predator,Common,74,Forest
66f12ee9-f3de-4fc2-95a8-dd749ddd15dd,Sherri,predator,Rare,86,Jungle
43d9b652-dc4c-4bac-8cc8-a8e505a7828e,Joshua,herbivore,Common,79,Desert
0fd3493e-82b9-46a3-8213-bd0b57dc18a9,Jason,predator,Common,21,Desert
1c83abec-80ac-4542-abe8-df9899207a1a,Richard,predator,Uncommon,72,Desert
ad45f209-811b-4564-94b8-89c2f9f1b9f9,Jacob,herbivore,Rare,43,Forest
d663c8ec-a6f5-4d7c-add1-e297c8fc0456,Leonard,herbivore,Uncommon,62,Desert
1c61a11f-f091-4a12-8e72-f8b05f2dc31e,Chelsea,predator,Uncommon,7,Desert
c3e1504e-6745-447c-aa83-58ee221153d1,Rhonda,herbivore,Uncommon,62,Forest
0741d49f-3be8-4fef-9456-5f0dac2ae2e7,Isaac,herbivore,Common,78,Forest
ca4d9593-7424-49db-8f12-8cd2da56fdd2,Gabriel,predator,Uncommon,78,Desert
9022ab3a-b6cf-43b3-aab1-097ba5f34aa9,Jessica,herbivore,Uncommon,57,Forest
bcd08065-a16b-41b9-880f-ec59887fef63,Courtney,herbivore,Uncommon,78,Jungle
43d741f2-c6de-48b1-8712-76933ada0d7b,William,herbivore,Rare,52,Forest
45d7fe97-6525-42e9-87ca-9b5770cf29fb,Vincent,predator,Uncommon,70,Desert
07c3cb7a-03ba-476f-91a2-c302128406a1,Amber,predator,Uncommon,61,Forest
ac100b78-df6e-4e6b-8c77-837ad5e95d93,Henry,herbivore,Common,67,Forest
20c620c7-281d-4f9c-9d4a-aa438248ca18,Michelle,predator,Rare,26,Forest
a149b2e9-a59e-495c-b373-cb2651d6799f,Shane,herbivore,Rare,97,Jungle
ddbc5c6f-2723-4727-8cdb-4c8e75905748,Kerry,herbivore,Rare,39,Desert
50a838e6-1757-4f18-9f7a-83bf6fe8e0e2,Shane,predator,Common,52,Desert
489c6126-6948-4336-95f9-3ffd4358637e,Kayla,herbivore,Rare,58,Forest
8b8b74e8-5bbc-40c4-9969-83f56097f107,Jeffrey,herbivore,Common,36,Jungle
ec9a9fd6-7533-49e3-b9e9-6ac13bbf003a,Nathaniel,predator,Common,54,Forest
c427d8eb-6d1b-43d8-9aab-ed4d3b97a893,Michelle,predator,Common,34,Desert
2f438b48-cb4d-42f9-aa82-c4a8187ad745,Michael,herbivore,Uncommon,56,Forest
1884a3fd-0f85-49f4-85f5-0a003a78a343,Amber,predator,Common,42,Desert
d74d6dcf-8023-4e91-8d88-6e25b32501bc,Joanne,predator,Rare,15,Jungle
f25f5250-6f76-497a-a0d8-614154dbd4bd,Maria,predator,Uncommon,10,Desert
fa5849f9-c258-4f04-998c-160adb8082c7,Luis,herbivore,Rare,89,Forest
71ef9c23-55be-45cd-90da-d687ff028005,Jeffrey,herbivore,Common,84,Forest
5e720b69-44cd-47c3-bef5-e17c999a1691,Marc,predator,Common,75,Jungle
2d50cd65-e949-4cc8-9a1d-558627c04c46,Brian,predator,Rare,96,Jungle
5f2682ac-85ec-4364-ba57-5585d575b2a4,Ashley,predator,Rare,78,Desert
1c206159-281e-464d-baa8-78780e037766,Aaron,herbivore,Rare,93,Forest
e51574fb-af59-425c-bf46-63c55fee1f70,Dorothy,predator,Uncommon,95,Desert
47ff7a50-2d73-4246-ab96-b809d6fcd20b,Bryan,herbivore,Rare,39,Desert
25f6a7a6-a9d8-4eff-bd2e-313e1e5cd360,Michael,herbivore,Common,30,Forest
c5d75869-31b8-4146-81ea-9143139d98f3,William,herbivore,Common,70,Desert
6de5ea1e-7a0f-446f-b183-da9b263ed847,Daniel,predator,Rare,3,Forest
3ce2061b-5f24-4530-a6f1-c77139ff4035,Kayla,predator,Rare,57,Desert
9bf9c623-ce16-41ca-b862-22697dbef1d8,Paige,herbivore,Rare,34,Desert
4149087a-4e3c-430c-8f30-f71bb5838deb,Julie,herbivore,Common,86,Jungle
fa028e91-cfff-48d3-b5bd-1ae70142b2f0,Nicholas,herbivore,Rare,41,Desert
9c92764a-ee03-4922-9c0f-9c974e079503,Steven,predator,Common,64,Desert
7e848f91-0f09-49ed-9fdd-cdc7d66d0705,Justin,herbivore,Uncommon,9,Forest
413bdd95-82ab-4e63-8d77-708cbc311f51,Kendra,herbivore,Uncommon,79,Forest
d85e7baa-f025-41c7-b08a-a072263baf35,Katherine,predator,Uncommon,6,Jungle
dd3149b7-0a41-49bb-b802-5801636feaa1,David,predator,Rare,48,Jungle
1ce397df-e5d0-43ee-bb54-17405eb64c44,Scott,predator,Common,72,Jungle
d0234906-94d9-4bff-8393-4384d8a699b9,Gabrielle,predator,Common,22,Forest
ae28731b-4850-4d14-a2f0-1a6cdba77f0a,Samuel,herbivore,Uncommon,33,Desert
8cf8d86b-25e0-4011-b8a2-90eed2d8666c,Keith,predator,Uncommon,78,Desert
e03bc361-1219-47c3-90c4-65012708a3a4,Angela,herbivore,Rare,61,Jungle
bd16ae1c-0a59-4e63-8dc8-2ccb2fe4f64a,Vincent,predator,Uncommon,8,Forest
49770ef4-f1c4-4266-9367-4f254f5341d2,Susan,predator,Common,45,Desert
251b1671-cf92-414f-b9da-7f1309c7f893,Cynthia,predator,Rare,78,Jungle
536cfd22-b294-4cc5-81b8-75b92a4e31b0,Emily,herbivore,Uncommon,3,Jungle
abc8e342-497b-4450-aaf3-6bb81e1df8d6,Cynthia,herbivore,Uncommon,38,Forest
7db6eb05-5c80-4ecd-b889-3ba115feb35f,Brandi,predator,Common,76,Forest
b36ca5dd-ca0d-45a1-9455-d4d3e8d5cd3b,Krista,predator,Rare,28,Forest
301b46e3-236d-4e89-998c-421aa111388d,Heather,predator,Rare,62,Desert
7343419b-d98d-4c2e-8324-3583f0abfb6b,Paul,predator,Rare,52,Forest
6f71e415-46ca-42eb-8d8e-2676fa9a3e8f,Lauren,herbivore,Rare,47,Jungle
ad2f45c7-7ee5-4376-8a1c-11e857137a8a,Carlos,herbivore,Rare,59,Desert
0955dc9f-33f8-4c21-b1cf-1ab41a8e0742,Eduardo,predator,Uncommon,5,Desert
16ad29db-e8f7-436e-982a-9a3a0431f905,Rick,predator,Common,56,Forest
dd7790da-4cf4-454f-a2ff-7c5f418282c2,Crystal,herbivore,Uncommon,93,Desert
e5d2fdf3-1b14-4718-a69d-899e8c50268d,Diana,predator,Uncommon,69,Forest
5da85758-d40c-4aef-8829-bf9f196d9bb0,Brenda,predator,Rare,9,Desert
88560c8c-bd57-403b-87ee-336acc763954,Tamara,predator,Rare,76,Jungle
0a16a5c3-4a71-4222-8156-1a82a92e9bd0,Jake,herbivore,Uncommon,53,Forest
cf03a478-6859-4f77-ae10-4afd9fe8032f,Sandra,predator,Uncommon,11,Desert
8971d12e-f0ab-4eca-92ac-c46cc7046b6d,Derek,herbivore,Common,37,Jungle
729a840b-656a-4572-b0ac-24c03617a0ee,Michelle,herbivore,Common,84,Jungle
53db6f2a-c182-4db5-b121-bd11b39b85b2,Ann,herbivore,Rare,6,Jungle
f3dbc685-9654-4c05-bcb0-8713409e3974,Sarah,predator,Uncommon,33,Jungle
fd86760e-ab38-4e39-9387-19dbca9ebce5,Joseph,predator,Uncommon,97,Desert
d7dbaf00-27b1-499a-a4c0-1a5ae1d3986d,Douglas,predator,Common,50,Forest
43f8b9f1-e4a0-49c4-9e55-bcace703af08,Jacob,predator,Uncommon,39,Forest
b0c88baf-47a8-414a-ab21-6b23d2beea38,Christina,predator,Uncommon,22,Desert
aea690ab-d2c8-4ef1-9efe-2e0cee0313cd,Jean,herbivore,Common,51,Jungle
25d46d1c-cf11-4a23-a627-0b9114d81e56,Diane,predator,Common,26,Jungle
8ed7136b-f86e-4682-ae46-15dd8d1495e7,Michelle,predator,Rare,34,Forest
ee2cd405-e188-4167-b535-67425aa3ab3c,Stacey,predator,Uncommon,42,Jungle
aafbd2bd-a1c8-4a1e-aa6e-1a49972ed1f1,Maria,herbivore,Rare,97,Forest
844b1e2d-11b6-43de-8a8c-6caf5a1e311a,Alexandra,herbivore,Rare,57,Desert
71e6a0d5-b56c-4551-b28b-314c1101e663,Kimberly,herbivore,Common,20,Jungle
aae7e3dc-3a85-46a2-b21b-843a4fa90d08,Leroy,predator,Common,58,Forest
59ceb182-58b4-4312-9336-15e767818047,Jessica,predator,Rare,100,Forest
f4a1640c-f162-47d3-9239-46aa01a6193f,Daniel,predator,Common,55,Desert
5aef3352-0d01-424b-8e9d-dd06ac16de45,Jeremy,predator,Uncommon,25,Jungle
694febb4-ee99-4896-9d00-27a770c2fcb8,Jonathan,predator,Rare,42,Forest
ee20aeb0-997a-4f8f-b8e0-acd94b9d6404,Adrienne,herbivore,Common,64,Forest
3c023ed7-37a3-4cc6-9e23-542dd3892701,Krystal,herbivore,Common,66,Jungle
d144d7dd-203f-4763-aa5c-8f81fa659e0e,Kristen,predator,Common,31,Desert
715eead4-aede-41c1-9840-8718b52cd45c,Crystal,herbivore,Rare,22,Jungle
d880a690-11a5-4ca9-a4bd-7b6e5d8c8318,Hannah,predator,Common,93,Desert
cc2388df-3ef1-45a8-86c9-fa891f69d4b6,Harry,herbivore,Uncommon,87,Forest
a913d3ae-529e-4bcd-8efd-766c902dc5b3,Dean,herbivore,Uncommon,80,Jungle
ea723be0-670e-480c-9060-67c0bef0439c,Ryan,predator,Common,86,Desert
7a22addc-54db-427c-b420-390c7ee38449,Donna,herbivore,Common,84,Forest
7f455237-5046-481d-a768-3186b7fc9929,Sarah,predator,Uncommon,78,Forest
c9fd1067-bab7-4ea3-a322-426f9ea8f8ac,Antonio,predator,Uncommon,84,Jungle
38dd9619-1ff2-48af-8d41-d04fc875e831,Lisa,herbivore,Common,75,Desert
16529ab4-5e12-4ee9-9ebe-1d0744cbd914,David,predator,Rare,85,Desert
2662f08d-0827-4cdc-be55-65d749bea27d,Melinda,predator,Common,43,Desert
7fa271e3-fc34-4f93-b2ee-2c586774c606,Travis,herbivore,Uncommon,46,Jungle
45bb7b96-168c-4c5c-a3a6-683a68f5f7d4,Keith,predator,Common,92,Forest
4637550f-718a-4388-b424-8fa6791963e7,Angie,predator,Uncommon,80,Jungle
146396ac-838d-44e1-9e84-cda92da2fe20,Jessica,predator,Rare,78,Desert
924c5982-db30-477d-9eb6-23d6b52ed91a,Linda,herbivore,Rare,50,Forest
e8ea12ba-4b0f-47b5-b3cb-c74c3634adc1,Mary,predator,Uncommon,34,Jungle
68ff2587-bf12-4f7f-ac63-23071c94a770,Sandra,predator,Uncommon,83,Jungle
614ff69e-574a-4968-8b85-a0d1664966ef,Casey,predator,Rare,37,Forest
b5b40df1-2aee-4d84-a2fd-8b4856b2c4bd,Carolyn,predator,Uncommon,95,Jungle
db8bb1f8-841a-4d51-88f6-267ac7a61467,Ashley,herbivore,Rare,23,Forest
ccd38b9f-c5da-413a-a114-1daa178e05f8,Kent,predator,Uncommon,66,Forest
8c493e6a-5e76-4a38-8900-173063471d28,Kenneth,predator,Uncommon,22,Jungle
a4f5a35f-471a-4a48-adb5-42aee5df1bf1,Timothy,predator,Common,3,Desert
b9b6e0c2-f2d9-45e1-aebf-b7d951ede790,Theresa,herbivore,Common,36,Jungle
8d67be45-20d4-4459-8214-661105cac0bf,Barbara,predator,Common,35,Jungle
40e12094-fec6-41a2-8524-79d8f348c1a0,Isaiah,predator,Uncommon,82,Forest
1c4c109e-00a8-48e0-8615-e8170a3224cb,Steven,herbivore,Rare,2,Forest
f272e7e3-fe24-47d0-93be-e77a5581211c,Daniel,predator,Rare,84,Forest
52fb27b4-963f-45aa-b4e3-b8803915ae2a,John,herbivore,Uncommon,87,Forest
a30f54ad-7afa-4c5e-a594-affaed71edbe,Sean,herbivore,Uncommon,2,Desert
e9cfcd7c-8788-4d22-a5dc-77dfc82160f6,Dawn,herbivore,Rare,41,Desert
55d973e8-3470-4849-9330-be886e2838d4,Rebecca,herbivore,Rare,12,Desert
78d24f47-4eda-4213-9c60-b3cf53f16010,Dawn,predator,Rare,56,Jungle
35365dc5-ad8f-4823-bb5c-cdad3a721bcc,Brian,predator,Rare,36,Desert
63e017b8-8691-4d92-bb7a-c94ae36ff559,Amy,herbivore,Rare,63,Jungle
17564023-53de-4383-af56-af21719fdbf0,Diana,herbivore,Common,13,Forest
a0e252a7-4f29-4231-90d2-4558b41d452c,Shannon,predator,Rare,76,Jungle
517d49e1-6b92-4d02-bf56-683b7e263ed0,Kenneth,herbivore,Common,73,Jungle
a256906d-f81e-4d8d-a6cf-660bebdd8f96,Brittany,predator,Uncommon,56,Jungle
495930c4-5eaf-4324-8901-e799e650e626,Monica,herbivore,Rare,21,Forest
d47d1cfb-51ae-4b3a-8815-59a099489209,Jennifer,herbivore,Uncommon,10,Desert
688d6cd8-c8f9-4163-8e5c-71b413cf958b,Jessica,predator,Common,31,Forest
508b53cd-69c7-427a-95ba-0b28c7140ecb,Michael,predator,Uncommon,20,Jungle
bf9a63a0-e141-49a1-a221-ec895ca58a4a,Penny,herbivore,Rare,25,Forest
528d6401-dcc0-4685-8dfc-cc3cf1224495,Linda,herbivore,Rare,95,Desert
edd2721d-31a9-45ca-8983-f6eebc08c8c1,Samuel,predator,Rare,10,Forest
8613180a-c1c1-4e23-b68e-88b8cda3ee7d,Shane,predator,Uncommon,30,Forest
abb7e9a4-755e-4d5a-b1b9-5787bd36b329,Laura,herbivore,Rare,93,Forest
0bc81dc0-ddd4-4919-a379-c5ee23deef25,Ashley,predator,Rare,35,Forest
e8d80221-331d-422b-a4fa-f84068633560,Jackie,predator,Uncommon,30,Forest
6c56de94-8d1d-4ec4-afd6-b889425da4b5,Ruth,herbivore,Uncommon,46,Jungle
364df137-23f3-4a7f-8edb-232ce61c6b45,Kevin,predator,Uncommon,58,Forest
180e0a3d-2a2a-4383-88d7-ef537d66ea3a,Tanya,herbivore,Rare,51,Forest
8db6c964-5a3e-496b-ae4f-1c889c53ec4b,Kathryn,predator,Rare,79,Desert
866f8fc1-b367-48ff-b45b-62ca691f9d39,Patricia,herbivore,Rare,67,Forest
f11d9670-773e-45f6-92a7-800f3b9342dd,James,herbivore,Rare,20,Forest
ae6b6115-4993-4602-a0ef-5b805f70cda1,Paula,predator,Rare,78,Jungle
1c51db62-b3de-41a3-825c-e3e4f3a7d11e,James,herbivore,Common,8,Desert
a1f1ad4d-e666-4c73-88e8-15f6de500713,Katie,herbivore,Uncommon,23,Jungle
6ec86be1-978d-4538-840b-751aca8a4931,Brian,predator,Uncommon,54,Forest
206216fc-a203-4695-88a0-c40ddc54df07,Joyce,herbivore,Uncommon,84,Forest
7cac945e-f716-42cf-bcfa-ad53ec7dc4f5,Michael,herbivore,Uncommon,95,Forest
50a77246-e876-4115-a4e6-22d744976a06,Kara,herbivore,Uncommon,76,Desert
428e3530-b3b3-4e1b-8cef-1cbdb74824b1,Tammy,herbivore,Rare,86,Desert
e99c85dd-c2e4-4f88-90ea-6cc006b48f14,Donald,predator,Uncommon,14,Jungle
22fcbedb-ea0f-4c6d-b5ef-2aecb6c1c2ee,Andrew,herbivore,Uncommon,27,Desert
2be857a4-3c90-4e1a-aafb-fa64b2cf4b0a,Daniel,herbivore,Uncommon,47,Forest
d32a4f6e-c8da-4b5b-a48c-d8d214ff0ac3,Joseph,predator,Uncommon,38,Desert
4689826c-06ee-4fcf-bbe5-58d9ab89b77f,Charles,herbivore,Uncommon,1,Desert
458cc7e9-382d-43b9-8b9d-33d4d6e2fdd9,James,predator,Rare,70,Desert
fed5ecce-3978-4089-9c03-f34945a5173d,Jason,predator,Common,20,Desert
fc3356b3-e80a-4ccc-8186-bc862a9c4ce3,Molly,predator,Rare,13,Forest
d5eed49d-4697-4449-a097-f4f53aeb8ec4,Amy,herbivore,Rare,11,Jungle
167d1041-e499-43a1-b1f4-9629987215b9,Destiny,predator,Rare,68,Desert
025b9cf2-dd0f-4a96-8480-722b120de79f,Caroline,predator,Uncommon,78,Desert
d82e0aab-0dd2-4800-8425-834198bb58d5,Sergio,predator,Rare,91,Jungle
ac24ad3a-dad6-42d4-ad2b-de3649431b2b,Lauren,predator,Uncommon,29,Desert
5f849ede-42d4-412b-b7ef-574373cd116b,Connie,herbivore,Uncommon,38,Forest
c766372a-f497-46e2-abfb-80708451521a,Lance,herbivore,Common,15,Desert
ab5e48d1-060f-45ed-86ed-6016fccffca5,Briana,predator,Uncommon,79,Forest
5f447e54-ccd8-44a9-bf95-4bd731b57b88,Mark,herbivore,Uncommon,32,Desert
86bb02b3-eec3-47a9-9966-a1bc5d8a1a9f,Thomas,herbivore,Common,87,Jungle
25ae0cf8-7350-41d1-a721-e69e60cf96d5,Melvin,herbivore,Common,75,Jungle
9ab8cb8c-2f46-4608-a822-de299facbaba,Michele,predator,Rare,57,Forest
50e912a8-c31b-443f-9828-2fe2e61c8bc8,Johnny,predator,Common,61,Jungle
0eb8974a-f712-4b3f-b2fb-b1084606e614,James,predator,Rare,71,Jungle
de1d3b8e-eed8-448a-9232-b6dfa5f2a0d9,Austin,predator,Uncommon,80,Forest
240e8bd9-6726-4219-a056-63e038123f4f,Scott,herbivore,Uncommon,88,Forest
278cfcfd-ab70-4715-81bc-3d44c64ffaf6,Carlos,predator,Rare,78,Forest
1122d8c0-a6a7-4f79-999f-ec9e3d4ca2c5,Anthony,predator,Rare,6,Jungle
a7939856-df98-4637-959b-5463ea77f1dd,Robert,herbivore,Uncommon,63,Jungle
2731b8eb-51eb-4834-97d9-67d0e996a9b9,Brenda,herbivore,Common,68,Jungle
cef6f9ea-2067-4fcb-9025-cd50c4985a13,Richard,herbivore,Rare,53,Forest
8cb1056a-b170-417d-9811-f924586579f0,Shirley,herbivore,Common,17,Jungle
f283899d-e19c-40f7-8e47-7b72ed51b798,Daniel,herbivore,Rare,65,Forest
8d48472b-5d1e-438a-b4d6-3ca0efc629dc,Ashley,predator,Uncommon,34,Desert
dc4d2d98-140d-4ac3-8ac6-954d6dbb5cb7,Brian,predator,Rare,12,Desert
2ebf8572-5b14-464d-93ce-a12dd906da4b,Karen,herbivore,Rare,92,Desert
1dc491e7-172a-44d3-a974-5944156bd926,Autumn,predator,Rare,27,Jungle
2082ac12-854d-4e5c-ba4e-dc01821b9358,Kayla,herbivore,Uncommon,59,Jungle
70760df7-0093-40d7-9b55-35756e098415,Luke,herbivore,Rare,60,Desert
495dacca-6c62-43a0-8da3-0088274fc6c7,George,predator,Common,75,Jungle
1cf39020-7937-4131-85c7-55bf8a36b835,Kevin,predator,Rare,2,Desert
eed836c8-f914-46e9-b397-62b01070de46,Lauren,herbivore,Common,2,Jungle
5a31c7b5-eb23-4687-aa58-a7c85f328b3f,Jennifer,predator,Uncommon,99,Desert
2963979b-3a63-485e-8ead-d2cc1b118b21,Bradley,predator,Common,11,Forest
6f58b089-b6ca-4a09-bef4-03b5db78539e,Melanie,predator,Common,53,Jungle
443eae86-73a7-4294-b763-594dfc817bff,Cassandra,predator,Uncommon,64,Forest
8009acc4-2369-470b-8a52-ea2f221aefcd,Jeffrey,herbivore,Rare,8,Desert
153c900f-c76d-425e-99a2-c7a02635a444,Patrick,predator,Common,20,Jungle
99ecd4b5-578b-4441-9b0d-a2a84c6a0610,Miranda,herbivore,Rare,63,Forest
5f0049df-9978-4617-a829-9eadf4312317,Nicole,herbivore,Uncommon,71,Jungle
48c41b17-bcd0-44c0-888d-6200766553c6,Dana,predator,Common,52,Forest
1e8a9af0-9c27-472a-a7f9-bde9b95511bc,Robert,predator,Common,6,Desert
855212ec-0f37-423b-882e-46ec652b29ce,Miguel,herbivore,Common,63,Desert
39d95df2-ffff-4fbc-9852-ebfccfc875e3,Robin,predator,Rare,27,Jungle
8bb70cd6-9f02-46bb-b6a8-6118a7a8ebf3,Jonathan,predator,Uncommon,87,Forest
024336d5-83f2-4620-8a89-8c4d4c02dae0,Steven,predator,Uncommon,49,Jungle
f7ff63ad-86f3-47b8-9564-6e5e0685ae27,Allison,predator,Uncommon,33,Jungle
7235fdea-c7e3-43ec-a481-2a02e6d3fb47,Elizabeth,herbivore,Uncommon,75,Desert
6d614808-c2f8-43b8-a50d-08db3b58ad06,Timothy,predator,Common,94,Jungle
4675062e-7d8c-4467-b6aa-e7e7cecc328a,Michael,predator,Uncommon,71,Desert
6aa45045-6e99-4d33-a299-6a00fa84563b,Lisa,predator,Rare,46,Forest
24966e55-8299-434f-a4d0-ec24c959a403,Mark,predator,Common,77,Jungle
4ec3014c-30b6-44b1-b13b-071ddcd9ee52,Elizabeth,predator,Rare,3,Forest
8b4e346c-de2c-47ed-b08e-c061e8d20f79,Kenneth,predator,Common,56,Forest
dc3d9e9b-6f9c-4348-b226-350763833ca3,Kimberly,herbivore,Rare,51,Desert
200eb835-34bd-4a79-8013-f2f634b8c125,Dominique,predator,Rare,28,Jungle
1aba3c98-1087-4e1d-84c9-efd5a5239b4e,Jason,predator,Rare,79,Desert
054a4de4-8e70-43ed-8ec9-197c2beaa59d,Vickie,predator,Common,43,Forest
1842cacc-1e66-4201-ac59-a02179617748,Pamela,herbivore,Uncommon,5,Desert
0b5e2400-a1f0-4b0c-8774-a490f05be7bc,Allison,herbivore,Uncommon,21,Jungle
c5e356fa-58a9-4f5b-9b8d-ba683fa2c1d7,Kimberly,predator,Uncommon,71,Jungle
550b5498-318b-4ae5-b4cb-808f16597a8c,Gabriel,predator,Rare,62,Desert
d9782762-0043-40dc-8af3-731c35955884,Thomas,predator,Rare,78,Forest
5c243c73-1936-4e5f-ad01-44228de217cd,Amy,predator,Common,26,Forest
dd011bb8-8b61-4037-be49-f250999eef9c,John,herbivore,Rare,13,Forest
61b5ba02-0226-49b6-b80a-20ad3f0b2524,Thomas,herbivore,Rare,52,Desert
348b8d35-3c8c-4969-b60b-2ba3546d3871,Marissa,herbivore,Uncommon,77,Forest
18bff3e3-7b1b-4f20-82b7-9be61f957b7f,Robert,herbivore,Uncommon,15,Desert
be180935-147d-4a8c-ade7-183850a8dc1b,Carrie,predator,Common,8,Desert
aa2fff07-499e-490f-928b-db3430dd2015,Larry,predator,Common,19,Jungle
67f521a8-f61b-498a-9f63-3f9b5606ae4a,Cody,predator,Rare,7,Desert
30d0e798-05b3-4966-9ded-da3a07315e07,Kim,predator,Common,2,Desert
fb904098-1fca-4416-b083-40734a522747,Candace,predator,Rare,31,Forest
e910ee6b-b404-4535-bcfe-edac51056905,Richard,predator,Rare,63,Jungle
826267e4-01b5-469c-a6df-9feaf5db3627,Jennifer,herbivore,Uncommon,53,Forest
e2f039bf-abbd-4d45-ab5e-28a3a20dee42,Kenneth,predator,Uncommon,70,Desert
c726a7e0-855d-4601-bf49-16a2c5066702,Andrew,herbivore,Common,54,Desert
cf5caa08-3df4-48df-ac86-37b8bbb69cc4,Linda,predator,Common,67,Forest
22883e07-b136-482c-bbf1-dba801a9834d,Robert,predator,Rare,93,Forest
daf039ad-cd66-4aa6-a001-d965a788ad08,Carla,predator,Uncommon,21,Forest
03446145-b5f0-4ddd-a8c6-bdf194acf354,Steven,herbivore,Common,58,Desert
2363b13a-687d-4519-a772-d7e97b4d2b4d,Janet,predator,Common,24,Desert
ea6be421-329b-4554-8d41-0163c371a599,Steven,predator,Rare,59,Jungle
fd745108-39f9-4a20-b444-ef0504182b24,Nicole,predator,Rare,3,Jungle
3bd1627a-c6a0-412c-bf74-b51dbffcebcb,Jake,herbivore,Rare,91,Forest
cc0b9efa-a94c-4e70-865f-bd712372ecb3,Jason,herbivore,Common,44,Desert
988935cb-fbb0-4e11-a00d-5ddf3910187b,Whitney,predator,Rare,22,Forest
86d680be-b48c-424b-87ad-6ab3b4bfe1f8,John,herbivore,Rare,33,Desert
6f652c4f-ab6a-44b1-8c99-4e00d68d5f51,Andrea,herbivore,Rare,34,Forest
80ab1b8e-65c9-4db9-afd1-2bb7e092d84d,Patricia,predator,Rare,81,Desert
2db9b9b1-ae07-47a5-bd65-adb01c7e76aa,Andrew,predator,Uncommon,85,Jungle
b2bcde9c-7a6e-44cd-9dbe-b3a4031f6a89,Johnny,predator,Common,26,Desert
fb1398a2-ff28-4565-bd0a-95a796c89327,Carly,herbivore,Uncommon,87,Desert
585194ea-b06f-44d7-9c63-e20229d788f1,Amanda,herbivore,Rare,80,Desert
68b584a9-5ebf-4227-9336-537561d667ac,Stephen,predator,Rare,2,Jungle
a9b7623e-99e9-4cc5-9d74-f39738da37f2,Andrea,herbivore,Uncommon,65,Desert
2febb826-95da-4af7-bf9d-ccee40556696,Thomas,herbivore,Uncommon,94,Forest
5f9bde52-3796-4c49-b299-806842f1b6b3,Willie,predator,Rare,41,Desert
0561aa60-3e48-433f-b1b4-f003913c7429,Christian,herbivore,Common,58,Forest
38154c49-9335-41c5-89f2-b4444b99bbe3,Susan,herbivore,Rare,70,Jungle
41c63b9c-3dfa-436c-9f93-c512ca8e2d5a,Frank,herbivore,Uncommon,11,Forest
d2315728-443d-44f9-ab4e-e898770473b3,Kimberly,herbivore,Rare,10,Forest
a93c7c74-4c0f-4a86-808a-8866bf77c532,Julia,herbivore,Rare,19,Forest
200272e8-cdc4-4d48-877d-ff4e749da972,Miguel,herbivore,Uncommon,88,Jungle
82ad8f8d-6fbd-428b-9be9-4e0f00c6e478,Gabriel,predator,Rare,83,Jungle
3505d989-f9f4-44de-a2ab-b0864662e2f9,Leah,predator,Common,32,Jungle
417cf4f6-a096-49a4-b6c2-acc06a78b5d3,Karen,predator,Rare,18,Desert
ebfc28d0-9882-45fc-aac8-29603ab9181c,Tiffany,herbivore,Common,72,Forest
c84c272c-0a04-4044-82c8-16ce3c4bb0ef,Jessica,herbivore,Uncommon,64,Jungle
e184821b-7e6d-4d68-8ca4-466ca12bb11e,Angel,predator,Rare,2,Jungle
31f1366f-ef58-4f5a-abfd-b8719d327a91,Larry,predator,Common,51,Desert
716627d4-c9f1-4399-bfca-bc71792ef007,Tina,predator,Common,20,Jungle
2f302ee8-d1f3-4682-b62b-c03d6c4123d4,Becky,herbivore,Common,30,Jungle
eeaf20af-b6a7-4d2d-a2ed-501476fbe031,Emma,herbivore,Uncommon,6,Jungle
88f6f135-e415-4925-af61-1e054f3175de,Craig,predator,Rare,33,Desert
27055054-05e5-43fe-97e9-98f434a89eaa,Jeremy,herbivore,Rare,77,Desert
dd8eb199-ca88-43ce-9707-4f9cc7d7a855,Stephanie,predator,Common,46,Desert
d3fcd506-b922-4762-b73b-bb8c48348d7a,David,herbivore,Rare,77,Desert
6d0beda4-2b50-4d04-aea3-5997b1b42b0d,Ashley,predator,Rare,37,Forest
daa5411f-132f-4d8d-bb60-b83603e6a676,Jennifer,predator,Rare,56,Desert
39d4148b-43d0-4140-8f01-8c960cc55f57,Jose,predator,Common,29,Desert
1e406120-f767-4dc8-91b9-3a112f82cd81,Tiffany,predator,Rare,5,Jungle
5397888d-a853-478a-9d68-837637af9ba0,Tanya,predator,Rare,78,Desert
1a31e3cd-4975-4bbf-854a-5ad65575fc61,Jennifer,predator,Uncommon,43,Jungle
74b0f6cb-8f8a-45a9-8c57-14813d39d27e,Carol,herbivore,Common,96,Desert
cd0132c2-c0c7-4399-a591-2d9508080b83,James,herbivore,Rare,18,Jungle
d7ffaeaa-c70e-44c2-93aa-9ac9df40fe47,Kathleen,herbivore,Uncommon,5,Forest
3915b57b-450b-449a-97cf-fa1e66888122,Caitlin,herbivore,Rare,56,Forest
f8209a85-46f5-4ee7-882b-61ceb09b9031,Audrey,herbivore,Uncommon,9,Forest
b0ed8e8f-46fb-44ea-a953-d50f16848e05,Samantha,predator,Common,65,Jungle
747f18f3-f0ac-4486-abbe-f1c549b4d544,James,herbivore,Common,41,Jungle
ed9ca5b6-04fc-4d58-a13d-cb8d5688bd71,Linda,herbivore,Common,92,Forest
587afd6e-f876-40ec-9e02-feb111a48a01,Robert,predator,Uncommon,17,Jungle
0133d07c-821e-42da-89e9-e5d07d8acf11,Javier,predator,Rare,28,Jungle
1708844c-6aa8-42b1-b279-9ce86f97630b,Richard,herbivore,Common,47,Jungle
26ffb0a2-92b8-4625-9e2f-a3711bdd0053,Christopher,predator,Uncommon,81,Jungle
29f901d9-61ca-42df-9b32-dd8610ffdb7e,Cole,predator,Uncommon,73,Jungle
2ea2ca0e-436e-4cb6-8af5-9556255ad354,Joshua,herbivore,Common,50,Jungle
e86e1f0b-f882-40eb-b9e4-f03f73ebc008,Megan,predator,Uncommon,77,Desert
8c5d904f-733b-45a7-a269-3f1256d5bdbd,Charles,herbivore,Common,94,Forest
997d7dce-b26b-4d42-a2a5-0a849175e484,Elizabeth,predator,Uncommon,83,Forest
3cb2c388-c3bc-40a7-afd4-b0073ab33d90,Melanie,herbivore,Rare,51,Jungle
000741f9-5a1a-4147-b8b0-0f5964885e6b,Steven,herbivore,Rare,4,Desert
3fbc199b-8eca-4db5-b860-7cdf28f66182,Mark,predator,Rare,75,Jungle
60b89a16-935d-4d6d-af7e-3fed915bd8be,Tyler,predator,Common,17,Jungle
5ea700ff-f1c8-413d-b5ee-db3fa741e5c9,Mary,predator,Uncommon,49,Desert
e0fe9b80-6559-49b5-88d5-f0c2872e1c04,Martin,herbivore,Rare,27,Jungle
300e3397-0d49-41ea-9a42-7482e690af5c,Samuel,predator,Uncommon,86,Forest
aad33b1f-b9f4-4fb3-a18a-2dda95cfa524,Lawrence,herbivore,Rare,50,Forest
0058df96-66d6-485a-938d-4368ba5aaeeb,Eric,predator,Common,68,Desert
1da10190-9e19-490b-a4a4-1c9cc84546ac,Michael,herbivore,Rare,37,Jungle
bac85695-5e4b-40ac-ad7c-2a9892e58507,Philip,herbivore,Rare,97,Forest
654f12fa-68c5-41d8-85bf-540511440809,Melissa,predator,Uncommon,98,Forest
ca8e0db7-d9c4-4db4-a7b7-eaa13c17ee6d,Alicia,predator,Common,45,Forest
1077ff46-a3f7-4271-b1d1-6b12b8b529ea,Melissa,predator,Common,2,Jungle
f5bc8e6b-b023-4249-8346-684f35f058ff,Zoe,predator,Uncommon,33,Forest
7a56094d-85df-43ef-b28c-823ddbe085ae,Erica,herbivore,Common,35,Jungle
c2c8e4e4-2178-4c3e-a760-312d874234d6,Eric,predator,Uncommon,48,Desert
70503689-ebdd-41c3-97e2-0c92e9e1c869,Ralph,herbivore,Uncommon,17,Jungle
d5721b8d-47a2-42c3-9c64-f1234fe32537,Stephen,herbivore,Common,87,Jungle
391f1bdc-299a-43dc-9108-4c8b605f6a88,Sylvia,predator,Uncommon,43,Forest
a73918f5-31e4-47aa-9259-d10cb0c21e1a,Jennifer,predator,Uncommon,94,Forest
b60bacee-5889-4be2-b01d-c480bd9b7de0,Ryan,herbivore,Uncommon,43,Desert
c5a8e753-73dc-4e97-8e9c-d8fe74122213,Carlos,herbivore,Rare,54,Jungle
8817ce28-cde6-4b6d-8e64-c66017b1a803,Margaret,predator,Common,64,Jungle
c0e688c2-44e3-4b22-8d2f-8c100d254f3a,Patrick,predator,Uncommon,90,Desert
c2671d4f-df0e-4399-8b4d-ccef53faafea,Sara,predator,Common,21,Jungle
ac49de57-412e-4e8b-b039-349a581efb24,Sarah,predator,Common,40,Desert
18172f56-cec1-4c20-94da-e065fb479ed3,Desiree,predator,Common,32,Jungle
a4806a11-e5a8-4a05-be28-b2b21f440fcd,Andrew,predator,Uncommon,14,Desert
688b91bf-bc5d-44e5-bc60-d24cb7088aea,Kari,herbivore,Common,5,Forest
2451bef2-177a-4b41-a5cd-e7148948509d,Sandra,predator,Rare,83,Desert
d92fcbdc-1668-4b8d-8cd0-4826311a4dd0,Brian,predator,Common,93,Desert
ce5469eb-e9f6-4def-a36a-2aacd2a52218,Lori,predator,Uncommon,78,Jungle
0004fa2c-b083-4ba4-815e-49fcb1c69e93,Amber,herbivore,Common,59,Desert
d8bf43b3-325e-44ae-b3e2-8159d6bec9ed,Scott,predator,Common,19,Jungle
b12cc928-bd2e-4d2c-9dfe-e946726b7035,Jean,predator,Uncommon,78,Jungle
4ed169b8-572b-400c-95a1-68525355839d,Craig,herbivore,Rare,59,Forest
ccf4da9e-0f46-43b7-b185-1a812f77f79e,Kristi,predator,Rare,9,Jungle
4561735d-b992-4281-869d-77f3756967db,Jasmine,herbivore,Common,10,Jungle
c103b697-1dbb-408b-9146-88f2b812e7c9,Adam,predator,Uncommon,54,Jungle
34dd2b2e-375d-428c-a570-d40a63129d46,Lynn,predator,Common,39,Jungle
df572ece-abdd-4add-a4f1-27bfac2c45da,Jeffrey,herbivore,Common,84,Jungle
467d5a42-be5e-4e40-aca4-c759eb588829,Christina,predator,Uncommon,22,Jungle
746bbb0f-da71-40e9-9d0e-a2f91926c75e,Kimberly,herbivore,Uncommon,52,Forest
a90ca926-faf2-4010-8514-fdfe96c3c8b1,Jason,predator,Common,91,Jungle
42a41956-4b30-40fa-8d7f-22e81976863c,Matthew,predator,Uncommon,50,Forest
c83ed02f-8672-493f-93f8-fff7b80de8cb,Michael,herbivore,Rare,55,Desert
79d1e178-22bd-4cd9-97c7-2f770f9bbe7a,Randall,predator,Common,33,Desert
3dd823d0-ee5b-494d-9595-008a1a1f35fa,Sandra,predator,Uncommon,98,Jungle
01d1d5da-562b-4f97-8e10-bd53c5036e8d,Brian,predator,Rare,49,Forest
1705e633-f11d-4316-8c27-82312fe0dc51,Janice,herbivore,Rare,90,Jungle
ba129ed8-ceb8-46be-8837-223df4517028,James,predator,Uncommon,42,Desert
07e00524-8e5a-4440-b118-bdebaaf6eac2,Monica,predator,Common,5,Desert
6ce442c7-bfc7-4486-a0e0-48fb9ca9a5c9,Paul,herbivore,Rare,4,Jungle
0bfdfc73-fc65-4bdf-8280-9c6b1f7f6d8f,Christine,herbivore,Uncommon,48,Forest
8ce3482d-0b30-42e2-aead-59410e7ba38f,Gregory,predator,Uncommon,52,Desert
019fded2-3007-4e2f-aa91-29a00336a5b3,Christine,predator,Common,71,Forest
e4db1468-5b5e-4d0e-92fa-5a890ca0c974,Randy,predator,Uncommon,82,Jungle
d6d10caf-2d2c-4a99-b977-95110aa3bdd7,Eric,predator,Common,84,Forest
575f0e18-466b-4c18-abfe-48bf496c8651,Denise,predator,Uncommon,85,Desert
fd9526d1-49ea-4d99-ae11-3d7b898b0edc,Chris,predator,Common,61,Forest
ac370bf4-b689-4813-94e1-4a3a755a4a51,Raymond,herbivore,Rare,69,Jungle
6b41ad7f-44fd-49e2-ab71-7a4246ed34b5,Cynthia,predator,Rare,53,Desert
0cb80b15-c52f-402b-8e25-2d5a54d6dabb,Bryan,predator,Rare,58,Desert
3a183195-15ef-4da5-a8fa-76cc6f7e62ae,Autumn,herbivore,Rare,67,Forest
df4753b5-265a-4251-aeda-ecededab4e52,Shelly,herbivore,Common,60,Forest
055fd3c9-7423-4b4d-a8eb-2740a3805ed0,Matthew,herbivore,Uncommon,54,Desert
f2caec85-3f29-4f0d-9d3f-944622a37cc6,Kimberly,predator,Common,52,Desert
1c73aa62-4e4c-4b58-ade2-987680acee13,Christian,predator,Rare,12,Desert
9e5b583e-9f16-450f-a9b3-9cfb3b82a403,Jeffrey,predator,Rare,14,Desert
b227e483-edfb-41d7-bca5-291c707a6301,Cassandra,predator,Common,56,Forest
557d2f2f-1077-496f-ac80-0c8663a89236,Allison,herbivore,Uncommon,67,Jungle
34b517cc-158c-440b-a8a3-3ae1d0262703,Benjamin,predator,Rare,51,Desert
1bf35623-4e1d-4a64-839b-b9c76e591568,Jordan,herbivore,Rare,24,Forest
9d0b8cb3-5dc9-41f8-a96d-2b66b61384f6,Jason,predator,Rare,86,Forest
0f8af07b-7565-4f68-a042-4c89d9d856c4,Crystal,herbivore,Rare,77,Jungle
306caa58-682a-41c4-81e7-f8976a90c167,John,herbivore,Rare,21,Forest
93e31313-9d57-4d4f-ba81-09559d448115,April,herbivore,Common,98,Forest
b2145f1c-bdf7-45a7-9041-6681b0e76668,Dustin,predator,Common,14,Jungle
e4d0e671-11d3-47db-a5b0-b8f092fd8252,Jim,predator,Rare,60,Jungle
39c7f991-6300-4ae8-b6ba-552577d13a25,Jose,herbivore,Uncommon,79,Forest
04906d5f-7eb8-4e01-b5dd-dceac505ed6d,Tyrone,predator,Uncommon,96,Forest
e5c16a1d-95a4-451e-a139-6e88d9f5b831,Tammy,herbivore,Common,39,Forest
aef28038-2ba6-46a0-96d5-fa59df0f6116,Gary,herbivore,Uncommon,40,Forest
6d8d023a-df3a-4ab6-a65d-857cf9735faa,Kim,herbivore,Rare,89,Forest
5e8a5cd8-6727-45b8-aaf4-78cdf2c58868,Stacy,herbivore,Uncommon,30,Jungle
e4580919-ba77-4592-8a34-896e5c0cbb67,Michael,herbivore,Uncommon,23,Forest
d4c69404-6245-4445-a281-6c11a58e797e,Melissa,predator,Common,74,Forest
a408d5f6-bb6a-4820-bbce-e87624c32e30,Linda,predator,Rare,6,Desert
aa7cd2ae-d1c5-498e-a620-b3114a106565,Gerald,predator,Uncommon,39,Forest
b6d70bdd-4e9a-422c-a5fc-750ca76c16c0,Ryan,herbivore,Common,30,Desert
64993eda-49fd-4887-adf3-2b26b8cb7b5a,Allen,predator,Common,4,Desert
e2d5749e-989e-44f1-873a-3feb2258f279,Martin,herbivore,Common,94,Desert
9e230dc7-5e65-477a-8cea-5b4bfe178d33,Adam,herbivore,Common,75,Forest
2b663035-13c0-4424-828d-70376bd04dd8,Shannon,herbivore,Common,70,Desert
914fd708-2b50-4e32-b7f3-8d1d085d54f8,Sarah,predator,Common,10,Desert
88fe2094-04f4-4c3e-9801-1ef56ac322a9,Wesley,predator,Uncommon,33,Forest
0a5f7e4b-911d-4b86-af59-5699fe30753e,Bruce,predator,Common,29,Forest
98dc0015-efca-4ec1-95fe-3319274d1c98,Jerry,herbivore,Uncommon,58,Forest
531a2246-5da8-4b80-9cff-36989d1d8029,Cassandra,herbivore,Common,71,Jungle
14b6aac1-604e-43a6-947e-bffdf4d41bd7,Jerry,predator,Common,8,Desert
5004b8ae-bb9c-451d-8d2b-d8c6f2ac54db,Michael,predator,Uncommon,94,Jungle
c842e9ff-f08d-4bd5-8cc0-471af6fe8289,Elizabeth,herbivore,Common,86,Forest
4a02870f-e5c7-449d-9ef3-5897c70eab87,John,herbivore,Uncommon,35,Desert
a5d6e0ac-9c85-4aed-87e5-579885c8c038,John,predator,Rare,77,Forest
bd5e9d88-e0fa-41bc-b4b4-de4a31e53fc3,Mark,predator,Common,93,Desert
d8430b88-8aa0-49ec-b255-1fd455347ba9,Nicholas,herbivore,Common,87,Forest
ac822cc0-e923-48fc-8771-0e0291575112,Jamie,herbivore,Common,98,Jungle
adfdb78e-b0b9-4a0f-83eb-a07d7b7c9f81,Kelli,predator,Common,6,Desert
1156c8b9-b558-4e70-8c3c-d385a728379e,Alex,predator,Common,19,Jungle
fac9e098-d60d-45a8-8a0c-66b793c9ecfb,Victor,predator,Rare,88,Desert
9ba943e8-d5ed-40f8-bebe-872bf47d37ab,Roberto,herbivore,Rare,47,Forest
c6606ed1-d6ba-44d6-bcf4-edc94edbd18e,Amy,herbivore,Uncommon,5,Desert
d0c7eb96-26f1-4010-90f5-ad430535124e,Amber,herbivore,Common,49,Desert
eb416644-dcd4-41ec-9a45-6609e0af7caf,Amy,predator,Rare,94,Forest
f5db506d-44e6-4b46-9827-f9a7468ef463,Eric,predator,Common,94,Jungle
e77eec73-434b-4c88-ad2e-7533f72bfffd,Samantha,predator,Rare,49,Desert
f07588fe-f79a-4e87-bd2c-85eb6596a783,Tracy,predator,Rare,42,Jungle
8eae4c57-aa30-45ee-b6ab-58e2f0619815,Jacob,predator,Rare,75,Jungle
af334fd4-d507-46d6-a8fb-1edd7dcc9c21,Michael,herbivore,Uncommon,59,Desert
4cb9b9df-f44f-449c-abaf-25e597a66a15,Hunter,herbivore,Rare,43,Forest
8132503e-58fd-4db5-a067-7cca6fe6b820,Mark,herbivore,Uncommon,65,Forest
d1f43ff5-0092-4a55-abac-538ff6843b9e,Matthew,herbivore,Uncommon,2,Jungle
fc71a3e8-34e9-484d-9304-98edd2dda7aa,Matthew,herbivore,Uncommon,87,Desert
81d02ef4-e007-491a-82eb-129c7c5c1ab9,Collin,predator,Rare,61,Forest
1b4976e0-666a-4119-a923-c07c644b5569,Billy,herbivore,Uncommon,51,Desert
5e6122f3-e967-44b8-b72b-5f4987a6ce80,Dawn,predator,Rare,9,Forest
c39511c8-71dc-4b10-b1a9-d09f09996b0a,Gabriel,herbivore,Rare,72,Desert
a608fabc-5562-438d-b405-a506649dce39,Chelsea,predator,Rare,39,Desert
7298c883-9dca-46ac-a0be-3c7a2f62f19c,Brent,predator,Common,43,Forest
10e5e404-d4d8-42ff-acbb-0698e211a7eb,Eric,predator,Uncommon,9,Desert
21a88681-34fe-4719-ac8c-dd4122635680,Courtney,herbivore,Common,58,Forest
414c3967-f3b5-4e90-bef2-a25661209709,Michael,herbivore,Uncommon,70,Forest
9ca07b63-6f12-4d58-b7af-7d3d00f4ab76,Diane,herbivore,Uncommon,15,Desert
df16de79-fa87-4e79-8b86-8d6dfc1b3c49,Todd,predator,Uncommon,67,Jungle
9ea0a6ee-3688-4f3c-b7c9-6db1e4673d5f,Kayla,predator,Rare,45,Jungle
aae363a0-b4a9-4bb7-a4f5-4b478619f612,Amanda,predator,Common,11,Forest
dadf5bdb-8a3b-4058-95df-f61669a277da,Daniel,predator,Rare,50,Jungle
18bf22e1-68db-4f5d-9468-b3ba480d9e71,Christopher,herbivore,Rare,31,Forest
2aeec3c6-4765-424e-847d-0f5ff2ed7922,Mark,predator,Uncommon,22,Jungle
a00bf03b-a139-4fa7-9776-440122d17bca,Natalie,predator,Common,90,Forest
d4a4d7b1-1222-4d16-990a-0f54479620f7,Bailey,predator,Common,11,Desert
4e1a5755-4f6f-4a40-ad58-2ce175b6dd26,Donna,predator,Common,69,Forest
54422a61-0312-44b0-88be-691f90dd91c1,Benjamin,herbivore,Common,23,Jungle
f0456824-5e39-4d5a-92c7-99d1c99a2a0c,Martin,herbivore,Common,90,Forest
9861a0f0-4860-48fc-9032-13643e63afc7,Marie,herbivore,Uncommon,77,Jungle
0c446adf-b7f4-41a2-b0cc-ea703b180130,Cody,predator,Rare,46,Desert
465c837d-f3de-4651-9a45-33cd4af80920,Joseph,predator,Common,10,Forest
85f50881-bde9-4ceb-8748-aae65b4fcd33,Shelia,predator,Uncommon,82,Forest
6463b2c0-390b-4736-ae08-1a9a477bb908,Robert,predator,Uncommon,8,Jungle
41b3fd59-7bcf-48aa-9669-587309bd3016,Cynthia,herbivore,Rare,9,Desert
51ddf224-8614-40a4-acf2-0d2b2972c2a8,Tony,herbivore,Rare,37,Desert
0c5e7ca5-0641-479e-8eba-5d93c4e6b296,Marissa,herbivore,Uncommon,12,Forest
39b7c0d6-847a-4f52-bd54-1d64d2f77cf1,Francis,herbivore,Uncommon,93,Desert
20b277cb-f32f-4157-97db-3a44a199d282,David,herbivore,Common,86,Desert
f36b5c93-2cd1-42f9-b0c2-e9d9bcb32994,Marc,predator,Rare,49,Forest
f9d8ef17-066b-4908-91f0-8d75bb266217,Shelby,herbivore,Uncommon,75,Desert
c818a54e-dcb9-4700-9a94-60001a64d792,Tiffany,herbivore,Uncommon,97,Desert
9ada101f-2ad3-4b4a-911c-562b023a846c,Aaron,predator,Rare,100,Forest
83e19740-1653-4065-821c-d29a07c6319e,Laura,predator,Rare,76,Jungle
d9002461-ef33-4717-8c60-e9fe38ed9fdd,Jennifer,herbivore,Rare,89,Forest
9ea9a053-7adb-416d-aad8-b66d652172f6,Lori,predator,Rare,3,Desert
00978f2c-e879-499a-bd52-ef6fedfb85fe,Regina,herbivore,Common,3,Jungle
8175b87c-dd0d-4b56-943a-1e852bdb0cab,Melissa,herbivore,Common,27,Forest
df553691-d294-4014-b260-3548374ef9ef,Stacey,herbivore,Uncommon,70,Forest
