id,name,type,terrain,rarity,difficulty_level
1,Rhino,Omnivore,Desert,Uncommon,22
2,Lion,Predator,Arctic,Rare,33
3,Fox,Omnivore,Desert,Common,22
4,Cheetah,Predator,Desert,Epic,46
5,Lion,Omnivore,Swamp,Rare,15
6,Giraffe,Predator,Mountain,Epic,10
7,Wolf,Omnivore,Desert,Rare,6
8,Lion,Predator,Rainforest,Common,38
9,Rhino,Herbivore,Volcanic,Common,47
10,Wolf,Predator,Tundra,Epic,38
11,Lion,Herbivore,Swamp,Common,31
12,Bear,Predator,Mountain,Rare,17
13,Zebra,Predator,Swamp,Rare,37
14,Bear,Herbivore,Arctic,Common,42
15,Fox,Omnivore,Tundra,Epic,49
16,Wolf,Herbivore,Arctic,Rare,4
17,Elephant,Predator,Swamp,Uncommon,7
18,Rhino,Herbivore,Volcanic,Epic,45
19,Tiger,Predator,Savanna,Uncommon,4
20,Lion,Herbivore,Arctic,Rare,46
21,Zebra,Predator,Mountain,Common,43
22,Tiger,Predator,Jungle,Common,21
23,Fox,Omnivore,Savanna,Common,46
24,Rhino,Omnivore,Swamp,Uncommon,34
25,Fox,Predator,Savanna,Epic,16
26,Giraffe,Omnivore,Arctic,Common,1
27,Zebra,Herbivore,Urban Ruins,Epic,41
28,Elephant,Predator,Mountain,Uncommon,24
29,Tiger,Omnivore,Arctic,Rare,14
30,Bear,Omnivore,Desert,Uncommon,21
31,Lion,Predator,Tundra,Epic,5
32,Fox,Herbivore,Urban Ruins,Rare,5
33,Elephant,Omnivore,Savanna,Uncommon,20
34,Rhino,Herbivore,Arctic,Epic,22
35,Elephant,Herbivore,Savanna,Epic,3
36,Zebra,Herbivore,Rainforest,Uncommon,6
37,Lion,Omnivore,Mountain,Common,37
38,Lion,Predator,Rainforest,Common,9
39,Zebra,Herbivore,Tundra,Epic,50
40,Cheetah,Predator,Jungle,Epic,18
41,Giraffe,Omnivore,Urban Ruins,Rare,48
42,Lion,Omnivore,Urban Ruins,Common,44
43,Elephant,Herbivore,Jungle,Uncommon,44
44,Rhino,Predator,Jungle,Common,34
45,Bear,Predator,Mountain,Common,3
46,Zebra,Omnivore,Tundra,Uncommon,31
47,Lion,Predator,Urban Ruins,Rare,3
48,Cheetah,Herbivore,Tundra,Common,25
49,Bear,Omnivore,Arctic,Rare,13
50,Tiger,Predator,Desert,Rare,38
51,Bear,Herbivore,Desert,Common,12
52,Rhino,Predator,Tundra,Uncommon,36
53,Wolf,Omnivore,Volcanic,Common,26
54,Zebra,Omnivore,Jungle,Uncommon,48
55,Giraffe,Herbivore,Volcanic,Epic,50
56,Cheetah,Herbivore,Desert,Rare,41
57,Lion,Herbivore,Volcanic,Uncommon,22
58,Zebra,Predator,Jungle,Common,1
59,Zebra,Omnivore,Arctic,Uncommon,26
60,Wolf,Herbivore,Arctic,Epic,16
61,Fox,Herbivore,Mountain,Uncommon,38
62,Fox,Herbivore,Rainforest,Rare,47
63,Giraffe,Predator,Savanna,Rare,5
64,Fox,Predator,Arctic,Uncommon,49
65,Fox,Omnivore,Rainforest,Common,30
66,Elephant,Predator,Volcanic,Rare,33
67,Zebra,Herbivore,Swamp,Epic,41
68,Elephant,Herbivore,Tundra,Common,25
69,Cheetah,Herbivore,Swamp,Rare,24
70,Fox,Predator,Urban Ruins,Rare,46
71,Giraffe,Predator,Urban Ruins,Rare,11
72,Bear,Herbivore,Desert,Uncommon,25
73,Elephant,Omnivore,Arctic,Epic,35
74,Giraffe,Predator,Tundra,Epic,9
75,Giraffe,Herbivore,Urban Ruins,Uncommon,31
76,Bear,Herbivore,Volcanic,Rare,43
77,Elephant,Omnivore,Tundra,Uncommon,20
78,Tiger,Herbivore,Arctic,Epic,41
79,Rhino,Predator,Jungle,Uncommon,9
80,Giraffe,Herbivore,Swamp,Uncommon,7
81,Bear,Predator,Desert,Common,48
82,Wolf,Predator,Desert,Epic,7
83,Tiger,Herbivore,Urban Ruins,Rare,40
84,Wolf,Predator,Arctic,Epic,27
85,Giraffe,Omnivore,Rainforest,Uncommon,47
86,Fox,Omnivore,Mountain,Common,18
87,Wolf,Herbivore,Jungle,Rare,6
88,Tiger,Predator,Savanna,Epic,29
89,Tiger,Herbivore,Urban Ruins,Uncommon,3
90,Wolf,Herbivore,Swamp,Common,48
91,Wolf,Omnivore,Savanna,Epic,37
92,Giraffe,Omnivore,Rainforest,Rare,48
93,Elephant,Herbivore,Rainforest,Rare,31
94,Rhino,Predator,Rainforest,Common,16
95,Lion,Omnivore,Desert,Common,42
96,Wolf,Herbivore,Urban Ruins,Uncommon,44
97,Lion,Predator,Savanna,Uncommon,29
98,Rhino,Omnivore,Swamp,Epic,38
99,Fox,Herbivore,Savanna,Epic,7
100,Cheetah,Herbivore,Urban Ruins,Epic,1
101,Elephant,Omnivore,Urban Ruins,Epic,50
102,Fox,Herbivore,Urban Ruins,Rare,49
103,Tiger,Herbivore,Desert,Uncommon,6
104,Fox,Herbivore,Urban Ruins,Rare,28
105,Zebra,Omnivore,Tundra,Rare,29
106,Tiger,Omnivore,Rainforest,Common,22
107,Lion,Herbivore,Volcanic,Epic,23
108,Zebra,Omnivore,Rainforest,Epic,13
109,Wolf,Herbivore,Tundra,Rare,31
110,Elephant,Omnivore,Swamp,Epic,7
111,Fox,Omnivore,Volcanic,Uncommon,8
112,Tiger,Omnivore,Jungle,Common,6
113,Wolf,Predator,Arctic,Uncommon,50
114,Cheetah,Herbivore,Rainforest,Uncommon,6
115,Zebra,Herbivore,Tundra,Epic,28
116,Rhino,Predator,Urban Ruins,Uncommon,19
117,Rhino,Omnivore,Arctic,Uncommon,7
118,Tiger,Omnivore,Rainforest,Epic,43
119,Elephant,Herbivore,Urban Ruins,Rare,25
120,Fox,Omnivore,Volcanic,Epic,28
121,Zebra,Omnivore,Jungle,Uncommon,28
122,Lion,Herbivore,Tundra,Epic,35
123,Cheetah,Omnivore,Arctic,Epic,27
124,Cheetah,Predator,Volcanic,Rare,34
125,Tiger,Predator,Jungle,Epic,16
126,Elephant,Herbivore,Jungle,Epic,10
127,Giraffe,Herbivore,Savanna,Rare,44
128,Tiger,Omnivore,Savanna,Common,17
129,Zebra,Herbivore,Volcanic,Rare,5
130,Wolf,Predator,Swamp,Rare,45
131,Bear,Herbivore,Volcanic,Common,36
132,Fox,Herbivore,Desert,Epic,30
133,Fox,Herbivore,Desert,Uncommon,25
134,Fox,Predator,Urban Ruins,Rare,49
135,Lion,Herbivore,Volcanic,Uncommon,1
136,Cheetah,Herbivore,Urban Ruins,Epic,37
137,Fox,Omnivore,Jungle,Rare,26
138,Wolf,Omnivore,Desert,Rare,6
139,Bear,Herbivore,Rainforest,Common,50
140,Wolf,Predator,Rainforest,Uncommon,29
141,Rhino,Omnivore,Mountain,Common,14
142,Cheetah,Omnivore,Volcanic,Uncommon,43
143,Elephant,Herbivore,Volcanic,Common,15
144,Lion,Predator,Swamp,Rare,25
145,Cheetah,Herbivore,Volcanic,Common,33
146,Cheetah,Herbivore,Rainforest,Rare,4
147,Lion,Predator,Jungle,Epic,19
148,Fox,Omnivore,Jungle,Common,48
149,Giraffe,Predator,Volcanic,Uncommon,30
150,Bear,Omnivore,Desert,Common,28
151,Fox,Omnivore,Volcanic,Common,7
152,Wolf,Predator,Swamp,Uncommon,36
153,Wolf,Herbivore,Desert,Uncommon,10
154,Zebra,Omnivore,Urban Ruins,Uncommon,42
155,Zebra,Omnivore,Swamp,Rare,36
156,Bear,Herbivore,Volcanic,Rare,3
157,Bear,Omnivore,Volcanic,Common,38
158,Lion,Herbivore,Volcanic,Rare,14
159,Zebra,Herbivore,Swamp,Rare,45
160,Lion,Predator,Jungle,Epic,38
161,Lion,Predator,Arctic,Rare,26
162,Cheetah,Herbivore,Rainforest,Common,11
163,Giraffe,Herbivore,Volcanic,Rare,40
164,Elephant,Omnivore,Desert,Epic,50
165,Tiger,Herbivore,Rainforest,Rare,50
166,Bear,Predator,Urban Ruins,Rare,42
167,Rhino,Herbivore,Volcanic,Uncommon,1
168,Cheetah,Omnivore,Volcanic,Rare,7
169,Elephant,Omnivore,Mountain,Common,16
170,Bear,Herbivore,Tundra,Uncommon,46
171,Bear,Omnivore,Desert,Uncommon,31
172,Fox,Omnivore,Rainforest,Epic,44
173,Tiger,Predator,Swamp,Uncommon,31
174,Zebra,Herbivore,Volcanic,Rare,24
175,Lion,Predator,Urban Ruins,Uncommon,50
176,Lion,Predator,Urban Ruins,Uncommon,28
177,Bear,Predator,Mountain,Common,22
178,Cheetah,Predator,Desert,Epic,37
179,Fox,Omnivore,Volcanic,Common,6
180,Bear,Herbivore,Savanna,Epic,40
181,Bear,Omnivore,Savanna,Epic,50
182,Bear,Predator,Mountain,Uncommon,21
183,Wolf,Omnivore,Mountain,Uncommon,44
184,Tiger,Predator,Tundra,Epic,44
185,Lion,Predator,Savanna,Epic,20
186,Giraffe,Omnivore,Volcanic,Uncommon,34
187,Elephant,Omnivore,Urban Ruins,Rare,15
188,Elephant,Predator,Volcanic,Rare,36
189,Giraffe,Omnivore,Swamp,Epic,26
190,Tiger,Predator,Desert,Rare,37
191,Wolf,Herbivore,Jungle,Uncommon,2
192,Giraffe,Predator,Tundra,Epic,3
193,Wolf,Herbivore,Tundra,Epic,4
194,Lion,Predator,Rainforest,Common,13
195,Rhino,Herbivore,Desert,Epic,44
196,Bear,Herbivore,Volcanic,Uncommon,47
197,Rhino,Omnivore,Mountain,Epic,20
198,Fox,Omnivore,Savanna,Common,19
199,Wolf,Predator,Swamp,Epic,3
200,Tiger,Omnivore,Savanna,Epic,47
201,Giraffe,Predator,Jungle,Epic,46
202,Zebra,Omnivore,Mountain,Common,20
203,Zebra,Predator,Volcanic,Common,21
204,Fox,Herbivore,Jungle,Uncommon,39
205,Zebra,Herbivore,Arctic,Common,16
206,Rhino,Omnivore,Tundra,Uncommon,27
207,Giraffe,Herbivore,Mountain,Common,33
208,Zebra,Predator,Tundra,Rare,44
209,Giraffe,Predator,Jungle,Epic,11
210,Zebra,Predator,Swamp,Uncommon,43
211,Bear,Herbivore,Mountain,Rare,13
212,Zebra,Predator,Tundra,Epic,23
213,Lion,Herbivore,Desert,Uncommon,14
214,Wolf,Omnivore,Mountain,Rare,22
215,Fox,Predator,Savanna,Epic,23
216,Tiger,Predator,Savanna,Rare,15
217,Giraffe,Herbivore,Tundra,Rare,7
218,Wolf,Omnivore,Swamp,Common,44
219,Wolf,Omnivore,Mountain,Rare,15
220,Fox,Predator,Mountain,Epic,6
221,Fox,Predator,Urban Ruins,Rare,21
222,Giraffe,Predator,Volcanic,Epic,41
223,Fox,Omnivore,Jungle,Uncommon,20
224,Giraffe,Predator,Arctic,Common,2
225,Elephant,Predator,Desert,Uncommon,20
226,Lion,Herbivore,Swamp,Common,6
227,Wolf,Herbivore,Tundra,Uncommon,14
228,Zebra,Omnivore,Savanna,Rare,27
229,Rhino,Omnivore,Mountain,Epic,37
230,Wolf,Predator,Arctic,Common,26
231,Elephant,Predator,Arctic,Rare,23
232,Rhino,Omnivore,Arctic,Rare,25
233,Elephant,Omnivore,Swamp,Rare,5
234,Elephant,Omnivore,Desert,Common,31
235,Giraffe,Herbivore,Desert,Rare,30
236,Tiger,Predator,Swamp,Uncommon,3
237,Lion,Omnivore,Rainforest,Common,38
238,Elephant,Omnivore,Arctic,Rare,44
239,Elephant,Herbivore,Rainforest,Rare,7
240,Elephant,Omnivore,Rainforest,Uncommon,20
241,Tiger,Omnivore,Jungle,Epic,16
242,Fox,Omnivore,Mountain,Rare,22
243,Giraffe,Predator,Savanna,Common,18
244,Fox,Predator,Mountain,Rare,40
245,Cheetah,Omnivore,Urban Ruins,Epic,45
246,Cheetah,Predator,Swamp,Epic,16
247,Rhino,Omnivore,Mountain,Rare,37
248,Fox,Omnivore,Tundra,Rare,12
249,Lion,Predator,Savanna,Uncommon,47
250,Fox,Herbivore,Tundra,Rare,42
251,Zebra,Predator,Tundra,Common,21
252,Giraffe,Predator,Rainforest,Common,10
253,Rhino,Predator,Savanna,Common,15
254,Lion,Herbivore,Swamp,Epic,2
255,Giraffe,Predator,Swamp,Rare,13
256,Cheetah,Predator,Rainforest,Epic,10
257,Bear,Predator,Savanna,Epic,16
258,Cheetah,Predator,Arctic,Uncommon,46
259,Wolf,Predator,Swamp,Rare,45
260,Tiger,Herbivore,Mountain,Uncommon,18
261,Rhino,Omnivore,Rainforest,Rare,49
262,Rhino,Herbivore,Swamp,Rare,15
263,Giraffe,Omnivore,Savanna,Rare,40
264,Zebra,Predator,Savanna,Rare,28
265,Zebra,Predator,Tundra,Epic,36
266,Giraffe,Predator,Volcanic,Common,7
267,Lion,Omnivore,Desert,Common,15
268,Cheetah,Omnivore,Desert,Epic,21
269,Cheetah,Omnivore,Jungle,Uncommon,11
270,Cheetah,Predator,Volcanic,Uncommon,16
271,Tiger,Herbivore,Tundra,Epic,11
272,Tiger,Herbivore,Swamp,Uncommon,11
273,Bear,Herbivore,Savanna,Rare,49
274,Giraffe,Predator,Tundra,Epic,44
275,Cheetah,Predator,Savanna,Rare,45
276,Lion,Predator,Urban Ruins,Rare,10
277,Rhino,Predator,Jungle,Epic,33
278,Tiger,Omnivore,Arctic,Rare,15
279,Tiger,Predator,Savanna,Rare,39
280,Fox,Omnivore,Savanna,Rare,10
281,Cheetah,Herbivore,Rainforest,Epic,10
282,Lion,Omnivore,Jungle,Common,50
283,Bear,Herbivore,Mountain,Uncommon,14
284,Cheetah,Herbivore,Rainforest,Rare,36
285,Zebra,Omnivore,Urban Ruins,Epic,4
286,Bear,Herbivore,Mountain,Common,22
287,Bear,Herbivore,Desert,Uncommon,38
288,Wolf,Omnivore,Mountain,Uncommon,39
289,Wolf,Predator,Jungle,Epic,40
290,Fox,Herbivore,Tundra,Rare,49
291,Giraffe,Predator,Volcanic,Common,36
292,Tiger,Predator,Tundra,Common,16
293,Wolf,Predator,Arctic,Common,48
294,Rhino,Omnivore,Savanna,Uncommon,47
295,Rhino,Herbivore,Mountain,Uncommon,21
296,Giraffe,Herbivore,Savanna,Rare,9
297,Bear,Predator,Rainforest,Epic,7
298,Wolf,Omnivore,Desert,Common,15
299,Elephant,Predator,Desert,Uncommon,41
300,Zebra,Herbivore,Desert,Common,11
301,Rhino,Herbivore,Volcanic,Rare,38
302,Bear,Predator,Savanna,Rare,41
303,Cheetah,Herbivore,Rainforest,Rare,34
304,Lion,Omnivore,Desert,Rare,45
305,Elephant,Predator,Volcanic,Rare,41
306,Cheetah,Omnivore,Urban Ruins,Common,30
307,Tiger,Predator,Tundra,Uncommon,36
308,Rhino,Omnivore,Swamp,Common,12
309,Wolf,Predator,Jungle,Rare,12
310,Fox,Predator,Arctic,Common,7
311,Wolf,Predator,Jungle,Common,7
312,Fox,Herbivore,Mountain,Epic,9
313,Bear,Predator,Volcanic,Uncommon,26
314,Rhino,Omnivore,Swamp,Uncommon,25
315,Zebra,Omnivore,Tundra,Uncommon,40
316,Rhino,Herbivore,Jungle,Epic,34
317,Giraffe,Predator,Tundra,Epic,7
318,Giraffe,Herbivore,Savanna,Uncommon,3
319,Cheetah,Herbivore,Rainforest,Epic,1
320,Zebra,Predator,Volcanic,Rare,24
321,Tiger,Predator,Urban Ruins,Common,14
322,Cheetah,Herbivore,Desert,Epic,27
323,Zebra,Predator,Arctic,Rare,25
324,Rhino,Predator,Desert,Uncommon,13
325,Wolf,Omnivore,Arctic,Epic,20
326,Wolf,Omnivore,Swamp,Epic,6
327,Giraffe,Omnivore,Arctic,Rare,35
328,Elephant,Predator,Jungle,Epic,28
329,Wolf,Herbivore,Swamp,Epic,33
330,Wolf,Predator,Savanna,Epic,32
331,Bear,Omnivore,Urban Ruins,Uncommon,5
332,Fox,Herbivore,Arctic,Epic,40
333,Zebra,Herbivore,Jungle,Common,26
334,Tiger,Omnivore,Urban Ruins,Epic,9
335,Tiger,Omnivore,Mountain,Epic,45
336,Elephant,Omnivore,Savanna,Common,44
337,Wolf,Omnivore,Tundra,Common,40
338,Wolf,Herbivore,Arctic,Rare,42
339,Giraffe,Herbivore,Mountain,Common,42
340,Bear,Herbivore,Volcanic,Rare,7
341,Fox,Herbivore,Swamp,Uncommon,24
342,Bear,Herbivore,Swamp,Common,7
343,Lion,Herbivore,Arctic,Uncommon,33
344,Wolf,Omnivore,Desert,Epic,46
345,Lion,Predator,Volcanic,Rare,32
346,Wolf,Omnivore,Arctic,Common,38
347,Giraffe,Herbivore,Mountain,Epic,7
348,Bear,Predator,Swamp,Epic,19
349,Tiger,Herbivore,Volcanic,Common,35
350,Zebra,Herbivore,Arctic,Common,34
351,Tiger,Omnivore,Tundra,Rare,45
352,Elephant,Herbivore,Volcanic,Rare,14
353,Wolf,Predator,Jungle,Rare,40
354,Lion,Herbivore,Arctic,Epic,31
355,Zebra,Predator,Desert,Rare,48
356,Fox,Omnivore,Urban Ruins,Rare,28
357,Zebra,Predator,Swamp,Epic,20
358,Giraffe,Omnivore,Rainforest,Rare,10
359,Wolf,Predator,Rainforest,Uncommon,20
360,Fox,Omnivore,Jungle,Common,18
361,Wolf,Herbivore,Tundra,Common,47
362,Lion,Herbivore,Arctic,Uncommon,5
363,Elephant,Omnivore,Desert,Rare,5
364,Wolf,Predator,Arctic,Common,23
365,Cheetah,Omnivore,Tundra,Epic,34
366,Rhino,Omnivore,Jungle,Uncommon,32
367,Zebra,Omnivore,Swamp,Epic,17
368,Rhino,Herbivore,Urban Ruins,Common,26
369,Rhino,Predator,Tundra,Common,7
370,Rhino,Herbivore,Mountain,Rare,24
371,Bear,Omnivore,Arctic,Uncommon,5
372,Elephant,Herbivore,Mountain,Epic,41
373,Giraffe,Herbivore,Savanna,Rare,19
374,Wolf,Predator,Savanna,Rare,49
375,Elephant,Predator,Mountain,Common,23
376,Wolf,Omnivore,Mountain,Common,35
377,Tiger,Omnivore,Arctic,Epic,16
378,Fox,Omnivore,Swamp,Rare,7
379,Lion,Herbivore,Swamp,Rare,40
380,Cheetah,Omnivore,Jungle,Rare,32
381,Fox,Predator,Volcanic,Rare,48
382,Zebra,Herbivore,Desert,Epic,19
383,Bear,Herbivore,Rainforest,Common,43
384,Elephant,Omnivore,Swamp,Rare,15
385,Cheetah,Herbivore,Swamp,Rare,7
386,Lion,Predator,Jungle,Common,9
387,Tiger,Predator,Swamp,Uncommon,49
388,Zebra,Omnivore,Savanna,Rare,6
389,Cheetah,Herbivore,Volcanic,Common,11
390,Zebra,Omnivore,Savanna,Epic,40
391,Zebra,Herbivore,Mountain,Epic,45
392,Wolf,Predator,Volcanic,Rare,40
393,Elephant,Herbivore,Swamp,Epic,49
394,Tiger,Predator,Arctic,Rare,2
395,Wolf,Predator,Urban Ruins,Common,23
396,Zebra,Omnivore,Arctic,Rare,47
397,Bear,Herbivore,Savanna,Uncommon,31
398,Tiger,Predator,Mountain,Uncommon,13
399,Wolf,Herbivore,Volcanic,Common,40
400,Zebra,Predator,Savanna,Rare,38
401,Wolf,Omnivore,Swamp,Epic,28
402,Fox,Herbivore,Rainforest,Epic,35
403,Zebra,Herbivore,Rainforest,Epic,46
404,Rhino,Predator,Savanna,Rare,13
405,Zebra,Omnivore,Desert,Epic,38
406,Elephant,Predator,Mountain,Epic,37
407,Giraffe,Predator,Swamp,Uncommon,11
408,Fox,Omnivore,Desert,Rare,31
409,Elephant,Predator,Urban Ruins,Epic,17
410,Cheetah,Predator,Volcanic,Common,22
411,Bear,Predator,Desert,Epic,39
412,Fox,Predator,Desert,Uncommon,43
413,Elephant,Omnivore,Jungle,Common,11
414,Elephant,Omnivore,Volcanic,Epic,14
415,Wolf,Predator,Swamp,Common,35
416,Zebra,Herbivore,Urban Ruins,Uncommon,26
417,Wolf,Herbivore,Swamp,Epic,41
418,Cheetah,Herbivore,Savanna,Common,12
419,Elephant,Herbivore,Tundra,Common,39
420,Giraffe,Herbivore,Jungle,Rare,18
421,Elephant,Herbivore,Mountain,Uncommon,10
422,Zebra,Predator,Rainforest,Epic,2
423,Wolf,Herbivore,Tundra,Epic,2
424,Tiger,Herbivore,Arctic,Epic,11
425,Zebra,Omnivore,Desert,Rare,17
426,Lion,Predator,Rainforest,Epic,27
427,Lion,Predator,Swamp,Common,2
428,Elephant,Herbivore,Volcanic,Epic,45
429,Bear,Predator,Jungle,Epic,33
430,Lion,Predator,Urban Ruins,Common,50
431,Cheetah,Predator,Rainforest,Rare,14
432,Fox,Predator,Volcanic,Uncommon,39
433,Bear,Omnivore,Desert,Common,32
434,Cheetah,Predator,Savanna,Rare,7
435,Rhino,Predator,Jungle,Epic,25
436,Elephant,Predator,Savanna,Uncommon,35
437,Bear,Omnivore,Savanna,Common,15
438,Giraffe,Herbivore,Mountain,Common,31
439,Elephant,Predator,Jungle,Common,19
440,Giraffe,Omnivore,Savanna,Epic,31
441,Wolf,Omnivore,Rainforest,Rare,43
442,Bear,Herbivore,Rainforest,Epic,2
443,Rhino,Predator,Arctic,Uncommon,49
444,Elephant,Predator,Swamp,Rare,25
445,Zebra,Predator,Tundra,Common,45
446,Elephant,Herbivore,Rainforest,Rare,13
447,Tiger,Omnivore,Tundra,Epic,36
448,Wolf,Herbivore,Jungle,Common,30
449,Wolf,Herbivore,Jungle,Common,15
450,Elephant,Herbivore,Volcanic,Common,4
451,Cheetah,Predator,Volcanic,Rare,28
452,Lion,Omnivore,Rainforest,Uncommon,20
453,Elephant,Herbivore,Mountain,Uncommon,16
454,Tiger,Omnivore,Urban Ruins,Uncommon,12
455,Tiger,Predator,Rainforest,Uncommon,17
456,Bear,Predator,Urban Ruins,Epic,35
457,Zebra,Herbivore,Desert,Common,10
458,Giraffe,Predator,Rainforest,Epic,43
459,Wolf,Predator,Swamp,Epic,33
460,Lion,Herbivore,Desert,Epic,37
461,Fox,Predator,Desert,Rare,3
462,Tiger,Omnivore,Volcanic,Rare,35
463,Zebra,Omnivore,Rainforest,Uncommon,44
464,Tiger,Omnivore,Rainforest,Epic,48
465,Zebra,Predator,Jungle,Uncommon,1
466,Zebra,Herbivore,Jungle,Epic,11
467,Bear,Herbivore,Savanna,Rare,43
468,Tiger,Predator,Urban Ruins,Epic,46
469,Giraffe,Herbivore,Jungle,Rare,43
470,Zebra,Predator,Jungle,Epic,20
471,Rhino,Herbivore,Savanna,Epic,32
472,Giraffe,Herbivore,Urban Ruins,Common,19
473,Lion,Predator,Jungle,Rare,28
474,Tiger,Predator,Savanna,Epic,32
475,Giraffe,Omnivore,Urban Ruins,Uncommon,46
476,Bear,Omnivore,Desert,Common,21
477,Giraffe,Herbivore,Savanna,Uncommon,21
478,Giraffe,Omnivore,Desert,Common,23
479,Cheetah,Herbivore,Urban Ruins,Epic,47
480,Lion,Omnivore,Rainforest,Epic,22
481,Elephant,Predator,Volcanic,Common,39
482,Zebra,Omnivore,Swamp,Rare,45
483,Tiger,Herbivore,Mountain,Common,26
484,Lion,Omnivore,Arctic,Common,5
485,Rhino,Predator,Rainforest,Epic,34
486,Wolf,Herbivore,Desert,Common,36
487,Zebra,Herbivore,Volcanic,Rare,4
488,Elephant,Omnivore,Mountain,Rare,24
489,Bear,Herbivore,Volcanic,Epic,23
490,Fox,Herbivore,Arctic,Epic,3
491,Bear,Predator,Savanna,Uncommon,48
492,Elephant,Predator,Jungle,Rare,14
493,Zebra,Omnivore,Urban Ruins,Epic,38
494,Wolf,Herbivore,Jungle,Common,12
495,Lion,Omnivore,Jungle,Common,19
496,Elephant,Predator,Savanna,Epic,21
497,Giraffe,Predator,Urban Ruins,Rare,49
498,Bear,Predator,Desert,Common,22
499,Wolf,Herbivore,Arctic,Common,46
500,Bear,Herbivore,Desert,Rare,50
501,Zebra,Predator,Swamp,Common,39
502,Wolf,Omnivore,Desert,Rare,12
503,Wolf,Omnivore,Mountain,Epic,41
504,Zebra,Herbivore,Rainforest,Rare,33
505,Wolf,Predator,Rainforest,Common,22
506,Cheetah,Herbivore,Desert,Rare,39
507,Cheetah,Omnivore,Savanna,Uncommon,8
508,Cheetah,Omnivore,Mountain,Epic,20
509,Zebra,Omnivore,Jungle,Epic,49
510,Bear,Omnivore,Tundra,Uncommon,30
511,Cheetah,Predator,Jungle,Epic,50
512,Wolf,Herbivore,Swamp,Epic,1
513,Elephant,Predator,Arctic,Rare,40
514,Cheetah,Predator,Tundra,Common,33
515,Zebra,Predator,Swamp,Uncommon,3
516,Fox,Predator,Desert,Rare,46
517,Fox,Herbivore,Jungle,Epic,39
518,Cheetah,Predator,Swamp,Epic,40
519,Zebra,Omnivore,Mountain,Rare,40
520,Tiger,Herbivore,Desert,Uncommon,42
521,Rhino,Omnivore,Rainforest,Rare,47
522,Tiger,Omnivore,Volcanic,Common,7
523,Bear,Herbivore,Mountain,Rare,37
524,Cheetah,Herbivore,Jungle,Uncommon,21
525,Cheetah,Omnivore,Desert,Rare,2
526,Cheetah,Herbivore,Jungle,Epic,30
527,Wolf,Predator,Volcanic,Epic,7
528,Giraffe,Omnivore,Desert,Epic,29
529,Tiger,Omnivore,Arctic,Epic,28
530,Fox,Omnivore,Rainforest,Epic,14
531,Zebra,Predator,Desert,Uncommon,12
532,Cheetah,Herbivore,Rainforest,Epic,12
533,Bear,Predator,Arctic,Rare,30
534,Lion,Omnivore,Desert,Uncommon,8
535,Elephant,Omnivore,Jungle,Epic,27
536,Lion,Omnivore,Jungle,Epic,18
537,Zebra,Herbivore,Tundra,Common,14
538,Fox,Predator,Savanna,Rare,44
539,Fox,Predator,Urban Ruins,Common,4
540,Giraffe,Herbivore,Urban Ruins,Rare,37
541,Tiger,Predator,Volcanic,Uncommon,42
542,Wolf,Omnivore,Tundra,Uncommon,11
543,Rhino,Omnivore,Swamp,Common,2
544,Giraffe,Predator,Swamp,Epic,46
545,Zebra,Herbivore,Urban Ruins,Uncommon,13
546,Wolf,Herbivore,Arctic,Uncommon,41
547,Zebra,Herbivore,Jungle,Rare,23
548,Cheetah,Herbivore,Savanna,Epic,3
549,Elephant,Predator,Rainforest,Common,44
550,Giraffe,Predator,Volcanic,Rare,25
551,Zebra,Omnivore,Rainforest,Epic,7
552,Lion,Omnivore,Mountain,Rare,44
553,Lion,Predator,Desert,Common,39
554,Giraffe,Herbivore,Savanna,Rare,43
555,Elephant,Predator,Tundra,Epic,25
556,Giraffe,Herbivore,Urban Ruins,Uncommon,2
557,Elephant,Herbivore,Rainforest,Uncommon,37
558,Zebra,Omnivore,Savanna,Rare,4
559,Cheetah,Herbivore,Savanna,Epic,34
560,Zebra,Herbivore,Mountain,Uncommon,33
561,Tiger,Predator,Mountain,Common,40
562,Zebra,Predator,Mountain,Common,38
563,Rhino,Predator,Jungle,Epic,25
564,Elephant,Herbivore,Swamp,Epic,16
565,Cheetah,Omnivore,Savanna,Common,22
566,Tiger,Predator,Tundra,Rare,47
567,Bear,Omnivore,Desert,Epic,35
568,Lion,Omnivore,Tundra,Uncommon,48
569,Zebra,Herbivore,Urban Ruins,Epic,37
570,Cheetah,Herbivore,Urban Ruins,Uncommon,48
571,Lion,Omnivore,Jungle,Uncommon,19
572,Zebra,Omnivore,Mountain,Common,3
573,Rhino,Herbivore,Savanna,Epic,4
574,Lion,Herbivore,Desert,Uncommon,42
575,Rhino,Omnivore,Arctic,Rare,21
576,Tiger,Herbivore,Rainforest,Epic,25
577,Bear,Predator,Mountain,Uncommon,43
578,Cheetah,Herbivore,Swamp,Uncommon,46
579,Fox,Predator,Desert,Uncommon,43
580,Zebra,Omnivore,Desert,Uncommon,47
581,Cheetah,Omnivore,Jungle,Rare,37
582,Fox,Herbivore,Jungle,Rare,14
583,Wolf,Predator,Tundra,Epic,7
584,Zebra,Omnivore,Urban Ruins,Epic,5
585,Fox,Herbivore,Savanna,Epic,16
586,Zebra,Herbivore,Savanna,Rare,8
587,Zebra,Predator,Rainforest,Uncommon,12
588,Elephant,Omnivore,Jungle,Uncommon,49
589,Elephant,Omnivore,Arctic,Common,19
590,Elephant,Predator,Jungle,Rare,24
591,Giraffe,Herbivore,Arctic,Epic,5
592,Lion,Herbivore,Arctic,Uncommon,17
593,Cheetah,Omnivore,Volcanic,Common,22
594,Zebra,Herbivore,Desert,Epic,49
595,Tiger,Omnivore,Arctic,Rare,41
596,Lion,Omnivore,Volcanic,Rare,11
597,Giraffe,Herbivore,Jungle,Rare,9
598,Lion,Herbivore,Savanna,Uncommon,19
599,Tiger,Omnivore,Desert,Epic,43
600,Giraffe,Omnivore,Arctic,Common,27
601,Tiger,Omnivore,Desert,Rare,48
602,Tiger,Herbivore,Jungle,Rare,49
603,Giraffe,Omnivore,Arctic,Common,32
604,Zebra,Herbivore,Urban Ruins,Rare,43
605,Tiger,Predator,Savanna,Common,7
606,Elephant,Predator,Urban Ruins,Epic,40
607,Wolf,Predator,Jungle,Rare,34
608,Rhino,Omnivore,Mountain,Uncommon,47
609,Zebra,Omnivore,Swamp,Uncommon,33
610,Lion,Herbivore,Urban Ruins,Uncommon,18
611,Wolf,Predator,Rainforest,Rare,15
612,Fox,Herbivore,Arctic,Rare,36
613,Bear,Herbivore,Swamp,Uncommon,1
614,Fox,Herbivore,Rainforest,Rare,50
615,Giraffe,Omnivore,Volcanic,Epic,9
616,Lion,Omnivore,Desert,Common,10
617,Wolf,Omnivore,Arctic,Epic,35
618,Elephant,Herbivore,Desert,Rare,40
619,Wolf,Predator,Tundra,Common,8
620,Zebra,Predator,Swamp,Uncommon,8
621,Bear,Herbivore,Savanna,Uncommon,16
622,Bear,Herbivore,Jungle,Epic,12
623,Giraffe,Predator,Desert,Epic,11
624,Tiger,Omnivore,Tundra,Epic,24
625,Elephant,Herbivore,Arctic,Uncommon,40
626,Wolf,Predator,Rainforest,Epic,45
627,Wolf,Herbivore,Rainforest,Rare,4
628,Lion,Herbivore,Volcanic,Epic,3
629,Bear,Predator,Arctic,Uncommon,14
630,Giraffe,Herbivore,Volcanic,Uncommon,24
631,Wolf,Herbivore,Rainforest,Uncommon,16
632,Cheetah,Omnivore,Swamp,Epic,21
633,Giraffe,Omnivore,Savanna,Common,42
634,Rhino,Herbivore,Arctic,Epic,19
635,Elephant,Herbivore,Desert,Common,39
636,Elephant,Omnivore,Mountain,Uncommon,45
637,Lion,Herbivore,Mountain,Epic,29
638,Lion,Herbivore,Arctic,Common,22
639,Wolf,Herbivore,Desert,Uncommon,17
640,Rhino,Predator,Swamp,Common,35
641,Cheetah,Herbivore,Desert,Epic,26
642,Zebra,Predator,Rainforest,Epic,46
643,Tiger,Predator,Mountain,Common,10
644,Bear,Predator,Rainforest,Epic,24
645,Wolf,Omnivore,Rainforest,Epic,37
646,Giraffe,Herbivore,Rainforest,Epic,25
647,Wolf,Herbivore,Mountain,Common,28
648,Bear,Omnivore,Tundra,Epic,17
649,Fox,Predator,Jungle,Common,18
650,Wolf,Omnivore,Urban Ruins,Rare,46
651,Cheetah,Omnivore,Rainforest,Common,25
652,Elephant,Omnivore,Swamp,Common,6
653,Giraffe,Omnivore,Jungle,Epic,34
654,Tiger,Predator,Mountain,Uncommon,32
655,Zebra,Predator,Tundra,Common,19
656,Rhino,Herbivore,Mountain,Rare,33
657,Zebra,Omnivore,Arctic,Rare,50
658,Zebra,Omnivore,Rainforest,Rare,22
659,Giraffe,Omnivore,Urban Ruins,Rare,36
660,Zebra,Predator,Desert,Uncommon,8
661,Rhino,Omnivore,Volcanic,Common,12
662,Elephant,Predator,Arctic,Epic,19
663,Fox,Predator,Mountain,Uncommon,12
664,Giraffe,Herbivore,Tundra,Rare,49
665,Lion,Omnivore,Tundra,Common,9
666,Bear,Predator,Urban Ruins,Rare,39
667,Giraffe,Omnivore,Arctic,Uncommon,25
668,Wolf,Herbivore,Tundra,Epic,15
669,Giraffe,Herbivore,Savanna,Common,30
670,Bear,Omnivore,Jungle,Epic,3
671,Cheetah,Herbivore,Mountain,Epic,31
672,Tiger,Omnivore,Mountain,Uncommon,45
673,Giraffe,Predator,Desert,Epic,28
674,Fox,Predator,Jungle,Rare,41
675,Giraffe,Herbivore,Mountain,Epic,15
676,Giraffe,Herbivore,Arctic,Epic,28
677,Cheetah,Herbivore,Urban Ruins,Common,12
678,Wolf,Herbivore,Savanna,Common,2
679,Bear,Predator,Urban Ruins,Epic,40
680,Cheetah,Omnivore,Savanna,Epic,1
681,Zebra,Herbivore,Tundra,Uncommon,48
682,Rhino,Predator,Savanna,Rare,28
683,Zebra,Herbivore,Tundra,Epic,29
684,Cheetah,Omnivore,Rainforest,Rare,20
685,Elephant,Omnivore,Rainforest,Epic,49
686,Elephant,Omnivore,Jungle,Uncommon,37
687,Fox,Predator,Savanna,Uncommon,8
688,Giraffe,Omnivore,Swamp,Epic,39
689,Lion,Omnivore,Rainforest,Common,12
690,Rhino,Herbivore,Savanna,Common,38
691,Fox,Omnivore,Mountain,Epic,5
692,Elephant,Predator,Arctic,Epic,19
693,Zebra,Predator,Jungle,Common,27
694,Cheetah,Predator,Tundra,Uncommon,30
695,Bear,Predator,Tundra,Epic,34
696,Tiger,Omnivore,Jungle,Common,26
697,Rhino,Omnivore,Jungle,Common,38
698,Fox,Herbivore,Tundra,Rare,19
699,Cheetah,Omnivore,Mountain,Uncommon,32
700,Giraffe,Herbivore,Mountain,Common,50
701,Tiger,Herbivore,Savanna,Rare,44
702,Tiger,Predator,Mountain,Epic,27
703,Cheetah,Herbivore,Tundra,Uncommon,7
704,Tiger,Omnivore,Desert,Uncommon,15
705,Elephant,Predator,Rainforest,Rare,5
706,Fox,Predator,Swamp,Common,21
707,Zebra,Predator,Arctic,Rare,35
708,Lion,Predator,Savanna,Common,48
709,Tiger,Omnivore,Savanna,Epic,23
710,Rhino,Herbivore,Swamp,Uncommon,39
711,Bear,Predator,Urban Ruins,Epic,2
712,Bear,Omnivore,Desert,Uncommon,28
713,Bear,Herbivore,Desert,Uncommon,45
714,Giraffe,Herbivore,Volcanic,Rare,42
715,Tiger,Omnivore,Savanna,Uncommon,17
716,Tiger,Omnivore,Arctic,Rare,16
717,Elephant,Herbivore,Swamp,Rare,38
718,Bear,Predator,Urban Ruins,Epic,34
719,Cheetah,Predator,Rainforest,Epic,36
720,Giraffe,Predator,Jungle,Epic,23
721,Cheetah,Herbivore,Mountain,Uncommon,44
722,Tiger,Predator,Swamp,Rare,45
723,Cheetah,Predator,Jungle,Epic,23
724,Tiger,Omnivore,Jungle,Rare,48
725,Fox,Herbivore,Jungle,Rare,9
726,Zebra,Omnivore,Tundra,Uncommon,40
727,Elephant,Predator,Swamp,Common,29
728,Rhino,Omnivore,Tundra,Common,47
729,Wolf,Omnivore,Desert,Uncommon,47
730,Tiger,Herbivore,Arctic,Common,5
731,Rhino,Herbivore,Mountain,Uncommon,46
732,Fox,Predator,Jungle,Common,33
733,Zebra,Omnivore,Desert,Uncommon,39
734,Zebra,Herbivore,Tundra,Common,11
735,Giraffe,Predator,Jungle,Rare,10
736,Tiger,Herbivore,Tundra,Epic,18
737,Lion,Omnivore,Swamp,Rare,49
738,Tiger,Predator,Mountain,Common,27
739,Wolf,Predator,Savanna,Common,25
740,Tiger,Predator,Desert,Uncommon,18
741,Cheetah,Predator,Savanna,Rare,3
742,Fox,Predator,Jungle,Rare,23
743,Rhino,Herbivore,Mountain,Common,5
744,Elephant,Predator,Volcanic,Uncommon,38
745,Rhino,Predator,Jungle,Rare,9
746,Tiger,Herbivore,Savanna,Epic,28
747,Tiger,Omnivore,Urban Ruins,Rare,47
748,Lion,Predator,Tundra,Common,4
749,Giraffe,Omnivore,Volcanic,Epic,43
750,Giraffe,Herbivore,Jungle,Epic,14
751,Bear,Predator,Rainforest,Rare,20
752,Lion,Herbivore,Mountain,Rare,19
753,Rhino,Herbivore,Tundra,Uncommon,9
754,Lion,Predator,Rainforest,Common,6
755,Cheetah,Predator,Volcanic,Common,31
756,Giraffe,Predator,Tundra,Uncommon,50
757,Bear,Herbivore,Rainforest,Uncommon,36
758,Tiger,Omnivore,Tundra,Rare,46
759,Cheetah,Herbivore,Desert,Uncommon,49
760,Fox,Predator,Tundra,Uncommon,16
761,Rhino,Herbivore,Volcanic,Common,44
762,Wolf,Predator,Volcanic,Epic,32
763,Lion,Omnivore,Savanna,Epic,24
764,Zebra,Omnivore,Desert,Epic,29
765,Fox,Omnivore,Mountain,Uncommon,15
766,Giraffe,Predator,Tundra,Uncommon,17
767,Giraffe,Omnivore,Rainforest,Uncommon,3
768,Bear,Herbivore,Tundra,Epic,24
769,Giraffe,Herbivore,Mountain,Common,7
770,Tiger,Herbivore,Jungle,Uncommon,3
771,Lion,Omnivore,Rainforest,Common,12
772,Bear,Predator,Tundra,Epic,7
773,Bear,Herbivore,Volcanic,Uncommon,15
774,Cheetah,Herbivore,Arctic,Common,46
775,Fox,Predator,Urban Ruins,Epic,14
776,Elephant,Herbivore,Desert,Uncommon,33
777,Cheetah,Omnivore,Urban Ruins,Common,47
778,Cheetah,Omnivore,Rainforest,Uncommon,11
779,Elephant,Predator,Rainforest,Common,18
780,Rhino,Omnivore,Tundra,Rare,7
781,Bear,Omnivore,Desert,Uncommon,46
782,Tiger,Predator,Tundra,Common,13
783,Fox,Herbivore,Mountain,Common,29
784,Giraffe,Omnivore,Jungle,Uncommon,11
785,Cheetah,Predator,Volcanic,Uncommon,14
786,Elephant,Predator,Volcanic,Common,37
787,Wolf,Omnivore,Arctic,Uncommon,34
788,Bear,Herbivore,Tundra,Epic,9
789,Zebra,Omnivore,Volcanic,Common,32
790,Cheetah,Herbivore,Urban Ruins,Epic,11
791,Cheetah,Omnivore,Desert,Uncommon,20
792,Elephant,Predator,Volcanic,Rare,36
793,Rhino,Predator,Urban Ruins,Uncommon,38
794,Rhino,Herbivore,Urban Ruins,Common,30
795,Fox,Predator,Desert,Epic,7
796,Fox,Herbivore,Tundra,Common,32
797,Zebra,Herbivore,Desert,Epic,8
798,Bear,Predator,Tundra,Epic,10
799,Lion,Herbivore,Savanna,Rare,32
800,Rhino,Omnivore,Desert,Epic,37
801,Elephant,Omnivore,Mountain,Epic,43
802,Bear,Herbivore,Arctic,Common,14
803,Lion,Predator,Swamp,Common,19
804,Tiger,Omnivore,Jungle,Common,13
805,Bear,Predator,Tundra,Rare,36
806,Bear,Predator,Urban Ruins,Uncommon,43
807,Tiger,Herbivore,Desert,Common,39
808,Giraffe,Herbivore,Arctic,Rare,23
809,Zebra,Herbivore,Urban Ruins,Rare,6
810,Cheetah,Omnivore,Rainforest,Uncommon,25
811,Rhino,Omnivore,Savanna,Epic,14
812,Tiger,Omnivore,Rainforest,Common,36
813,Zebra,Omnivore,Tundra,Common,18
814,Bear,Predator,Mountain,Rare,27
815,Bear,Predator,Urban Ruins,Uncommon,45
816,Wolf,Predator,Mountain,Uncommon,37
817,Tiger,Omnivore,Desert,Rare,50
818,Elephant,Predator,Savanna,Uncommon,8
819,Zebra,Omnivore,Volcanic,Epic,8
820,Fox,Omnivore,Jungle,Rare,22
821,Zebra,Predator,Rainforest,Rare,14
822,Bear,Omnivore,Swamp,Rare,33
823,Fox,Omnivore,Swamp,Uncommon,16
824,Tiger,Herbivore,Volcanic,Common,14
825,Cheetah,Omnivore,Desert,Epic,8
826,Tiger,Herbivore,Jungle,Epic,6
827,Giraffe,Herbivore,Swamp,Common,22
828,Fox,Predator,Urban Ruins,Common,38
829,Fox,Omnivore,Mountain,Epic,8
830,Giraffe,Predator,Tundra,Epic,9
831,Fox,Omnivore,Volcanic,Rare,33
832,Rhino,Herbivore,Swamp,Rare,4
833,Lion,Herbivore,Mountain,Uncommon,35
834,Cheetah,Predator,Rainforest,Rare,36
835,Tiger,Predator,Tundra,Uncommon,1
836,Rhino,Omnivore,Urban Ruins,Common,5
837,Cheetah,Herbivore,Urban Ruins,Epic,32
838,Fox,Predator,Volcanic,Epic,25
839,Lion,Predator,Arctic,Rare,43
840,Wolf,Herbivore,Arctic,Common,19
841,Zebra,Omnivore,Savanna,Epic,27
842,Lion,Predator,Jungle,Uncommon,31
843,Giraffe,Omnivore,Rainforest,Rare,6
844,Bear,Omnivore,Savanna,Uncommon,44
845,Giraffe,Predator,Arctic,Rare,29
846,Wolf,Omnivore,Jungle,Rare,40
847,Tiger,Omnivore,Jungle,Rare,39
848,Bear,Herbivore,Urban Ruins,Epic,14
849,Giraffe,Omnivore,Volcanic,Rare,6
850,Elephant,Herbivore,Mountain,Rare,46
851,Fox,Herbivore,Mountain,Epic,49
852,Wolf,Herbivore,Urban Ruins,Rare,41
853,Rhino,Omnivore,Swamp,Uncommon,8
854,Zebra,Predator,Swamp,Uncommon,24
855,Giraffe,Herbivore,Swamp,Rare,32
856,Lion,Predator,Desert,Epic,18
857,Elephant,Herbivore,Savanna,Uncommon,19
858,Wolf,Predator,Savanna,Common,41
859,Wolf,Herbivore,Urban Ruins,Uncommon,24
860,Cheetah,Omnivore,Rainforest,Uncommon,31
861,Bear,Predator,Arctic,Uncommon,38
862,Bear,Omnivore,Arctic,Uncommon,35
863,Bear,Omnivore,Volcanic,Epic,2
864,Giraffe,Predator,Tundra,Epic,27
865,Elephant,Herbivore,Savanna,Epic,11
866,Wolf,Herbivore,Swamp,Common,50
867,Wolf,Omnivore,Rainforest,Common,45
868,Giraffe,Omnivore,Rainforest,Rare,27
869,Elephant,Omnivore,Savanna,Epic,41
870,Bear,Herbivore,Tundra,Uncommon,4
871,Rhino,Herbivore,Urban Ruins,Common,19
872,Wolf,Predator,Swamp,Epic,26
873,Tiger,Herbivore,Volcanic,Common,2
874,Bear,Herbivore,Jungle,Epic,30
875,Bear,Predator,Desert,Epic,30
876,Tiger,Omnivore,Tundra,Common,43
877,Tiger,Herbivore,Volcanic,Uncommon,24
878,Cheetah,Predator,Arctic,Uncommon,44
879,Giraffe,Herbivore,Jungle,Common,30
880,Fox,Omnivore,Mountain,Rare,9
881,Giraffe,Herbivore,Desert,Rare,25
882,Fox,Herbivore,Volcanic,Rare,31
883,Giraffe,Omnivore,Arctic,Uncommon,28
884,Lion,Predator,Savanna,Rare,4
885,Zebra,Herbivore,Mountain,Epic,22
886,Fox,Omnivore,Rainforest,Common,11
887,Wolf,Omnivore,Desert,Epic,8
888,Tiger,Omnivore,Mountain,Rare,22
889,Cheetah,Predator,Rainforest,Rare,20
890,Rhino,Omnivore,Tundra,Epic,4
891,Fox,Predator,Savanna,Epic,29
892,Tiger,Omnivore,Mountain,Common,30
893,Zebra,Omnivore,Arctic,Epic,38
894,Lion,Herbivore,Volcanic,Rare,36
895,Lion,Omnivore,Swamp,Epic,14
896,Rhino,Predator,Savanna,Common,19
897,Bear,Predator,Arctic,Epic,30
898,Lion,Predator,Swamp,Common,18
899,Fox,Herbivore,Volcanic,Epic,7
900,Zebra,Omnivore,Urban Ruins,Rare,28
901,Zebra,Predator,Mountain,Uncommon,35
902,Rhino,Predator,Jungle,Epic,10
903,Rhino,Herbivore,Rainforest,Uncommon,45
904,Fox,Herbivore,Swamp,Rare,12
905,Elephant,Predator,Urban Ruins,Rare,46
906,Giraffe,Omnivore,Arctic,Epic,29
907,Zebra,Omnivore,Mountain,Uncommon,11
908,Zebra,Herbivore,Tundra,Uncommon,38
909,Giraffe,Herbivore,Desert,Epic,22
910,Rhino,Predator,Arctic,Common,39
911,Lion,Herbivore,Swamp,Rare,41
912,Elephant,Predator,Mountain,Epic,6
913,Fox,Herbivore,Mountain,Rare,17
914,Tiger,Predator,Tundra,Common,34
915,Giraffe,Omnivore,Savanna,Epic,20
916,Fox,Omnivore,Jungle,Common,9
917,Elephant,Omnivore,Rainforest,Rare,22
918,Bear,Omnivore,Rainforest,Rare,5
919,Fox,Herbivore,Jungle,Epic,44
920,Tiger,Omnivore,Rainforest,Rare,48
921,Elephant,Predator,Savanna,Uncommon,20
922,Zebra,Predator,Rainforest,Uncommon,42
923,Tiger,Predator,Arctic,Common,46
924,Elephant,Omnivore,Desert,Common,46
925,Fox,Omnivore,Urban Ruins,Uncommon,27
926,Elephant,Omnivore,Tundra,Uncommon,46
927,Rhino,Omnivore,Urban Ruins,Uncommon,31
928,Cheetah,Predator,Mountain,Epic,1
929,Lion,Predator,Tundra,Uncommon,1
930,Rhino,Predator,Volcanic,Epic,21
931,Cheetah,Herbivore,Mountain,Rare,42
932,Elephant,Herbivore,Swamp,Uncommon,39
933,Wolf,Predator,Urban Ruins,Uncommon,7
934,Elephant,Predator,Urban Ruins,Common,25
935,Elephant,Herbivore,Rainforest,Epic,35
936,Tiger,Omnivore,Mountain,Uncommon,9
937,Fox,Omnivore,Swamp,Uncommon,8
938,Bear,Herbivore,Mountain,Rare,32
939,Fox,Predator,Swamp,Common,37
940,Wolf,Herbivore,Desert,Uncommon,24
941,Bear,Omnivore,Volcanic,Rare,25
942,Elephant,Omnivore,Savanna,Uncommon,31
943,Lion,Herbivore,Tundra,Rare,13
944,Tiger,Omnivore,Savanna,Rare,30
945,Lion,Predator,Desert,Rare,13
946,Giraffe,Omnivore,Rainforest,Uncommon,14
947,Fox,Predator,Arctic,Common,7
948,Wolf,Predator,Volcanic,Common,47
949,Cheetah,Omnivore,Urban Ruins,Common,19
950,Bear,Predator,Arctic,Common,8
951,Cheetah,Predator,Mountain,Rare,27
952,Fox,Omnivore,Arctic,Common,21
953,Wolf,Omnivore,Tundra,Common,36
954,Wolf,Omnivore,Desert,Epic,50
955,Fox,Predator,Rainforest,Uncommon,44
956,Cheetah,Omnivore,Volcanic,Uncommon,47
957,Elephant,Predator,Desert,Epic,36
958,Rhino,Herbivore,Swamp,Common,19
959,Lion,Omnivore,Rainforest,Common,27
960,Zebra,Herbivore,Savanna,Uncommon,40
961,Zebra,Herbivore,Urban Ruins,Rare,43
962,Giraffe,Omnivore,Tundra,Uncommon,40
963,Giraffe,Omnivore,Desert,Epic,44
964,Elephant,Omnivore,Swamp,Common,34
965,Rhino,Herbivore,Urban Ruins,Uncommon,31
966,Giraffe,Omnivore,Volcanic,Common,48
967,Zebra,Omnivore,Volcanic,Uncommon,45
968,Cheetah,Herbivore,Savanna,Rare,11
969,Cheetah,Predator,Swamp,Common,1
970,Giraffe,Herbivore,Mountain,Common,16
971,Zebra,Predator,Urban Ruins,Rare,21
972,Bear,Omnivore,Desert,Rare,12
973,Wolf,Herbivore,Savanna,Epic,46
974,Wolf,Omnivore,Jungle,Common,37
975,Zebra,Omnivore,Rainforest,Common,31
976,Tiger,Predator,Tundra,Uncommon,36
977,Tiger,Herbivore,Rainforest,Uncommon,5
978,Rhino,Herbivore,Arctic,Epic,37
979,Tiger,Omnivore,Tundra,Uncommon,46
980,Zebra,Predator,Savanna,Rare,15
981,Lion,Herbivore,Rainforest,Epic,46
982,Elephant,Predator,Rainforest,Epic,23
983,Elephant,Herbivore,Desert,Epic,23
984,Wolf,Herbivore,Jungle,Rare,19
985,Elephant,Omnivore,Tundra,Epic,13
986,Bear,Herbivore,Rainforest,Rare,47
987,Fox,Herbivore,Jungle,Rare,18
988,Rhino,Herbivore,Rainforest,Rare,47
989,Rhino,Omnivore,Mountain,Common,33
990,Wolf,Herbivore,Arctic,Uncommon,14
991,Lion,Predator,Mountain,Common,40
992,Bear,Herbivore,Tundra,Uncommon,2
993,Rhino,Predator,Arctic,Epic,11
994,Cheetah,Herbivore,Rainforest,Epic,17
995,Tiger,Omnivore,Swamp,Uncommon,35
996,Giraffe,Herbivore,Arctic,Uncommon,48
997,Rhino,Predator,Mountain,Uncommon,42
998,Cheetah,Predator,Swamp,Common,12
999,Cheetah,Herbivore,Mountain,Epic,2
1000,Lion,Herbivore,Swamp,Common,30
