id,name,species,breed,type,danger_level,variety
1,Raven,Cheetah,Bengal,Omnivore,High,Rare
2,Gregory,Giraffe,Asian,Omnivore,High,Uncommon
3,James,Cheetah,Mountain,Predator,Medium,Rare
4,William,Tiger,African,Predator,Low,Uncommon
5,Brandy,Zebra,Sumatran,Herbivore,High,Common
6,Allison,Cheetah,Bengal,Omnivore,Medium,Common
7,Tracy,Tiger,Mountain,Predator,High,Rare
8,Robert,Elephant,Indochinese,Omnivore,High,Uncommon
9,Nicole,Elephant,Bengal,Predator,Medium,Rare
10,Jeffrey,Tiger,Sumatran,Herbivore,Low,Uncommon
11,Suzanne,Cheetah,Indochinese,Predator,Medium,Uncommon
12,Sonia,Giraffe,Snow,Predator,High,Common
13,Courtney,Wolf,Indian,Predator,Medium,Rare
14,Bradley,Cheetah,Siberian,Omnivore,Low,Uncommon
15,Jacqueline,Bear,Indochinese,Predator,High,Rare
16,William,Leopard,Mountain,Predator,Low,Common
17,Ricky,Giraffe,Indian,Omnivore,Medium,Common
18,Mary,Lion,Bengal,Herbivore,Low,Common
19,Edward,Wolf,Siberian,Omnivore,Medium,Common
20,Jeffrey,Lion,Snow,Omnivore,High,Rare
21,Juan,Tiger,Indian,Herbivore,Medium,Uncommon
22,Todd,Leopard,Sumatran,Omnivore,Medium,Rare
23,Allison,Tiger,Sumatran,Omnivore,Low,Rare
24,Charlotte,Lion,Bengal,Predator,Medium,Uncommon
25,Eric,Elephant,Sumatran,Predator,Medium,Uncommon
26,Deborah,Rhino,Asian,Herbivore,High,Uncommon
27,Alexander,Rhino,Bengal,Herbivore,Low,Common
28,Jason,Rhino,Mountain,Herbivore,High,Common
29,Holly,Leopard,Indochinese,Herbivore,Medium,Rare
30,Rodney,Zebra,Sumatran,Herbivore,Low,Common
31,Julie,Bear,Mountain,Predator,Low,Uncommon
32,Jody,Leopard,Arctic,Herbivore,Low,Uncommon
33,Jennifer,Lion,Snow,Herbivore,Medium,Common
34,Michelle,Cheetah,Arctic,Predator,Low,Common
35,Michelle,Wolf,Bengal,Herbivore,Medium,Rare
36,Charles,Giraffe,Bengal,Herbivore,High,Uncommon
37,Andrea,Tiger,Bengal,Herbivore,Medium,Rare
38,Sarah,Zebra,Bengal,Predator,High,Rare
39,Emily,Rhino,Snow,Omnivore,Medium,Common
40,Sally,Wolf,Sumatran,Predator,High,Rare
41,Cassidy,Lion,Arctic,Omnivore,High,Uncommon
42,Ashley,Elephant,Bengal,Omnivore,Low,Uncommon
43,Mary,Leopard,Indian,Herbivore,Medium,Uncommon
44,Kyle,Leopard,Mountain,Omnivore,Medium,Common
45,Gary,Leopard,Sumatran,Herbivore,High,Common
46,Aimee,Tiger,Siberian,Omnivore,High,Common
47,Jose,Bear,Sumatran,Predator,Medium,Rare
48,Monica,Leopard,Siberian,Predator,Low,Uncommon
49,Patricia,Wolf,Asian,Predator,Low,Uncommon
50,Holly,Giraffe,Sumatran,Predator,Low,Common
51,Michelle,Cheetah,Mountain,Herbivore,High,Uncommon
52,Cole,Leopard,African,Herbivore,Low,Uncommon
53,David,Rhino,Sumatran,Predator,High,Common
54,Christopher,Rhino,African,Omnivore,Medium,Uncommon
55,Calvin,Bear,Mountain,Omnivore,Medium,Uncommon
56,Melissa,Wolf,Arctic,Herbivore,Medium,Rare
57,Laurie,Bear,Siberian,Predator,Low,Uncommon
58,Jeffrey,Rhino,Siberian,Omnivore,Medium,Common
59,Michelle,Bear,Indochinese,Herbivore,Low,Uncommon
60,Steven,Leopard,Indochinese,Herbivore,High,Uncommon
61,Michael,Cheetah,Arctic,Omnivore,High,Rare
62,Latasha,Bear,Siberian,Herbivore,High,Rare
63,Natasha,Lion,Indochinese,Predator,High,Rare
64,Adam,Bear,Sumatran,Omnivore,Low,Common
65,Ricardo,Bear,Arctic,Herbivore,Low,Common
66,Stephanie,Cheetah,Asian,Predator,Low,Rare
67,Deborah,Bear,Indochinese,Herbivore,Low,Uncommon
68,Laurie,Bear,Indochinese,Herbivore,Medium,Rare
69,Andrea,Giraffe,Mountain,Omnivore,High,Uncommon
70,Dalton,Giraffe,Siberian,Omnivore,High,Rare
71,Daniel,Rhino,African,Herbivore,High,Common
72,Rebecca,Cheetah,Snow,Herbivore,High,Uncommon
73,Timothy,Giraffe,African,Omnivore,Low,Common
74,Jamie,Tiger,Indochinese,Herbivore,High,Common
75,Steven,Tiger,Mountain,Predator,High,Uncommon
76,Kelsey,Giraffe,Sumatran,Omnivore,Medium,Uncommon
77,Sarah,Cheetah,Siberian,Omnivore,Low,Common
78,Cameron,Leopard,Asian,Herbivore,Medium,Rare
79,Regina,Elephant,Mountain,Omnivore,High,Uncommon
80,Lori,Bear,Sumatran,Herbivore,High,Uncommon
81,Lori,Giraffe,Siberian,Omnivore,Low,Uncommon
82,Janet,Bear,Snow,Predator,Medium,Common
83,Paul,Lion,Asian,Herbivore,High,Uncommon
84,David,Cheetah,Sumatran,Herbivore,Medium,Rare
85,David,Giraffe,African,Omnivore,Low,Rare
86,Danny,Tiger,Arctic,Predator,Medium,Rare
87,Susan,Bear,Indian,Omnivore,Low,Common
88,Kari,Tiger,Asian,Omnivore,Low,Common
89,Anne,Lion,Arctic,Herbivore,Low,Rare
90,Jeffery,Zebra,Arctic,Omnivore,Low,Uncommon
91,Katelyn,Leopard,African,Herbivore,Medium,Rare
92,Joseph,Lion,Siberian,Predator,High,Common
93,Ethan,Tiger,Snow,Omnivore,Low,Common
94,Michael,Tiger,Bengal,Omnivore,High,Common
95,David,Bear,Indochinese,Predator,High,Rare
96,Leslie,Cheetah,Sumatran,Omnivore,High,Common
97,Angelica,Lion,African,Herbivore,Medium,Rare
98,Nancy,Tiger,Indochinese,Herbivore,Medium,Rare
99,John,Tiger,Asian,Predator,Low,Common
100,Daniel,Lion,Bengal,Herbivore,Medium,Uncommon
101,Amy,Rhino,Bengal,Predator,Medium,Uncommon
102,Brandy,Bear,Sumatran,Predator,Medium,Uncommon
103,Todd,Zebra,African,Predator,High,Uncommon
104,Jason,Wolf,Snow,Predator,High,Uncommon
105,Seth,Elephant,Mountain,Omnivore,Low,Rare
106,Jessica,Leopard,Bengal,Predator,Medium,Common
107,Alexander,Bear,Indian,Omnivore,Medium,Common
108,Ashley,Bear,Bengal,Herbivore,High,Rare
109,Ashley,Wolf,African,Herbivore,Medium,Rare
110,Daniel,Giraffe,Indochinese,Predator,Medium,Uncommon
111,Adam,Tiger,Sumatran,Herbivore,Low,Common
112,Tracey,Elephant,Arctic,Omnivore,High,Uncommon
113,Jamie,Lion,African,Predator,Low,Uncommon
114,Margaret,Cheetah,Indochinese,Herbivore,High,Rare
115,Victor,Lion,Indochinese,Predator,Low,Uncommon
116,William,Rhino,Indian,Omnivore,High,Common
117,Crystal,Lion,Sumatran,Omnivore,Low,Uncommon
118,Rose,Leopard,Snow,Predator,High,Uncommon
119,Leah,Leopard,Siberian,Predator,Low,Uncommon
120,Melissa,Leopard,Asian,Omnivore,Medium,Uncommon
121,Andrea,Elephant,Sumatran,Omnivore,Medium,Uncommon
122,Lindsey,Tiger,African,Predator,Low,Uncommon
123,Richard,Wolf,Arctic,Herbivore,High,Rare
124,Richard,Bear,Siberian,Omnivore,High,Common
125,Sean,Rhino,Asian,Predator,Low,Common
126,Raven,Rhino,Sumatran,Herbivore,Low,Rare
127,Edward,Leopard,Mountain,Herbivore,Low,Uncommon
128,Leslie,Tiger,African,Herbivore,High,Rare
129,Jake,Zebra,Indian,Omnivore,Low,Common
130,Mark,Elephant,Mountain,Herbivore,Medium,Common
131,Ariana,Wolf,Arctic,Herbivore,High,Uncommon
132,Matthew,Elephant,Sumatran,Herbivore,High,Common
133,Danielle,Bear,Indochinese,Predator,High,Common
134,Candace,Lion,Bengal,Predator,Medium,Common
135,Jesse,Elephant,Snow,Omnivore,Low,Uncommon
136,Christine,Rhino,Indian,Herbivore,High,Rare
137,James,Wolf,Asian,Omnivore,Low,Rare
138,Cheryl,Cheetah,Mountain,Predator,Medium,Uncommon
139,Scott,Tiger,Snow,Herbivore,High,Uncommon
140,Sheri,Leopard,Mountain,Herbivore,High,Uncommon
141,Kathryn,Giraffe,Arctic,Predator,Medium,Rare
142,Jennifer,Leopard,Indian,Omnivore,High,Uncommon
143,Kathleen,Bear,Asian,Omnivore,High,Common
144,Cameron,Zebra,Sumatran,Predator,Medium,Common
145,Victoria,Leopard,African,Omnivore,Low,Uncommon
146,Michael,Wolf,Mountain,Herbivore,High,Rare
147,David,Elephant,Snow,Omnivore,Medium,Uncommon
148,Jacob,Giraffe,Mountain,Herbivore,Medium,Common
149,David,Cheetah,Arctic,Omnivore,Medium,Common
150,Sara,Rhino,Asian,Herbivore,Medium,Rare
151,Lawrence,Tiger,African,Herbivore,Medium,Rare
152,Shannon,Wolf,Arctic,Herbivore,High,Common
153,Tyler,Bear,Mountain,Predator,Low,Rare
154,Ronald,Bear,Snow,Predator,Medium,Common
155,Chelsea,Lion,Siberian,Omnivore,Low,Common
156,Angel,Tiger,Indochinese,Omnivore,High,Common
157,Daniel,Bear,Snow,Omnivore,Medium,Common
158,Andrea,Wolf,Siberian,Omnivore,Low,Common
159,Sergio,Lion,Indian,Omnivore,High,Uncommon
160,Cassandra,Cheetah,Indian,Herbivore,Medium,Uncommon
161,Tina,Lion,Mountain,Herbivore,Medium,Common
162,Lisa,Lion,Sumatran,Omnivore,High,Common
163,Michael,Lion,Bengal,Predator,High,Common
164,Carol,Bear,Indochinese,Omnivore,Low,Uncommon
165,Tracy,Giraffe,Mountain,Predator,Medium,Rare
166,Mark,Cheetah,Snow,Predator,High,Common
167,Andrea,Elephant,Arctic,Herbivore,Low,Rare
168,Laurie,Wolf,Bengal,Predator,Medium,Common
169,Patrick,Tiger,Arctic,Herbivore,Medium,Uncommon
170,Jennifer,Bear,Indochinese,Herbivore,High,Rare
171,John,Cheetah,Bengal,Predator,Medium,Rare
172,Gary,Rhino,Asian,Omnivore,Medium,Common
173,Courtney,Wolf,Asian,Omnivore,Low,Common
174,Nicole,Tiger,Bengal,Herbivore,Medium,Rare
175,Janet,Elephant,Mountain,Omnivore,Low,Rare
176,Anne,Leopard,African,Omnivore,Low,Common
177,James,Rhino,Bengal,Omnivore,High,Common
178,Jesse,Elephant,Arctic,Herbivore,Low,Uncommon
179,David,Zebra,Arctic,Herbivore,High,Uncommon
180,Alex,Cheetah,Asian,Herbivore,Medium,Uncommon
181,Jodi,Rhino,Mountain,Predator,Medium,Common
182,Megan,Tiger,Indochinese,Herbivore,Low,Uncommon
183,Judith,Elephant,African,Herbivore,Medium,Rare
184,Darrell,Zebra,Bengal,Omnivore,Low,Rare
185,Melvin,Lion,Sumatran,Omnivore,Medium,Uncommon
186,Angela,Wolf,Asian,Herbivore,Medium,Common
187,Megan,Rhino,Indian,Predator,Low,Common
188,Maurice,Elephant,Indian,Omnivore,Low,Common
189,Samantha,Zebra,Sumatran,Omnivore,High,Rare
190,Alejandro,Zebra,Bengal,Predator,Low,Uncommon
191,Jonathan,Zebra,African,Predator,High,Uncommon
192,Mark,Lion,Mountain,Omnivore,High,Rare
193,Anthony,Tiger,Siberian,Herbivore,Medium,Rare
194,Fred,Tiger,African,Predator,Low,Rare
195,Lisa,Lion,Indochinese,Predator,Low,Common
196,Michael,Cheetah,Arctic,Herbivore,Medium,Rare
197,David,Zebra,Siberian,Omnivore,Low,Common
198,Diane,Elephant,Indochinese,Omnivore,High,Rare
199,Ryan,Lion,Siberian,Omnivore,High,Rare
200,William,Cheetah,Arctic,Omnivore,Low,Rare
201,Jeffrey,Leopard,Indian,Predator,High,Uncommon
202,Jose,Tiger,Arctic,Omnivore,High,Uncommon
203,Christine,Rhino,Mountain,Predator,Low,Rare
204,Andrew,Rhino,Siberian,Herbivore,Low,Uncommon
205,Christine,Wolf,Indian,Herbivore,Low,Rare
206,Crystal,Elephant,Arctic,Herbivore,Medium,Rare
207,Levi,Giraffe,Siberian,Omnivore,Medium,Common
208,Ryan,Lion,African,Omnivore,High,Rare
209,Chad,Elephant,Asian,Omnivore,Low,Uncommon
210,Kevin,Leopard,Bengal,Herbivore,High,Rare
211,Christina,Giraffe,Indochinese,Predator,High,Uncommon
212,Amber,Zebra,Bengal,Predator,Medium,Rare
213,Kevin,Leopard,Bengal,Herbivore,High,Uncommon
214,Cindy,Leopard,Snow,Predator,High,Rare
215,Zachary,Lion,Snow,Omnivore,Low,Rare
216,Brian,Lion,Mountain,Predator,Low,Rare
217,Brad,Elephant,Arctic,Omnivore,Medium,Rare
218,Robert,Elephant,Bengal,Herbivore,High,Common
219,Scott,Rhino,Snow,Herbivore,High,Uncommon
220,Kara,Leopard,Indian,Omnivore,Medium,Uncommon
221,Steven,Lion,Indian,Predator,Medium,Uncommon
222,Michael,Tiger,Indochinese,Omnivore,Low,Common
223,Christopher,Wolf,Arctic,Omnivore,High,Common
224,Joseph,Leopard,Mountain,Predator,Medium,Uncommon
225,Grant,Wolf,Asian,Herbivore,High,Rare
226,Bryan,Giraffe,Indian,Predator,Medium,Uncommon
227,Tammy,Wolf,Snow,Herbivore,High,Uncommon
228,Megan,Elephant,Indochinese,Omnivore,Medium,Uncommon
229,Crystal,Cheetah,Mountain,Predator,Medium,Rare
230,Kathryn,Tiger,Arctic,Omnivore,Low,Rare
231,Ariel,Giraffe,Sumatran,Omnivore,Low,Common
232,Mike,Bear,African,Predator,Medium,Common
233,George,Bear,Indian,Omnivore,Medium,Common
234,Ebony,Rhino,Mountain,Omnivore,Medium,Common
235,Tammy,Giraffe,Indochinese,Herbivore,High,Common
236,Kayla,Bear,Asian,Omnivore,Low,Rare
237,Ashley,Bear,Arctic,Predator,Medium,Rare
238,Darrell,Zebra,Siberian,Omnivore,Medium,Rare
239,Jean,Rhino,Bengal,Predator,High,Uncommon
240,Daniel,Cheetah,Siberian,Herbivore,High,Common
241,Aaron,Giraffe,Bengal,Herbivore,High,Rare
242,Lauren,Leopard,Mountain,Herbivore,High,Common
243,Raymond,Elephant,Arctic,Predator,Low,Rare
244,Karen,Bear,Sumatran,Omnivore,Medium,Rare
245,Jerry,Leopard,Arctic,Predator,High,Uncommon
246,Linda,Cheetah,Asian,Omnivore,Medium,Rare
247,Levi,Elephant,African,Herbivore,Medium,Common
248,Brian,Leopard,Indian,Herbivore,Medium,Common
249,Nathan,Zebra,Sumatran,Predator,High,Rare
250,Carl,Lion,Mountain,Predator,Low,Uncommon
251,Cheryl,Cheetah,Indian,Omnivore,Medium,Uncommon
252,Tina,Elephant,Siberian,Predator,Medium,Common
253,James,Tiger,Snow,Omnivore,Medium,Common
254,Mitchell,Bear,Bengal,Predator,High,Uncommon
255,Jessica,Leopard,African,Omnivore,High,Uncommon
256,Laura,Leopard,Indochinese,Predator,High,Common
257,Emily,Leopard,Bengal,Omnivore,High,Rare
258,Elizabeth,Bear,Sumatran,Predator,High,Common
259,Victor,Wolf,Snow,Predator,High,Rare
260,Crystal,Elephant,African,Omnivore,Medium,Uncommon
261,Jeffrey,Lion,Mountain,Omnivore,High,Uncommon
262,Pamela,Tiger,Asian,Herbivore,Medium,Rare
263,Kenneth,Zebra,Sumatran,Predator,Low,Common
264,Jacqueline,Bear,African,Predator,High,Common
265,Melvin,Cheetah,Bengal,Predator,Medium,Rare
266,Melissa,Lion,African,Predator,Low,Uncommon
267,George,Cheetah,Snow,Omnivore,Medium,Rare
268,Douglas,Elephant,Indochinese,Predator,Low,Uncommon
269,Michael,Cheetah,Siberian,Omnivore,High,Rare
270,Jennifer,Elephant,Siberian,Herbivore,Low,Common
271,David,Elephant,Indochinese,Omnivore,Medium,Uncommon
272,Jennifer,Elephant,Snow,Predator,Low,Uncommon
273,Michelle,Lion,Bengal,Omnivore,Low,Uncommon
274,Adam,Elephant,Indian,Herbivore,Low,Uncommon
275,Michelle,Giraffe,Asian,Predator,High,Rare
276,Manuel,Tiger,Arctic,Omnivore,High,Uncommon
277,Erica,Rhino,Siberian,Herbivore,Low,Common
278,Ronnie,Rhino,Snow,Omnivore,Low,Rare
279,Daniel,Cheetah,Bengal,Herbivore,Medium,Rare
280,Veronica,Elephant,Indian,Omnivore,Medium,Rare
281,Jeremy,Giraffe,Arctic,Omnivore,High,Common
282,Janet,Cheetah,Sumatran,Predator,High,Rare
283,Jessica,Lion,Bengal,Omnivore,Medium,Rare
284,Dustin,Zebra,Indian,Omnivore,High,Common
285,Joshua,Tiger,African,Omnivore,Medium,Rare
286,Jason,Leopard,Asian,Predator,Medium,Common
287,Brian,Elephant,Asian,Omnivore,Medium,Rare
288,John,Zebra,Asian,Herbivore,High,Uncommon
289,Katrina,Lion,Indian,Herbivore,Low,Rare
290,Amber,Leopard,Bengal,Herbivore,Low,Common
291,Christopher,Tiger,African,Predator,Medium,Uncommon
292,Evan,Zebra,Siberian,Omnivore,High,Common
293,Donna,Elephant,Arctic,Predator,Low,Rare
294,Amy,Cheetah,Arctic,Omnivore,Low,Rare
295,Sarah,Zebra,Siberian,Predator,Low,Common
296,Joseph,Elephant,Indian,Predator,Medium,Rare
297,Joshua,Giraffe,Bengal,Predator,Low,Uncommon
298,Jeff,Rhino,Sumatran,Herbivore,High,Rare
299,Joseph,Cheetah,Asian,Predator,High,Uncommon
300,David,Cheetah,Siberian,Herbivore,Low,Uncommon
301,Keith,Bear,Siberian,Herbivore,Low,Common
302,Michael,Lion,Sumatran,Herbivore,Low,Common
303,Corey,Wolf,Snow,Predator,Low,Rare
304,Jennifer,Lion,Arctic,Omnivore,Low,Common
305,Kathryn,Cheetah,Indochinese,Predator,Medium,Rare
306,Ryan,Zebra,Bengal,Herbivore,Medium,Uncommon
307,Frank,Cheetah,Siberian,Herbivore,Medium,Rare
308,Mark,Zebra,Arctic,Predator,Medium,Common
309,Diane,Leopard,Indochinese,Herbivore,High,Rare
310,Denise,Tiger,Mountain,Omnivore,Low,Common
311,Stephen,Rhino,Mountain,Predator,Medium,Common
312,Jose,Lion,Bengal,Omnivore,High,Common
313,Christine,Zebra,Indian,Predator,High,Uncommon
314,Raven,Lion,Mountain,Omnivore,High,Uncommon
315,Jason,Zebra,Siberian,Predator,High,Uncommon
316,Jonathan,Elephant,Indochinese,Predator,Low,Uncommon
317,Kimberly,Elephant,Asian,Predator,Low,Rare
318,Katherine,Cheetah,Asian,Predator,High,Common
319,Melissa,Lion,Snow,Omnivore,Low,Uncommon
320,Brent,Leopard,African,Omnivore,High,Rare
321,Tina,Tiger,Bengal,Herbivore,High,Rare
322,Nicole,Leopard,Bengal,Omnivore,Medium,Rare
323,Nancy,Giraffe,Asian,Predator,Medium,Rare
324,Alicia,Leopard,Siberian,Predator,Medium,Uncommon
325,Andrew,Rhino,Mountain,Herbivore,High,Rare
326,David,Rhino,Mountain,Omnivore,Medium,Common
327,Emily,Lion,Bengal,Omnivore,Low,Rare
328,Jason,Elephant,Asian,Herbivore,High,Rare
329,Ruth,Tiger,Sumatran,Predator,Low,Common
330,Larry,Lion,Arctic,Predator,Low,Common
331,Ryan,Leopard,Indian,Herbivore,Medium,Uncommon
332,Julia,Lion,Snow,Predator,Low,Rare
333,Frederick,Rhino,Mountain,Omnivore,Low,Rare
334,Karen,Giraffe,Indochinese,Herbivore,Low,Common
335,John,Zebra,Mountain,Herbivore,Medium,Rare
336,Shawn,Tiger,Asian,Omnivore,High,Uncommon
337,Hayley,Wolf,Sumatran,Omnivore,High,Uncommon
338,Cody,Giraffe,Asian,Herbivore,Low,Rare
339,Brittany,Zebra,Asian,Herbivore,Medium,Rare
340,Aaron,Lion,Asian,Omnivore,High,Rare
341,Marvin,Lion,Indian,Predator,Low,Common
342,Henry,Cheetah,Siberian,Omnivore,Low,Common
343,Michelle,Giraffe,Indian,Omnivore,Medium,Common
344,Carrie,Tiger,Asian,Herbivore,Low,Uncommon
345,Ana,Giraffe,Arctic,Predator,Medium,Uncommon
346,Nancy,Giraffe,Indian,Herbivore,Medium,Rare
347,Candace,Wolf,Bengal,Omnivore,Low,Rare
348,Jacqueline,Bear,African,Omnivore,Low,Common
349,Gregory,Bear,Mountain,Omnivore,Medium,Rare
350,Natalie,Elephant,Siberian,Herbivore,High,Uncommon
351,Laura,Rhino,Snow,Predator,High,Rare
352,Nancy,Bear,Bengal,Predator,Medium,Uncommon
353,Paula,Lion,Bengal,Omnivore,Low,Rare
354,Melissa,Rhino,Siberian,Omnivore,Medium,Rare
355,Lisa,Bear,African,Herbivore,High,Common
356,Kevin,Elephant,Mountain,Predator,High,Rare
357,Randy,Giraffe,Mountain,Predator,High,Common
358,Chase,Leopard,Indian,Omnivore,High,Rare
359,Richard,Elephant,Snow,Omnivore,High,Uncommon
360,Kevin,Zebra,Indochinese,Herbivore,Low,Uncommon
361,Jessica,Rhino,Bengal,Predator,Medium,Rare
362,Terri,Elephant,Bengal,Predator,Low,Common
363,Michael,Elephant,Indochinese,Herbivore,Low,Common
364,Brian,Wolf,Sumatran,Omnivore,Low,Common
365,Sarah,Wolf,Arctic,Herbivore,Medium,Common
366,Melissa,Zebra,Snow,Herbivore,Low,Uncommon
367,Kyle,Zebra,Siberian,Omnivore,Low,Uncommon
368,Deborah,Leopard,Asian,Herbivore,High,Uncommon
369,Miranda,Elephant,Mountain,Herbivore,Medium,Rare
370,Katherine,Giraffe,Arctic,Omnivore,High,Rare
371,Tina,Giraffe,Siberian,Herbivore,Low,Uncommon
372,Sandra,Zebra,Snow,Omnivore,Medium,Common
373,Victoria,Elephant,Siberian,Herbivore,Low,Common
374,John,Cheetah,Arctic,Predator,High,Uncommon
375,Annette,Wolf,Sumatran,Herbivore,Low,Uncommon
376,Beverly,Giraffe,Bengal,Predator,High,Rare
377,Patrick,Giraffe,Siberian,Herbivore,High,Rare
378,James,Zebra,Siberian,Herbivore,Medium,Common
379,John,Leopard,Snow,Omnivore,Medium,Uncommon
380,Krista,Zebra,Arctic,Herbivore,Low,Common
381,Amy,Leopard,Asian,Predator,Low,Common
382,Krystal,Rhino,Arctic,Omnivore,High,Rare
383,Adam,Bear,Siberian,Omnivore,Low,Common
384,Alejandra,Rhino,Arctic,Omnivore,Medium,Uncommon
385,Anthony,Lion,Siberian,Herbivore,Medium,Common
386,Travis,Cheetah,African,Herbivore,High,Uncommon
387,Madison,Cheetah,Indochinese,Omnivore,Medium,Common
388,Christopher,Wolf,Bengal,Omnivore,High,Rare
389,Jennifer,Wolf,Siberian,Herbivore,Low,Common
390,Amber,Zebra,Indian,Herbivore,Low,Common
391,Thomas,Lion,Snow,Herbivore,Low,Uncommon
392,Christine,Lion,African,Omnivore,Medium,Uncommon
393,Jeffrey,Tiger,Indian,Omnivore,Low,Uncommon
394,Kristen,Cheetah,African,Predator,High,Common
395,Denise,Lion,Mountain,Herbivore,Low,Uncommon
396,Daniel,Cheetah,African,Omnivore,High,Rare
397,Jason,Cheetah,Arctic,Omnivore,Low,Rare
398,Edward,Lion,Bengal,Herbivore,Low,Rare
399,Angela,Lion,Indochinese,Omnivore,Medium,Rare
400,Christina,Lion,Indian,Predator,High,Common
401,Don,Bear,Asian,Herbivore,High,Common
402,Zachary,Leopard,Snow,Omnivore,Medium,Common
403,Michael,Giraffe,Indian,Omnivore,Medium,Rare
404,Todd,Wolf,Mountain,Herbivore,Low,Rare
405,Dale,Tiger,Sumatran,Herbivore,Medium,Rare
406,Paul,Rhino,Asian,Omnivore,High,Uncommon
407,Bonnie,Lion,Indochinese,Omnivore,Low,Rare
408,Kim,Bear,African,Herbivore,Medium,Common
409,Mark,Zebra,Indian,Herbivore,Low,Uncommon
410,Jonathan,Giraffe,Sumatran,Predator,Low,Uncommon
411,Katie,Elephant,Sumatran,Omnivore,High,Uncommon
412,Amanda,Giraffe,Indochinese,Herbivore,Low,Common
413,Shelly,Cheetah,Snow,Omnivore,High,Uncommon
414,Johnny,Wolf,Bengal,Herbivore,High,Rare
415,Brittany,Zebra,Snow,Omnivore,High,Rare
416,Sabrina,Rhino,Sumatran,Omnivore,Medium,Rare
417,Denise,Cheetah,Indochinese,Predator,Low,Common
418,John,Giraffe,Siberian,Predator,Medium,Rare
419,Raymond,Wolf,African,Herbivore,High,Rare
420,Janice,Giraffe,African,Herbivore,High,Rare
421,Jenny,Giraffe,Siberian,Predator,Medium,Uncommon
422,David,Zebra,African,Omnivore,Medium,Rare
423,Linda,Rhino,Sumatran,Omnivore,High,Rare
424,John,Wolf,Indian,Herbivore,Low,Rare
425,Maria,Zebra,African,Omnivore,Medium,Rare
426,Victor,Cheetah,Snow,Omnivore,Medium,Uncommon
427,Kristen,Cheetah,Indochinese,Predator,Medium,Rare
428,John,Bear,Sumatran,Herbivore,High,Rare
429,Catherine,Lion,Indian,Herbivore,Medium,Rare
430,Cynthia,Cheetah,Bengal,Omnivore,High,Uncommon
431,Tina,Tiger,Siberian,Herbivore,High,Uncommon
432,Bryan,Leopard,Asian,Herbivore,Low,Rare
433,Mary,Wolf,Siberian,Herbivore,Medium,Uncommon
434,Richard,Zebra,Asian,Omnivore,Medium,Rare
435,Kyle,Zebra,Snow,Omnivore,Low,Rare
436,Curtis,Bear,Snow,Omnivore,Low,Common
437,Brian,Rhino,Siberian,Omnivore,Low,Rare
438,Jessica,Cheetah,Sumatran,Predator,Medium,Uncommon
439,Stephanie,Cheetah,Arctic,Omnivore,Low,Common
440,Joseph,Leopard,Mountain,Predator,High,Rare
441,Alexis,Rhino,African,Herbivore,Low,Rare
442,Richard,Bear,Arctic,Predator,High,Rare
443,Katherine,Elephant,Asian,Predator,High,Rare
444,Lee,Giraffe,Bengal,Omnivore,High,Uncommon
445,Brian,Lion,Mountain,Predator,Medium,Rare
446,Wyatt,Elephant,African,Herbivore,High,Common
447,Lauren,Elephant,Indian,Herbivore,High,Rare
448,Shelly,Lion,Indochinese,Predator,High,Uncommon
449,Julian,Bear,Snow,Omnivore,Low,Rare
450,Sheila,Elephant,Siberian,Herbivore,Low,Rare
451,Lori,Zebra,African,Herbivore,Low,Common
452,Jennifer,Cheetah,Asian,Herbivore,Low,Rare
453,Christopher,Tiger,Asian,Herbivore,High,Uncommon
454,Mitchell,Zebra,Snow,Omnivore,Low,Rare
455,Kelly,Zebra,Sumatran,Predator,High,Rare
456,Christopher,Lion,Indochinese,Predator,Low,Rare
457,Elizabeth,Zebra,Siberian,Omnivore,Low,Uncommon
458,Leslie,Wolf,African,Predator,Low,Common
459,Nicholas,Zebra,Siberian,Herbivore,Low,Uncommon
460,Courtney,Lion,Indian,Omnivore,Low,Rare
461,Keith,Tiger,Asian,Omnivore,Medium,Rare
462,Oscar,Giraffe,Asian,Predator,Low,Uncommon
463,Steven,Lion,Siberian,Omnivore,Medium,Uncommon
464,Joshua,Cheetah,Arctic,Herbivore,High,Rare
465,Mark,Giraffe,Siberian,Predator,Low,Common
466,Michelle,Leopard,Indian,Omnivore,Medium,Uncommon
467,John,Cheetah,Sumatran,Predator,Low,Rare
468,Alison,Elephant,Bengal,Herbivore,High,Common
469,Suzanne,Leopard,Mountain,Predator,Medium,Common
470,James,Wolf,Indian,Herbivore,High,Common
471,Nicholas,Tiger,Arctic,Predator,Low,Uncommon
472,Anne,Rhino,Siberian,Predator,Low,Rare
473,Andrea,Zebra,African,Omnivore,Low,Rare
474,Amanda,Bear,Sumatran,Omnivore,Low,Common
475,Alexis,Giraffe,African,Omnivore,High,Rare
476,Abigail,Cheetah,Siberian,Herbivore,Medium,Common
477,April,Zebra,Mountain,Omnivore,Medium,Uncommon
478,Melinda,Rhino,Asian,Herbivore,Medium,Rare
479,Jennifer,Lion,African,Predator,High,Uncommon
480,Jared,Elephant,Sumatran,Predator,Low,Common
481,Mark,Bear,Sumatran,Herbivore,Medium,Uncommon
482,Derrick,Cheetah,Asian,Herbivore,Medium,Common
483,Amanda,Bear,Snow,Predator,Low,Common
484,Tamara,Bear,Asian,Predator,Low,Rare
485,Christina,Leopard,Mountain,Omnivore,Medium,Common
486,Dennis,Wolf,Siberian,Omnivore,Low,Uncommon
487,Joe,Wolf,African,Omnivore,High,Uncommon
488,Joe,Lion,Indian,Predator,Medium,Common
489,Lawrence,Elephant,Indian,Predator,Low,Rare
490,Steven,Giraffe,Indian,Omnivore,High,Uncommon
491,Zachary,Giraffe,Indochinese,Predator,Low,Uncommon
492,Ariana,Cheetah,Snow,Herbivore,Medium,Rare
493,Andrew,Tiger,Indian,Omnivore,High,Common
494,Joel,Lion,Asian,Herbivore,Low,Uncommon
495,Joshua,Cheetah,Indochinese,Predator,Low,Uncommon
496,Christopher,Lion,Asian,Predator,Medium,Uncommon
497,Cody,Elephant,Indian,Herbivore,Low,Uncommon
498,Brian,Bear,Snow,Predator,Low,Uncommon
499,Jennifer,Elephant,Asian,Omnivore,Medium,Rare
500,Tiffany,Cheetah,Asian,Herbivore,High,Common
501,Emily,Tiger,Mountain,Omnivore,High,Rare
502,Amber,Zebra,Mountain,Herbivore,High,Common
503,Rebecca,Cheetah,Indochinese,Predator,Low,Common
504,Katie,Wolf,Asian,Herbivore,Medium,Rare
505,Kathleen,Cheetah,Mountain,Omnivore,High,Common
506,Troy,Cheetah,Indian,Predator,Low,Rare
507,David,Rhino,African,Predator,Medium,Common
508,Julie,Bear,Indochinese,Herbivore,High,Common
509,Kathryn,Giraffe,Bengal,Omnivore,Low,Common
510,Mary,Giraffe,Arctic,Omnivore,Low,Common
511,Russell,Wolf,Mountain,Predator,Low,Common
512,Joshua,Rhino,Indochinese,Predator,Low,Uncommon
513,Gary,Lion,Mountain,Herbivore,High,Common
514,Krystal,Zebra,Mountain,Omnivore,High,Common
515,Donna,Giraffe,Snow,Predator,Medium,Common
516,Robert,Giraffe,Snow,Omnivore,Low,Uncommon
517,Melinda,Elephant,Arctic,Omnivore,High,Rare
518,Jeanette,Wolf,Indian,Predator,Low,Rare
519,Amber,Zebra,Mountain,Predator,Low,Rare
520,Adam,Lion,Siberian,Predator,Low,Uncommon
521,Donna,Rhino,Asian,Omnivore,Medium,Common
522,Heather,Giraffe,Arctic,Predator,High,Rare
523,Janet,Tiger,Asian,Predator,Medium,Uncommon
524,Shannon,Zebra,Indian,Herbivore,Low,Common
525,Leslie,Tiger,Sumatran,Omnivore,Medium,Common
526,Lucas,Cheetah,Snow,Omnivore,Medium,Common
527,Jennifer,Zebra,Mountain,Predator,High,Common
528,Wesley,Rhino,Asian,Omnivore,Low,Rare
529,Katherine,Tiger,Mountain,Predator,High,Common
530,Amanda,Giraffe,Siberian,Herbivore,High,Rare
531,Joseph,Giraffe,Mountain,Omnivore,Low,Common
532,Edward,Wolf,Mountain,Herbivore,High,Rare
533,David,Zebra,Arctic,Predator,High,Uncommon
534,William,Elephant,Indian,Predator,Low,Rare
535,Cynthia,Zebra,Indian,Predator,High,Uncommon
536,Susan,Tiger,Mountain,Predator,High,Uncommon
537,Mark,Zebra,Indochinese,Omnivore,Low,Common
538,John,Rhino,African,Predator,Medium,Rare
539,Aaron,Leopard,Asian,Herbivore,Medium,Uncommon
540,Scott,Bear,Bengal,Predator,High,Rare
541,Jacqueline,Tiger,African,Predator,High,Rare
542,Erin,Cheetah,Mountain,Omnivore,Medium,Rare
543,Kevin,Giraffe,Sumatran,Omnivore,High,Common
544,Robert,Tiger,Indian,Omnivore,Low,Common
545,Tracey,Elephant,Arctic,Herbivore,Medium,Rare
546,Matthew,Wolf,Bengal,Omnivore,High,Uncommon
547,Kimberly,Giraffe,Sumatran,Herbivore,High,Rare
548,Brian,Zebra,Arctic,Omnivore,Low,Common
549,Carolyn,Zebra,Indochinese,Predator,Low,Rare
550,Andrea,Elephant,Siberian,Herbivore,Low,Common
551,William,Zebra,Asian,Omnivore,Medium,Common
552,Robert,Zebra,Sumatran,Herbivore,Medium,Rare
553,John,Wolf,African,Omnivore,High,Common
554,Stephanie,Tiger,African,Herbivore,Low,Common
555,Zachary,Lion,Mountain,Predator,Low,Uncommon
556,Jim,Wolf,Siberian,Omnivore,High,Common
557,Kathleen,Cheetah,Bengal,Omnivore,Low,Common
558,Barry,Giraffe,Indian,Omnivore,High,Uncommon
559,Elaine,Cheetah,Sumatran,Omnivore,High,Rare
560,Christopher,Leopard,Siberian,Herbivore,Medium,Common
561,Timothy,Leopard,Asian,Herbivore,Low,Rare
562,Gloria,Bear,Mountain,Omnivore,Medium,Uncommon
563,Cody,Tiger,Indochinese,Omnivore,Medium,Common
564,Robert,Cheetah,Mountain,Omnivore,Low,Uncommon
565,Aaron,Giraffe,Indian,Omnivore,High,Rare
566,Thomas,Leopard,Indochinese,Herbivore,Medium,Common
567,Daniel,Giraffe,Sumatran,Predator,Low,Uncommon
568,Michele,Giraffe,Arctic,Predator,Low,Uncommon
569,William,Cheetah,Indian,Herbivore,High,Rare
570,Elizabeth,Rhino,Indochinese,Herbivore,Low,Rare
571,Jonathan,Rhino,Bengal,Herbivore,High,Uncommon
572,Melissa,Bear,Indochinese,Omnivore,Medium,Common
573,Thomas,Bear,Sumatran,Omnivore,Low,Rare
574,Edward,Rhino,African,Herbivore,Medium,Common
575,Miguel,Wolf,Arctic,Predator,Medium,Uncommon
576,Christina,Elephant,Mountain,Predator,Medium,Rare
577,Robert,Leopard,Bengal,Predator,Low,Rare
578,Nicole,Cheetah,Indian,Herbivore,Medium,Uncommon
579,Vanessa,Bear,Snow,Predator,High,Common
580,Deborah,Elephant,Indochinese,Predator,Medium,Uncommon
581,Adam,Wolf,Snow,Omnivore,Low,Rare
582,Stephen,Cheetah,Asian,Herbivore,Medium,Common
583,Christopher,Elephant,Siberian,Predator,Low,Common
584,Kathleen,Zebra,Indian,Omnivore,Medium,Common
585,Michael,Rhino,Asian,Herbivore,Medium,Rare
586,Ruth,Tiger,Indian,Herbivore,Low,Common
587,Thomas,Leopard,Siberian,Omnivore,High,Uncommon
588,Brian,Elephant,Snow,Omnivore,Low,Rare
589,Courtney,Cheetah,Snow,Omnivore,Medium,Rare
590,Amanda,Tiger,Mountain,Predator,Low,Common
591,Adam,Giraffe,African,Predator,Low,Common
592,Ryan,Lion,Indochinese,Omnivore,High,Rare
593,Ralph,Zebra,Snow,Herbivore,Medium,Rare
594,Andrew,Giraffe,Arctic,Herbivore,Medium,Rare
595,Alyssa,Zebra,Arctic,Herbivore,Medium,Rare
596,Ronald,Zebra,Arctic,Herbivore,Low,Uncommon
597,Jeffrey,Tiger,Siberian,Omnivore,Medium,Rare
598,Diane,Tiger,Sumatran,Predator,Low,Common
599,Kristen,Rhino,Sumatran,Omnivore,Medium,Uncommon
600,Jason,Bear,Sumatran,Predator,Medium,Rare
601,David,Rhino,Indochinese,Omnivore,Low,Uncommon
602,Robert,Zebra,African,Omnivore,Medium,Common
603,Amanda,Elephant,Sumatran,Omnivore,High,Uncommon
604,Peter,Wolf,Siberian,Herbivore,Medium,Common
605,Brandon,Zebra,Arctic,Predator,High,Common
606,Melissa,Leopard,African,Predator,Low,Rare
607,Natalie,Rhino,Mountain,Herbivore,Low,Uncommon
608,Brendan,Lion,Indian,Omnivore,Medium,Uncommon
609,Jacqueline,Bear,Siberian,Omnivore,Medium,Uncommon
610,Debbie,Giraffe,Indochinese,Omnivore,Medium,Uncommon
611,James,Elephant,Sumatran,Herbivore,Medium,Rare
612,Sherri,Tiger,Indochinese,Predator,High,Uncommon
613,Jeremy,Cheetah,African,Herbivore,Low,Common
614,Bruce,Bear,Sumatran,Herbivore,Medium,Common
615,Sarah,Zebra,Siberian,Herbivore,High,Common
616,Kyle,Tiger,Bengal,Omnivore,Medium,Common
617,Peter,Wolf,Sumatran,Predator,High,Uncommon
618,Emily,Zebra,Indian,Predator,High,Common
619,Carlos,Giraffe,Siberian,Predator,Low,Common
620,John,Tiger,Siberian,Herbivore,High,Common
621,Sean,Cheetah,African,Predator,High,Rare
622,Julia,Leopard,African,Predator,Medium,Common
623,Ryan,Rhino,Indian,Herbivore,Low,Uncommon
624,Tina,Elephant,Sumatran,Herbivore,Medium,Rare
625,Caleb,Lion,Indian,Herbivore,Medium,Uncommon
626,Kathleen,Lion,African,Omnivore,High,Common
627,Gregory,Elephant,Arctic,Herbivore,High,Uncommon
628,Wendy,Lion,Mountain,Predator,Low,Uncommon
629,William,Lion,Mountain,Herbivore,Low,Common
630,Robert,Wolf,Indian,Predator,Medium,Rare
631,Marilyn,Zebra,Asian,Omnivore,Medium,Uncommon
632,Caroline,Cheetah,Mountain,Omnivore,Low,Rare
633,Carolyn,Cheetah,Mountain,Omnivore,High,Rare
634,Ryan,Bear,Mountain,Predator,Low,Uncommon
635,Deborah,Zebra,African,Herbivore,Medium,Common
636,Sherry,Wolf,African,Predator,Medium,Common
637,Pamela,Wolf,Siberian,Herbivore,Low,Common
638,Jason,Wolf,Indian,Herbivore,High,Uncommon
639,Douglas,Giraffe,Bengal,Herbivore,Low,Common
640,Amy,Tiger,Mountain,Omnivore,Medium,Uncommon
641,Nicole,Zebra,Sumatran,Omnivore,High,Common
642,Cheryl,Wolf,Siberian,Predator,Medium,Common
643,Ricky,Zebra,Asian,Herbivore,Low,Uncommon
644,Michelle,Bear,Sumatran,Omnivore,Low,Rare
645,Pamela,Zebra,Asian,Omnivore,High,Common
646,Michael,Cheetah,Arctic,Predator,Low,Uncommon
647,Ryan,Bear,Sumatran,Herbivore,Low,Common
648,Tiffany,Lion,Sumatran,Predator,High,Uncommon
649,Lindsay,Bear,Bengal,Omnivore,Medium,Uncommon
650,Joseph,Zebra,Siberian,Predator,High,Common
651,Pamela,Tiger,Arctic,Omnivore,Low,Common
652,Tracy,Zebra,Snow,Omnivore,Medium,Uncommon
653,Rebecca,Leopard,African,Omnivore,Medium,Rare
654,Kristen,Rhino,Asian,Omnivore,High,Common
655,Robin,Giraffe,Asian,Predator,Low,Rare
656,Sandra,Bear,Sumatran,Omnivore,Low,Common
657,Jamie,Bear,Asian,Predator,High,Common
658,Amber,Giraffe,African,Predator,Medium,Rare
659,Dana,Cheetah,Indian,Predator,Medium,Rare
660,Amanda,Tiger,Mountain,Omnivore,Medium,Common
661,John,Leopard,Indian,Herbivore,Low,Uncommon
662,Heather,Elephant,Asian,Herbivore,Medium,Rare
663,Gregory,Leopard,Arctic,Predator,Low,Common
664,Michele,Rhino,Bengal,Omnivore,High,Rare
665,Samuel,Giraffe,Indian,Herbivore,High,Rare
666,Jose,Rhino,Asian,Herbivore,Medium,Uncommon
667,Jeffery,Cheetah,Arctic,Herbivore,High,Uncommon
668,James,Lion,Indian,Omnivore,Low,Common
669,Marissa,Zebra,Asian,Omnivore,Medium,Common
670,Andres,Elephant,Snow,Predator,Medium,Uncommon
671,David,Tiger,Snow,Predator,Low,Uncommon
672,Kathleen,Bear,Indian,Omnivore,Low,Common
673,Randy,Tiger,Indochinese,Herbivore,Medium,Common
674,Lori,Lion,Arctic,Predator,Medium,Uncommon
675,Gregory,Lion,Siberian,Herbivore,Medium,Common
676,Jennifer,Bear,Arctic,Herbivore,High,Common
677,Alicia,Giraffe,Arctic,Herbivore,Medium,Rare
678,Monica,Tiger,Siberian,Herbivore,High,Uncommon
679,Morgan,Lion,Sumatran,Omnivore,Medium,Common
680,Jacqueline,Elephant,Sumatran,Predator,Low,Common
681,Joshua,Tiger,Mountain,Predator,Medium,Common
682,Alicia,Wolf,Asian,Predator,High,Uncommon
683,Teresa,Rhino,African,Omnivore,Low,Common
684,Aaron,Rhino,African,Predator,High,Uncommon
685,John,Cheetah,Siberian,Herbivore,Low,Uncommon
686,Brian,Tiger,Bengal,Predator,Medium,Uncommon
687,Brian,Cheetah,Snow,Omnivore,Low,Common
688,Tina,Elephant,Siberian,Predator,High,Rare
689,Peter,Bear,Indochinese,Omnivore,Low,Rare
690,Morgan,Giraffe,Indochinese,Omnivore,Medium,Uncommon
691,Elizabeth,Lion,Indian,Predator,Medium,Common
692,Thomas,Wolf,Bengal,Omnivore,High,Uncommon
693,Robert,Rhino,Sumatran,Omnivore,High,Uncommon
694,George,Leopard,Indian,Predator,High,Uncommon
695,Michael,Bear,Sumatran,Herbivore,Low,Rare
696,Richard,Zebra,Indochinese,Herbivore,High,Rare
697,Kyle,Bear,Indochinese,Omnivore,Low,Uncommon
698,Erik,Wolf,Snow,Omnivore,Medium,Uncommon
699,Catherine,Rhino,Indian,Omnivore,Medium,Uncommon
700,Christopher,Rhino,Bengal,Herbivore,High,Uncommon
701,Kevin,Zebra,Indochinese,Predator,High,Uncommon
702,Sonia,Giraffe,Arctic,Predator,High,Uncommon
703,Martin,Lion,African,Predator,Medium,Common
704,James,Wolf,Indian,Herbivore,Medium,Uncommon
705,Pedro,Leopard,Mountain,Herbivore,Medium,Common
706,Jeremy,Tiger,Arctic,Omnivore,High,Uncommon
707,Cynthia,Leopard,Indian,Omnivore,High,Uncommon
708,Vicki,Zebra,Mountain,Predator,High,Common
709,Richard,Leopard,Bengal,Omnivore,Low,Rare
710,Gary,Rhino,Bengal,Herbivore,Low,Common
711,Chad,Tiger,African,Omnivore,Low,Rare
712,Danielle,Lion,Siberian,Predator,Low,Uncommon
713,Peter,Elephant,Indochinese,Herbivore,High,Rare
714,Scott,Rhino,Asian,Omnivore,High,Rare
715,Austin,Zebra,Asian,Herbivore,Low,Uncommon
716,Brittany,Lion,Siberian,Omnivore,High,Common
717,Christy,Elephant,Arctic,Predator,Low,Common
718,Colleen,Giraffe,Asian,Herbivore,Medium,Common
719,Michael,Giraffe,Indochinese,Predator,Low,Common
720,Nicole,Bear,Snow,Herbivore,Low,Uncommon
721,Jack,Bear,Bengal,Predator,Low,Common
722,Brittany,Rhino,Indian,Herbivore,Low,Common
723,Linda,Wolf,Indochinese,Predator,Medium,Common
724,Dana,Bear,Asian,Herbivore,Medium,Common
725,Emily,Tiger,Mountain,Omnivore,Medium,Rare
726,Michelle,Zebra,Snow,Predator,Low,Rare
727,Kathleen,Giraffe,Mountain,Herbivore,High,Common
728,Kelly,Cheetah,African,Omnivore,High,Uncommon
729,Jodi,Tiger,Sumatran,Predator,Medium,Uncommon
730,Sarah,Leopard,Sumatran,Omnivore,High,Rare
731,David,Wolf,Arctic,Omnivore,Medium,Uncommon
732,Micheal,Zebra,Indochinese,Omnivore,Medium,Uncommon
733,Vanessa,Zebra,Bengal,Predator,Medium,Rare
734,Donna,Leopard,Indochinese,Omnivore,High,Uncommon
735,Nancy,Lion,Indian,Herbivore,Medium,Uncommon
736,Joshua,Rhino,Sumatran,Herbivore,Medium,Rare
737,Cameron,Leopard,Indochinese,Omnivore,High,Common
738,Melanie,Zebra,Siberian,Omnivore,Low,Rare
739,Emily,Wolf,African,Predator,Medium,Rare
740,Tammy,Rhino,African,Omnivore,Medium,Rare
741,Danny,Leopard,Mountain,Herbivore,Low,Common
742,Erin,Lion,Bengal,Omnivore,Low,Uncommon
743,Steve,Wolf,Siberian,Herbivore,Medium,Common
744,Tiffany,Giraffe,Arctic,Omnivore,Medium,Rare
745,Taylor,Leopard,Indochinese,Predator,Medium,Uncommon
746,Kathryn,Leopard,Bengal,Herbivore,Medium,Rare
747,Sarah,Cheetah,Mountain,Herbivore,High,Rare
748,Justin,Lion,Bengal,Omnivore,Medium,Rare
749,Yolanda,Rhino,Snow,Omnivore,High,Common
750,Elizabeth,Leopard,Indochinese,Predator,Low,Rare
751,Jane,Wolf,Siberian,Omnivore,Low,Uncommon
752,Amy,Zebra,Bengal,Herbivore,High,Common
753,David,Wolf,Asian,Herbivore,Medium,Uncommon
754,Brian,Giraffe,Sumatran,Omnivore,High,Rare
755,Anita,Lion,Mountain,Herbivore,High,Uncommon
756,Garrett,Wolf,Sumatran,Omnivore,Medium,Common
757,Terri,Tiger,Indochinese,Herbivore,High,Uncommon
758,Bonnie,Lion,Snow,Omnivore,Medium,Rare
759,Alexander,Giraffe,Mountain,Omnivore,Medium,Common
760,Jodi,Zebra,African,Predator,Medium,Common
761,Timothy,Leopard,Mountain,Predator,High,Common
762,Jackson,Leopard,Indochinese,Predator,High,Common
763,David,Rhino,Snow,Herbivore,High,Rare
764,Judy,Lion,Asian,Omnivore,High,Common
765,Jillian,Rhino,Siberian,Herbivore,Low,Rare
766,Brandon,Bear,Mountain,Omnivore,High,Common
767,Ruth,Giraffe,Snow,Herbivore,Low,Rare
768,Kyle,Zebra,Siberian,Predator,Low,Rare
769,Trevor,Rhino,Mountain,Herbivore,High,Rare
770,Travis,Rhino,Siberian,Herbivore,Low,Uncommon
771,Laurie,Rhino,Sumatran,Herbivore,Medium,Uncommon
772,Jennifer,Cheetah,Bengal,Omnivore,Medium,Uncommon
773,Karen,Tiger,Indian,Herbivore,High,Uncommon
774,Amy,Elephant,Bengal,Omnivore,Low,Uncommon
775,Stacy,Wolf,African,Predator,Low,Uncommon
776,Robin,Giraffe,Mountain,Predator,Low,Uncommon
777,Vanessa,Cheetah,Sumatran,Herbivore,High,Common
778,Jacob,Bear,Bengal,Herbivore,High,Uncommon
779,Robert,Lion,Indochinese,Predator,Low,Rare
780,Teresa,Elephant,Arctic,Herbivore,High,Rare
781,Jasmine,Giraffe,Indian,Omnivore,High,Rare
782,Michael,Giraffe,Indian,Herbivore,Medium,Rare
783,Samantha,Elephant,Asian,Omnivore,Low,Common
784,Mikayla,Zebra,Bengal,Herbivore,High,Uncommon
785,Shelley,Elephant,Indian,Predator,Low,Uncommon
786,Amanda,Elephant,Indochinese,Omnivore,Low,Rare
787,Eric,Lion,Mountain,Omnivore,High,Rare
788,Laura,Lion,Mountain,Herbivore,Low,Common
789,Charles,Lion,Siberian,Herbivore,High,Common
790,David,Zebra,African,Herbivore,High,Common
791,Richard,Leopard,Asian,Predator,Low,Common
792,Shawn,Zebra,Indochinese,Omnivore,Medium,Rare
793,Paula,Cheetah,Indochinese,Predator,Medium,Common
794,Patricia,Cheetah,Sumatran,Predator,Low,Rare
795,Lisa,Wolf,Asian,Omnivore,Low,Uncommon
796,Christopher,Wolf,Indian,Herbivore,High,Uncommon
797,Sarah,Elephant,Arctic,Omnivore,Low,Uncommon
798,Troy,Giraffe,Sumatran,Omnivore,Low,Uncommon
799,Christy,Rhino,Asian,Omnivore,Medium,Rare
800,Hannah,Cheetah,Indian,Omnivore,High,Common
801,Stephen,Leopard,Siberian,Predator,Medium,Rare
802,Jenna,Rhino,Arctic,Herbivore,Low,Rare
803,Michael,Lion,African,Herbivore,Low,Rare
804,Brian,Wolf,Siberian,Predator,Medium,Uncommon
805,Debbie,Zebra,Indochinese,Predator,Medium,Common
806,Johnny,Cheetah,Arctic,Predator,Medium,Uncommon
807,Gregory,Elephant,Snow,Predator,Low,Uncommon
808,David,Giraffe,Siberian,Herbivore,High,Common
809,Suzanne,Wolf,Arctic,Predator,High,Rare
810,Andrew,Cheetah,Indochinese,Omnivore,Low,Rare
811,Beverly,Bear,African,Predator,Medium,Uncommon
812,John,Lion,Arctic,Predator,High,Uncommon
813,Brandon,Zebra,Asian,Predator,Low,Uncommon
814,Kevin,Elephant,Arctic,Omnivore,Low,Uncommon
815,Jessica,Zebra,Indochinese,Herbivore,Low,Rare
816,Jay,Tiger,African,Predator,High,Uncommon
817,Willie,Wolf,Bengal,Herbivore,Medium,Common
818,Patricia,Tiger,Asian,Predator,High,Uncommon
819,Alexandra,Lion,African,Herbivore,Low,Uncommon
820,Amy,Elephant,Indochinese,Predator,Low,Uncommon
821,Rita,Zebra,Indian,Omnivore,Medium,Common
822,Patrick,Cheetah,Indochinese,Herbivore,High,Rare
823,Donna,Wolf,Indochinese,Omnivore,Low,Uncommon
824,Christian,Zebra,Asian,Herbivore,Low,Uncommon
825,Mitchell,Zebra,Arctic,Predator,Low,Common
826,Sarah,Elephant,Indian,Herbivore,High,Rare
827,Melissa,Leopard,Bengal,Herbivore,Medium,Rare
828,Jason,Cheetah,Mountain,Herbivore,Low,Rare
829,Shannon,Giraffe,Snow,Herbivore,Medium,Uncommon
830,Robin,Lion,Mountain,Omnivore,Medium,Uncommon
831,Luke,Elephant,Snow,Herbivore,Low,Rare
832,Kevin,Rhino,Snow,Omnivore,Low,Rare
833,Zachary,Wolf,Mountain,Omnivore,Medium,Uncommon
834,Karen,Leopard,Mountain,Omnivore,High,Uncommon
835,Eric,Rhino,Sumatran,Predator,Low,Uncommon
836,Sally,Giraffe,Sumatran,Predator,Low,Rare
837,Lawrence,Giraffe,Arctic,Predator,Medium,Common
838,Stephanie,Lion,Arctic,Predator,High,Rare
839,Patricia,Zebra,African,Omnivore,Low,Rare
840,Benjamin,Tiger,Indian,Omnivore,High,Uncommon
841,Carolyn,Lion,Sumatran,Omnivore,High,Uncommon
842,Patrick,Tiger,Asian,Omnivore,Low,Common
843,Kimberly,Lion,African,Herbivore,Low,Rare
844,Karen,Leopard,Indian,Predator,Low,Rare
845,Lisa,Elephant,Asian,Omnivore,Medium,Rare
846,Christine,Wolf,Indian,Herbivore,High,Rare
847,Kenneth,Rhino,Siberian,Predator,Medium,Common
848,Becky,Lion,Indian,Omnivore,Medium,Uncommon
849,Michelle,Tiger,Arctic,Omnivore,Medium,Common
850,Scott,Rhino,African,Herbivore,Low,Common
851,John,Tiger,Indochinese,Predator,Low,Rare
852,Julia,Giraffe,Indochinese,Omnivore,Medium,Rare
853,Yesenia,Wolf,Mountain,Herbivore,Low,Uncommon
854,Jill,Leopard,Siberian,Herbivore,High,Common
855,Amy,Giraffe,Bengal,Predator,Low,Rare
856,Steven,Elephant,Asian,Omnivore,Low,Rare
857,Angela,Zebra,Siberian,Herbivore,High,Uncommon
858,Matthew,Lion,African,Omnivore,High,Uncommon
859,Sean,Lion,Mountain,Herbivore,Medium,Uncommon
860,Nathan,Giraffe,Mountain,Predator,High,Uncommon
861,Anthony,Elephant,Sumatran,Predator,Low,Common
862,Jonathan,Lion,Indochinese,Herbivore,Low,Rare
863,Oscar,Zebra,Mountain,Predator,Medium,Common
864,Oscar,Rhino,Mountain,Herbivore,Medium,Rare
865,Joseph,Bear,Bengal,Omnivore,High,Rare
866,William,Elephant,Mountain,Omnivore,High,Common
867,Vanessa,Wolf,Snow,Herbivore,Low,Uncommon
868,Ian,Cheetah,African,Omnivore,Low,Common
869,Kevin,Zebra,Siberian,Herbivore,High,Rare
870,Kimberly,Cheetah,Indian,Omnivore,Medium,Common
871,Nancy,Cheetah,Indochinese,Predator,Low,Rare
872,Jill,Bear,Mountain,Herbivore,High,Rare
873,Ashley,Bear,African,Predator,High,Uncommon
874,Beth,Elephant,African,Omnivore,Medium,Common
875,Emily,Elephant,Sumatran,Omnivore,Low,Common
876,Michael,Lion,Mountain,Predator,High,Common
877,Lisa,Elephant,African,Omnivore,Low,Rare
878,Vanessa,Wolf,Indian,Omnivore,High,Uncommon
879,John,Rhino,Sumatran,Predator,Low,Rare
880,Laura,Bear,Mountain,Omnivore,Medium,Rare
881,Kyle,Elephant,Sumatran,Herbivore,Low,Common
882,Austin,Rhino,Indian,Predator,Medium,Common
883,James,Bear,Indian,Predator,Low,Uncommon
884,Brian,Elephant,Snow,Herbivore,Low,Common
885,Jennifer,Lion,Asian,Predator,High,Common
886,Chelsea,Rhino,Snow,Omnivore,Medium,Uncommon
887,Russell,Zebra,Bengal,Herbivore,High,Uncommon
888,Gloria,Cheetah,Indochinese,Predator,High,Common
889,Courtney,Wolf,Bengal,Predator,Low,Rare
890,Kimberly,Wolf,Snow,Predator,Low,Common
891,April,Leopard,Asian,Omnivore,High,Uncommon
892,Whitney,Cheetah,Asian,Herbivore,High,Common
893,Laura,Zebra,Indochinese,Herbivore,Low,Common
894,Rhonda,Lion,Siberian,Herbivore,High,Rare
895,Robin,Giraffe,Siberian,Omnivore,Low,Rare
896,Thomas,Wolf,Indochinese,Herbivore,Medium,Uncommon
897,Emily,Zebra,Indochinese,Herbivore,Low,Common
898,Matthew,Giraffe,Snow,Omnivore,High,Rare
899,Alexandra,Elephant,Indochinese,Herbivore,Low,Rare
900,Kyle,Elephant,Sumatran,Omnivore,Medium,Common
901,Roberto,Bear,Sumatran,Omnivore,Low,Uncommon
902,Lauren,Giraffe,Asian,Omnivore,High,Uncommon
903,Adrian,Bear,Arctic,Omnivore,Medium,Common
904,Melissa,Tiger,Asian,Herbivore,High,Uncommon
905,Ronald,Leopard,Siberian,Omnivore,Low,Rare
906,Douglas,Elephant,Indochinese,Predator,High,Rare
907,Shannon,Elephant,African,Omnivore,Low,Common
908,Matthew,Bear,Sumatran,Predator,Medium,Uncommon
909,Jeffrey,Giraffe,Indochinese,Predator,Low,Common
910,Philip,Giraffe,Indochinese,Herbivore,Medium,Common
911,Lee,Rhino,Indian,Herbivore,Medium,Common
912,April,Zebra,Indian,Omnivore,Low,Uncommon
913,Robert,Rhino,Siberian,Herbivore,High,Rare
914,Sharon,Rhino,Arctic,Herbivore,High,Uncommon
915,Joel,Lion,Mountain,Predator,High,Common
916,Gregory,Zebra,Indochinese,Predator,Medium,Rare
917,Maria,Elephant,Indian,Herbivore,Low,Common
918,Gloria,Giraffe,Sumatran,Herbivore,Medium,Common
919,Kimberly,Wolf,Arctic,Omnivore,Low,Common
920,Virginia,Lion,Indian,Herbivore,Medium,Uncommon
921,Debra,Zebra,Mountain,Predator,Medium,Uncommon
922,Tiffany,Bear,Indian,Omnivore,Medium,Uncommon
923,Johnny,Giraffe,Indian,Omnivore,High,Uncommon
924,Jason,Bear,Asian,Herbivore,High,Uncommon
925,Gregory,Zebra,Arctic,Herbivore,High,Common
926,Craig,Elephant,African,Predator,Medium,Rare
927,Hannah,Tiger,Indochinese,Predator,Low,Uncommon
928,Meagan,Rhino,Indian,Predator,High,Rare
929,Amy,Elephant,Bengal,Predator,Low,Rare
930,Jacqueline,Rhino,African,Predator,Medium,Common
931,Stephanie,Bear,Mountain,Predator,Medium,Uncommon
932,Anthony,Leopard,Siberian,Omnivore,Low,Common
933,Amanda,Giraffe,Snow,Herbivore,Medium,Rare
934,Melanie,Leopard,Sumatran,Omnivore,Medium,Common
935,Kurt,Elephant,Arctic,Herbivore,Low,Uncommon
936,Wendy,Zebra,African,Omnivore,Low,Rare
937,David,Giraffe,Siberian,Herbivore,Low,Uncommon
938,Christopher,Cheetah,Sumatran,Omnivore,Medium,Rare
939,Eric,Tiger,Sumatran,Predator,Medium,Common
940,Matthew,Leopard,Sumatran,Herbivore,Medium,Uncommon
941,John,Tiger,Indochinese,Omnivore,High,Common
942,Angela,Elephant,Siberian,Omnivore,High,Uncommon
943,Matthew,Wolf,Bengal,Herbivore,Medium,Uncommon
944,Elizabeth,Elephant,Mountain,Herbivore,Low,Common
945,Andrew,Rhino,Sumatran,Herbivore,Low,Uncommon
946,Jessica,Elephant,Indochinese,Omnivore,Low,Rare
947,Benjamin,Leopard,Arctic,Omnivore,Low,Common
948,Richard,Leopard,Asian,Herbivore,Medium,Common
949,Paul,Tiger,Bengal,Predator,Low,Rare
950,Amy,Lion,Indochinese,Omnivore,Low,Common
951,Kimberly,Cheetah,Bengal,Herbivore,Medium,Uncommon
952,Michael,Bear,Asian,Herbivore,Low,Common
953,Christopher,Elephant,African,Omnivore,Low,Uncommon
954,David,Wolf,Mountain,Omnivore,Low,Uncommon
955,Samantha,Giraffe,African,Omnivore,High,Uncommon
956,Jason,Wolf,Snow,Omnivore,Low,Common
957,Emily,Giraffe,Asian,Omnivore,Medium,Rare
958,Nicholas,Bear,Snow,Omnivore,Medium,Uncommon
959,Antonio,Lion,Arctic,Predator,Medium,Rare
960,Melissa,Elephant,Arctic,Herbivore,Low,Rare
961,Sandra,Zebra,Arctic,Omnivore,Medium,Common
962,Kevin,Wolf,Snow,Predator,High,Common
963,Courtney,Rhino,Snow,Omnivore,Low,Rare
964,Brooke,Wolf,Mountain,Herbivore,High,Common
965,Antonio,Cheetah,Mountain,Herbivore,Low,Uncommon
966,Leslie,Tiger,Siberian,Predator,Low,Common
967,Diana,Wolf,Arctic,Omnivore,Low,Rare
968,Samantha,Cheetah,African,Omnivore,Medium,Uncommon
969,Bonnie,Lion,Sumatran,Herbivore,Low,Uncommon
970,Jimmy,Giraffe,Bengal,Predator,High,Rare
971,Zachary,Cheetah,Arctic,Herbivore,Low,Uncommon
972,Bill,Lion,Sumatran,Omnivore,High,Common
973,Joan,Leopard,Arctic,Omnivore,Low,Rare
974,Angelica,Elephant,Indochinese,Herbivore,High,Uncommon
975,Lauren,Lion,Asian,Predator,Medium,Uncommon
976,Michelle,Bear,Bengal,Herbivore,Medium,Common
977,Crystal,Elephant,Sumatran,Predator,High,Uncommon
978,Sharon,Leopard,Indian,Omnivore,Low,Common
979,Andrea,Tiger,African,Predator,Medium,Common
980,Zachary,Wolf,Indian,Herbivore,High,Uncommon
981,Rodney,Giraffe,Sumatran,Herbivore,Low,Uncommon
982,Bianca,Tiger,Indochinese,Omnivore,Medium,Uncommon
983,Patrick,Cheetah,Bengal,Herbivore,Low,Common
984,Robert,Lion,Arctic,Predator,Medium,Rare
985,Mckenzie,Cheetah,Mountain,Omnivore,High,Rare
986,Robert,Rhino,Asian,Omnivore,Low,Common
987,Steve,Bear,Arctic,Omnivore,Medium,Common
988,Linda,Cheetah,Sumatran,Omnivore,Low,Common
989,Melissa,Bear,Bengal,Predator,High,Common
990,Pamela,Giraffe,Siberian,Herbivore,Medium,Common
991,Christopher,Lion,Bengal,Omnivore,High,Common
992,Michael,Elephant,Snow,Omnivore,High,Rare
993,Victor,Lion,Siberian,Predator,High,Common
994,Lauren,Wolf,Asian,Herbivore,Low,Common
995,Stephanie,Bear,Siberian,Herbivore,Medium,Rare
996,Michele,Zebra,Indochinese,Omnivore,High,Common
997,Carol,Giraffe,Siberian,Predator,Medium,Rare
998,Lisa,Wolf,Mountain,Omnivore,High,Uncommon
999,Gabriella,Leopard,Bengal,Herbivore,Low,Common
1000,Kristina,Leopard,Asian,Herbivore,Low,Uncommon
